REGIAO:;SE
UF:;RJ
ESTACAO:;RIO DE JANEIRO-MARAMBAIA
CODIGO (WMO):;A602
LATITUDE:;-23,05027777
LONGITUDE:;-43,59555555
ALTITUDE:;12
DATA DE FUNDACAO:;08/11/02
Data;Hora UTC;PRECIPITAÇÃO TOTAL, HORÁRIO (mm);PRESSAO ATMOSFERICA AO NIVEL DA ESTACAO, HORARIA (mB);PRESSÃO ATMOSFERICA MAX.NA HORA ANT. (AUT) (mB);PRESSÃO ATMOSFERICA MIN. NA HORA ANT. (AUT) (mB);RADIACAO GLOBAL (Kj/m²);TEMPERATURA DO AR - BULBO SECO, HORARIA (°C);TEMPERATURA DO PONTO DE ORVALHO (°C);TEMPERATURA MÁXIMA NA HORA ANT. (AUT) (°C);TEMPERATURA MÍNIMA NA HORA ANT. (AUT) (°C);TEMPERATURA ORVALHO MAX. NA HORA ANT. (AUT) (°C);TEMPERATURA ORVALHO MIN. NA HORA ANT. (AUT) (°C);UMIDADE REL. MAX. NA HORA ANT. (AUT) (%);UMIDADE REL. MIN. NA HORA ANT. (AUT) (%);UMIDADE RELATIVA DO AR, HORARIA (%);VENTO, DIREÇÃO HORARIA (gr) (° (gr));VENTO, RAJADA MAXIMA (m/s);VENTO, VELOCIDADE HORARIA (m/s);
2026/01/01;0000 UTC;0;1009,7;1009,7;1009,2;;26,5;23,4;27,1;26,5;23,8;22,2;83;75;83;262;5,3;1,4;
2026/01/01;0100 UTC;0;1010;1010;1009,7;;27,3;24,5;27,7;26,5;25,1;23,5;87;82;85;156;2,7;1,8;
2026/01/01;0200 UTC;0;1009,7;1010,1;1009,7;;25,3;23,1;27,7;25,3;25,3;23,1;88;85;88;70;3;1,4;
2026/01/01;0300 UTC;0;1009,5;1009,7;1009,5;;25,1;23;25,5;25,1;23,3;23;88;87;88;9;2,5;1,3;
2026/01/01;0400 UTC;0;1008,9;1009,5;1008,9;;24,7;23,1;25,2;24,6;23,3;22,7;91;88;91;330;2,3;1,8;
2026/01/01;0500 UTC;0;1008;1009;1008;;24,8;23,3;25,2;24,7;23,6;23,1;92;90;91;23;2,3;,8;
2026/01/01;0600 UTC;0;1007,4;1008;1007,4;;24,7;23,5;25,2;24,5;23,9;23,1;93;91;93;26;2,8;2;
2026/01/01;0700 UTC;0;1006,9;1007,4;1006,8;;24,8;23,6;24,9;24,7;23,8;23,4;94;93;94;17;3,3;1,6;
2026/01/01;0800 UTC;0;1007,1;1007,1;1006,8;;24,5;23,5;25;24,5;23,9;23,5;94;94;94;10;2,5;1,8;
2026/01/01;0900 UTC;0;1007,2;1007,2;1007;;25,1;24,2;25,1;24,5;24,2;23,5;95;94;95;16;3,9;2,8;
2026/01/01;1000 UTC;0;1007,5;1007,5;1007,2;;27,9;24,2;27,9;25,1;25,1;24,2;95;81;81;19;4;2,1;
2026/01/01;1100 UTC;0;1007,7;1007,7;1007,4;;31,6;22,5;31,7;27,9;24,2;22,3;81;58;59;8;7,1;3,2;
2026/01/01;1200 UTC;0;1007,4;1007,8;1007,4;;33,1;21,2;34,1;31,6;22,8;19,8;59;46;50;357;8,6;4,6;
2026/01/01;1300 UTC;0;1007,3;1007,4;1007,2;;30,8;24,1;36,5;30,7;24,1;20,4;68;41;68;182;8,6;3,6;
2026/01/01;1400 UTC;0;1007,2;1007,4;1007,2;;29,3;24,1;30,7;28,4;25,7;24,1;83;68;74;157;7,9;6,3;
2026/01/01;1500 UTC;0;1006,8;1007,3;1006,7;;29,5;24,5;30,4;29,1;24,9;23,8;76;71;75;162;7,7;5,6;
2026/01/01;1600 UTC;0;1006,3;1006,8;1006,3;;30,2;25,1;30,2;29,1;25,4;24,1;76;73;74;159;6,9;5;
2026/01/01;1700 UTC;0;1005,4;1006,3;1005,3;;29,1;24,9;30,2;28,9;25,5;24,6;80;73;78;155;6,4;5;
2026/01/01;1800 UTC;0;1004,3;1005,4;1004,3;;29,1;24,7;29,3;28,3;25,3;24,3;81;77;77;158;6,9;5,9;
2026/01/01;1900 UTC;0;1003,6;1004,4;1003,6;;28,8;24,7;29,8;28,4;25,1;24,4;81;75;79;144;7,1;5,5;
2026/01/01;2000 UTC;0;1004;1004,1;1003,6;;31,2;22,7;31,3;28,8;25,1;22,5;79;60;61;70;6,6;2,3;
2026/01/01;2100 UTC;0;1004,3;1004,3;1004;;30,6;23,2;31,2;30,5;23,2;22,5;64;61;64;14;4,7;,9;
2026/01/01;2200 UTC;0;1004,7;1004,8;1004,2;;29,7;22,5;30,6;29,7;24,2;22,5;70;64;66;3;3,5;2,3;
2026/01/01;2300 UTC;0;1005;1005;1004,7;;28;23,6;29,7;28;23,7;22,3;77;65;77;57;3,5;1,3;
2026/01/02;0000 UTC;0;1005,5;1005,6;1005;;27,4;24,2;28;27,4;24,2;23,6;82;77;82;340;2;1,1;
2026/01/02;0100 UTC;0;1005,7;1005,7;1005,3;;27,1;23,8;27,4;27,1;24,2;23,8;84;82;82;360;2,2;1,7;
2026/01/02;0200 UTC;0;1005,3;1005,8;1005,3;;27;24;27,1;26,8;24;23,7;84;82;83;4;3,9;2,7;
2026/01/02;0300 UTC;0;1004,6;1005,3;1004,6;;27,8;23,8;27,8;27;24,2;23,8;83;79;79;25;5,5;2,9;
2026/01/02;0400 UTC;0;1003,9;1004,6;1003,9;;28;23,3;28;27,7;23,8;23,3;79;76;76;7;7,2;4,8;
2026/01/02;0500 UTC;0;1004;1004;1003,8;;27,9;22,9;28,2;27,9;23,3;22,9;76;74;75;354;8,3;2,8;
2026/01/02;0600 UTC;0;1004;1004,1;1003,8;;27,7;25,4;28,3;27,5;25,4;22,6;87;71;87;245;7;5,5;
2026/01/02;0700 UTC;0;1004,2;1004,4;1004;;26,9;23,5;27,7;26,2;25,4;23,5;89;82;82;218;10,7;5,2;
2026/01/02;0800 UTC;0;1004,2;1004,2;1004;;26,9;23,7;27;26,7;23,8;23,4;83;81;83;238;6,1;2,7;
2026/01/02;0900 UTC;0;1004,3;1004,4;1004,1;;26,1;23,8;26,9;25,8;24;23,4;87;83;87;354;3,3;1,3;
2026/01/02;1000 UTC;0;1004,5;1004,5;1004,2;;27,7;24;27,7;26,1;24,2;23,8;87;80;80;2;4,6;2,9;
2026/01/02;1100 UTC;0;1004,3;1004,5;1004,3;;29,8;23,4;29,8;27,7;24,1;23,2;80;69;69;9;7,6;4,9;
2026/01/02;1200 UTC;0;1004,1;1004,3;1004;;31,4;22,8;31,5;29,6;23,7;22,6;69;60;60;355;8,8;5,2;
2026/01/02;1300 UTC;0;1003,9;1004,1;1003,9;;33,3;22;34,5;31,4;23,2;21,9;60;50;51;360;8,7;4,8;
2026/01/02;1400 UTC;0;1003,5;1003,9;1003,4;;35,1;21,2;36,4;33,1;22,5;21,1;53;42;44;327;8,5;4,2;
2026/01/02;1500 UTC;0;1003,1;1003,5;1003,1;;37,3;22,1;37,5;34,9;22,4;21;46;41;42;354;7,5;3,9;
2026/01/02;1600 UTC;0;1002,5;1003,1;1002,5;;31,1;25,9;38,4;30,9;25,9;19,9;75;37;74;150;7;4,4;
2026/01/02;1700 UTC;0;1002;1002,6;1002;;31,1;25,7;31,8;30,2;26,7;24,7;78;70;73;156;6,8;4,5;
2026/01/02;1800 UTC;0;1001,5;1002;1001,5;;30,1;26,1;31,6;29,9;26,1;24,8;80;70;79;160;7,3;5,1;
2026/01/02;1900 UTC;0;1001,5;1001,5;1001,2;;29,5;25,6;31,1;29,5;26,7;25,1;80;75;80;193;6;4,7;
2026/01/02;2000 UTC;0;1001,7;1001,8;1001,5;;28,6;26,2;29,5;28,4;26,5;24,8;87;77;87;182;8,2;6,2;
2026/01/02;2100 UTC;1,6;1002,6;1002,9;1001,7;;25,6;23,8;28,6;25,5;26;23,6;90;78;90;314;8;1,5;
2026/01/02;2200 UTC;2,2;1003,7;1003,7;1002,6;;24,7;23,7;25,7;24,7;24,2;23,7;94;90;94;14;3;2,1;
2026/01/02;2300 UTC;2,6;1004,5;1004,5;1003,7;;24,2;23,5;24,7;24,2;23,8;23,4;96;94;96;14;6,4;3,6;
2026/01/03;0000 UTC;2;1005,5;1005,5;1004,5;;24;23,3;24,2;23,8;23,4;23,1;96;96;96;322;6,4;1,9;
2026/01/03;0100 UTC;2,2;1005;1005,6;1005;;24;23,5;24,1;23,9;23,5;23,2;97;96;97;43;3,1;1,9;
2026/01/03;0200 UTC;0;1004,3;1005;1004,3;;23,9;23,3;24;23,8;23,5;23,3;97;96;97;20;2,8;1,8;
2026/01/03;0300 UTC;0;1003,7;1004,3;1003,7;;24,1;23,6;24,1;23,9;23,6;23,3;97;97;97;359;3,1;1,6;
2026/01/03;0400 UTC;0;1003,4;1003,7;1003,4;;23,9;23,5;24,2;23,9;23,7;23,5;97;97;97;45;2,4;,9;
2026/01/03;0500 UTC;0;1003,4;1003,4;1003,3;;24,1;23,6;24,2;23,9;23,8;23,4;98;97;97;27;2,2;1,6;
2026/01/03;0600 UTC;0;1003,2;1003,4;1002,8;;23,9;23,5;24,1;23,9;23,7;23,5;98;97;98;6;2,7;1,8;
2026/01/03;0700 UTC;0;1003,8;1003,8;1003,2;;24,2;23,8;24,2;23,9;23,8;23,5;98;98;98;8;4;2,3;
2026/01/03;0800 UTC;0;1003,8;1003,9;1003,7;;24,1;23,7;24,2;24,1;23,8;23,7;98;97;97;15;4,3;2,8;
2026/01/03;0900 UTC;0;1003,7;1003,9;1003,7;;24,3;23,9;24,3;24;23,9;23,6;97;97;97;23;4,5;3;
2026/01/03;1000 UTC;0;1004,1;1004,1;1003,7;;25,3;24,6;25,4;24,3;24,8;23,8;97;96;96;21;4,5;1,1;
2026/01/03;1100 UTC;0;1004,3;1004,5;1004,1;;26,8;24,9;26,9;25,3;25,3;24,4;96;89;89;6;4;2,2;
2026/01/03;1200 UTC;0;1004,7;1004,7;1004,3;;30;23,6;30,1;26,8;25,2;23,6;89;69;69;15;6;2,5;
2026/01/03;1300 UTC;0;1004,8;1004,8;1004,7;;28,5;25,2;31,3;27,9;25,2;23;83;64;82;162;5,7;4,7;
2026/01/03;1400 UTC;0;1004,5;1004,8;1004,5;;29,3;24,5;29,7;28,4;25,5;24,1;83;74;75;177;5,6;3,2;
2026/01/03;1500 UTC;0;1004;1004,5;1004;;29,7;25,1;30,4;29,2;25,6;24,3;78;73;77;163;5,2;4,2;
2026/01/03;1600 UTC;0;1003,8;1004;1003,8;;29,8;24,8;30,1;29,3;25,7;24,5;78;74;74;161;6,9;5,8;
2026/01/03;1700 UTC;0;1003,5;1003,8;1003,5;;29,7;24,1;30;29,2;25,1;23,9;76;72;72;160;7,3;5,4;
2026/01/03;1800 UTC;0;1003,5;1003,5;1003,3;;29,1;24,1;30,1;28,6;24,9;23,6;78;70;75;141;6,8;5;
2026/01/03;1900 UTC;0;1003,1;1003,6;1002,7;;28,2;24,9;29,3;28,2;25,2;24,3;83;75;82;154;7;5,7;
2026/01/03;2000 UTC;0;1003,5;1003,5;1002,9;;29,7;22,1;30;28;25,2;21,9;84;63;64;117;6,9;3,6;
2026/01/03;2100 UTC;0;1004;1004;1003,5;;28,8;22,5;29,7;28,6;23,3;21,6;72;63;69;94;5,8;2,7;
2026/01/03;2200 UTC;0;1004,7;1004,7;1003,7;;27,9;21,6;28,8;27,9;22,3;21,5;69;67;69;20;4,8;1,3;
2026/01/03;2300 UTC;0;1005,7;1005,8;1004,7;;27,4;22,7;28,2;27,4;22,9;21,5;75;68;75;17;2,3;1,7;
2026/01/04;0000 UTC;0;1006;1006,1;1005,7;;27,1;23,4;27,4;27,1;23,4;22,6;80;76;80;347;3;1,8;
2026/01/04;0100 UTC;0;1006,3;1006,4;1005,9;;26,6;23,7;27,2;26,6;23,8;23,4;84;80;84;349;3,9;2,5;
2026/01/04;0200 UTC;0;1006,4;1006,5;1006,3;;26,3;23,5;26,6;26,3;23,8;23,5;86;84;84;5;5,9;3,5;
2026/01/04;0300 UTC;0;1006,4;1006,6;1006,3;;26;22;26,4;26;23,5;22;84;78;79;11;7,8;3,5;
2026/01/04;0400 UTC;0;1005,8;1006,5;1005,8;;25,9;21,9;26,1;25,9;22;21,8;79;77;78;13;7,1;4,2;
2026/01/04;0500 UTC;0;1005,5;1005,8;1005,4;;25,7;21,7;25,9;25,7;22;21,7;79;78;79;15;7,1;3,1;
2026/01/04;0600 UTC;0;1005,2;1005,6;1005,2;;25,4;21,5;25,7;25,3;21,8;21,5;80;79;79;24;6;3,6;
2026/01/04;0700 UTC;0;1005,4;1005,4;1005,1;;25,7;20,8;25,8;25,4;21,5;20,8;79;74;74;3;6,7;3,6;
2026/01/04;0800 UTC;0;1006;1006;1005,3;;25,2;20,9;25,7;25,2;20,9;20,6;77;74;77;20;5,4;2,7;
2026/01/04;0900 UTC;0;1006,9;1006,9;1006;;25,6;21,5;25,6;25,2;21,6;20,9;79;77;79;23;4,1;2,4;
2026/01/04;1000 UTC;0;1007,8;1007,8;1006,9;;27,1;23,4;27,4;25,6;23,4;21,6;80;76;80;157;3,6;1,4;
2026/01/04;1100 UTC;0;1008,1;1008,1;1007,8;;27,6;23,8;27,6;26,6;24,2;22,9;85;79;80;164;7,5;5,9;
2026/01/04;1200 UTC;0;1008,9;1008,9;1008,1;;27;23,1;27,6;26,9;23,8;22,9;82;78;79;149;7,5;5,9;
2026/01/04;1300 UTC;0;1009,3;1009,3;1008,8;;26,9;23,9;28;26,9;24,3;23;84;79;84;152;8,6;6,7;
2026/01/04;1400 UTC;,2;1009,5;1009,5;1009,2;;25,7;22,3;27,5;25,7;24,4;22;85;80;81;148;14;11,6;
2026/01/04;1500 UTC;1;1009,6;1009,8;1009,5;;25,8;23,1;25,8;25,2;23,1;22,1;86;81;85;138;14;9,2;
2026/01/04;1600 UTC;0;1009,9;1010;1009,6;;25,8;21,7;26,9;25,7;23,2;21,5;85;76;78;137;11,8;8,4;
2026/01/04;1700 UTC;0;1009,6;1009,9;1009,6;;26;21,6;26,4;25,7;22,4;21,3;81;75;77;139;12,2;9,9;
2026/01/04;1800 UTC;0;1009,8;1009,9;1009,6;;25,6;20,8;26;25,5;22,1;20,7;80;75;75;140;12,3;9,8;
2026/01/04;1900 UTC;0;1010,1;1010,1;1009,8;;25,3;20,9;25,8;25,1;21,3;20,5;77;75;77;151;12,3;9,9;
2026/01/04;2000 UTC;0;1010,8;1010,8;1010,1;;24,7;20,3;25,3;24,7;21;20;77;74;77;162;11,6;8,3;
2026/01/04;2100 UTC;,2;1011,9;1011,9;1010,8;;23,2;21,2;24,7;22,9;21,3;20,1;89;77;89;174;11,6;7,6;
2026/01/04;2200 UTC;0;1012,7;1012,7;1011,9;;22,7;21;23,3;22,3;21,4;20,6;92;88;90;168;10,9;8,3;
2026/01/04;2300 UTC;0;1013,7;1013,7;1012,7;;22,9;20,6;23,1;22,5;21,5;20,5;91;87;87;158;10,8;8,7;
2026/01/05;0000 UTC;0;1014,3;1014,3;1013,7;;22,8;19,9;23,3;22,6;21,1;19,7;89;83;84;140;10,6;6,8;
2026/01/05;0100 UTC;,2;1014,7;1014,7;1014,3;;22,9;20,9;23,2;22,2;21,2;19,5;90;81;88;160;10,6;6,5;
2026/01/05;0200 UTC;0;1014,6;1014,8;1014,6;;23,5;19,7;23,7;22,3;20,8;19,3;88;78;79;144;9,7;6,8;
2026/01/05;0300 UTC;0;1014,1;1014,6;1014,1;;22,8;19,8;23,7;22,8;20,3;18,8;84;77;83;160;10,7;7,2;
2026/01/05;0400 UTC;0;1013,9;1014,2;1013,9;;22,6;18,9;23,1;22,2;20,3;18,5;85;78;80;134;11,5;6,9;
2026/01/05;0500 UTC;0;1013,7;1013,9;1013,6;;22,2;19,3;23;22;19,7;18,8;84;78;84;147;9,5;6,6;
2026/01/05;0600 UTC;,2;1013,5;1013,7;1013,5;;22,8;19;23,1;21,4;19,6;17,9;88;78;79;154;9,3;6,2;
2026/01/05;0700 UTC;,2;1013,8;1013,8;1013,4;;22;20,5;23,4;21,8;20,8;18,4;91;78;91;146;11;9,1;
2026/01/05;0800 UTC;,4;1014,1;1014,2;1013,8;;21;19,8;22,2;20,8;20,5;19,6;94;88;93;155;11,6;8,3;
2026/01/05;0900 UTC;0;1014,8;1014,8;1014,1;;21;18,5;22,5;21;20,1;17,9;93;77;86;131;10,5;6,6;
2026/01/05;1000 UTC;,2;1015,1;1015,1;1014,8;;20,4;18,4;21,2;20,1;18,9;18,3;90;86;88;74;8,4;3,3;
2026/01/05;1100 UTC;0;1015,6;1015,6;1015,1;;22;18;22,2;20,4;18,6;17,6;88;77;78;60;7;2;
2026/01/05;1200 UTC;0;1015,9;1016;1015,6;;23,7;18,2;23,7;22;18,2;16,3;79;64;71;53;7,4;1,8;
2026/01/05;1300 UTC;0;1016,1;1016,1;1015,9;;25,2;17,7;26;23,7;18,6;16,8;71;59;63;76;5,1;2,4;
2026/01/05;1400 UTC;0;1016;1016,2;1016;;25,9;17,8;26;25;18,5;15,8;66;55;61;97;7,2;2,1;
2026/01/05;1500 UTC;0;1015,9;1016,1;1015,9;;26;17,5;26,6;24,9;18;15,8;63;55;59;131;6,6;2,7;
2026/01/05;1600 UTC;0;1015,8;1016;1015,7;;25,2;17,7;26,2;24,9;18,3;16,2;66;57;63;139;9,6;3,9;
2026/01/05;1700 UTC;0;1015,4;1015,8;1015,4;;24,3;18,6;25,8;24,3;18,8;16,5;70;57;70;154;10,3;6,3;
2026/01/05;1800 UTC;0;1015,3;1015,5;1015,2;;24,1;18,5;24,5;23,7;19,5;17,9;75;69;71;149;10,3;5,1;
2026/01/05;1900 UTC;0;1015,2;1015,3;1015,1;;24,5;16,3;24,7;24,1;19,3;16,3;73;60;60;124;9,9;4,5;
2026/01/05;2000 UTC;0;1015,3;1015,4;1015,1;;24,7;15,8;24,8;24,3;17,8;15,7;66;57;58;78;9,9;1,6;
2026/01/05;2100 UTC;0;1015,6;1015,7;1015,3;;24,7;17,9;25;24,6;18,4;15,6;68;57;66;119;5,5;2,7;
2026/01/05;2200 UTC;0;1016,4;1016,5;1015,6;;24,3;17,4;24,7;24,2;18,2;17,1;68;64;65;104;7,6;2,3;
2026/01/05;2300 UTC;0;1016,7;1016,7;1016,3;;24,2;16,4;24,4;24,2;17,7;15,9;67;60;61;90;7,2;3,4;
2026/01/06;0000 UTC;0;1017,1;1017,1;1016,7;;24,3;16,5;24,4;24,1;17,8;16,3;67;61;62;78;7,1;2,8;
2026/01/06;0100 UTC;0;1017,5;1017,5;1017,1;;23,3;18,5;24,3;23,3;19,4;16,8;76;62;74;112;10,2;4,6;
2026/01/06;0200 UTC;0;1017,1;1017,6;1017,1;;23,8;18,2;23,9;23,2;18,7;18,2;75;71;71;145;7,9;2,3;
2026/01/06;0300 UTC;,6;1016,7;1017,5;1016,7;;20,9;18,7;24,1;20,8;18,8;18,2;88;70;88;87;7,8;2,4;
2026/01/06;0400 UTC;0;1016,1;1016,7;1016,1;;21,2;19;21,2;20,9;19,1;18,7;88;87;87;66;4,3;,9;
2026/01/06;0500 UTC;0;1015,7;1016,1;1015,7;;21,3;19,1;21,5;21,1;19,2;18,9;88;86;87;31;1,7;1,1;
2026/01/06;0600 UTC;0;1015,6;1015,8;1015,6;;21,9;18,6;22;21,1;19,5;18,6;90;82;82;65;1,7;,6;
2026/01/06;0700 UTC;0;1015,5;1015,7;1015,5;;21,3;19,4;22,1;21,3;19,4;18,4;89;80;89;26;2,9;1,8;
2026/01/06;0800 UTC;0;1015,9;1015,9;1015,5;;21,2;19,8;21,4;21,2;19,9;19,4;92;89;92;18;2,9;1,6;
2026/01/06;0900 UTC;0;1016,3;1016,3;1015,9;;21,6;20,2;21,6;21,1;20,2;19,7;92;91;92;330;2,4;1,1;
2026/01/06;1000 UTC;0;1016,9;1016,9;1016,3;;22,8;20,9;22,8;21,6;21,1;20,2;92;89;89;360;1,9;1;
2026/01/06;1100 UTC;0;1017,3;1017,3;1016,9;;23,9;18,9;23,9;22,6;20,8;18,6;89;73;74;330;2,1;,9;
2026/01/06;1200 UTC;0;1017,5;1017,5;1017,3;;25,5;18,7;25,6;23,8;19,7;18,3;74;66;66;51;2,7;,8;
2026/01/06;1300 UTC;0;1017,5;1017,7;1017,3;;26,4;18;26,6;25,3;19,7;17,5;70;60;60;38;5;2;
2026/01/06;1400 UTC;0;1017,2;1017,6;1017,2;;27,1;19,4;27,4;25,9;19,8;17,2;68;57;63;107;6,9;4,2;
2026/01/06;1500 UTC;0;1016,6;1017,2;1016,6;;27,4;20,1;27,4;26,1;20,1;18,8;67;62;65;115;8,9;6,5;
2026/01/06;1600 UTC;0;1016,4;1016,7;1016,4;;26,9;19,2;27,7;25,8;19,8;18,9;67;59;63;98;9;4,8;
2026/01/06;1700 UTC;0;1015,9;1016,4;1015,9;;27,5;19,4;29,1;26,7;20,1;19,1;66;56;61;97;9,7;6,4;
2026/01/06;1800 UTC;0;1015,3;1015,9;1015,2;;27,2;19,4;29,4;27,2;20,3;19,2;64;55;63;108;9,8;5,6;
2026/01/06;1900 UTC;0;1014,8;1015,3;1014,8;;26,9;19,3;27,7;26,3;20,3;19;69;60;63;97;9,8;4,8;
2026/01/06;2000 UTC;0;1014,8;1014,9;1014,7;;26,3;19,6;28,4;26,3;20,1;19,1;66;60;66;87;9,4;3,2;
2026/01/06;2100 UTC;0;1015;1015,1;1014,8;;25;19,1;26,3;25;19,6;19;70;67;70;88;7,6;3,7;
2026/01/06;2200 UTC;0;1015,2;1015,3;1015;;24,7;19,5;25;24,7;19,5;19;73;69;73;59;7,3;3,2;
2026/01/06;2300 UTC;0;1015,5;1015,6;1015,2;;24,2;19,4;24,7;24,2;19,6;19,4;75;73;75;44;6,1;2,2;
2026/01/07;0000 UTC;0;1016;1016;1015,5;;24,2;19,7;24,4;24,2;19,9;19,4;77;74;76;76;6,8;2,6;
2026/01/07;0100 UTC;0;1016,5;1016,6;1016;;24,1;18,6;24,2;23,9;19,8;18,6;77;72;72;70;5,3;2,5;
2026/01/07;0200 UTC;0;1016,2;1016,5;1016,2;;23,1;18,9;24,1;23,1;19;18,4;77;71;77;351;4,8;1,6;
2026/01/07;0300 UTC;0;1015,6;1016,2;1015,6;;22,4;19,1;23,1;22,3;19,1;18,8;82;77;82;352;2,7;1,2;
2026/01/07;0400 UTC;0;1014,9;1015,6;1014,9;;21,9;19;22,8;21,8;19,8;18,9;84;82;83;18;1,7;1,1;
2026/01/07;0500 UTC;0;1014,4;1014,9;1014,4;;21,4;19,1;22;21,2;19,6;19;88;83;87;33;2,1;1,4;
2026/01/07;0600 UTC;0;1014,1;1014,4;1014;;21,1;18,9;21,7;21;19,3;18,7;88;85;88;6;2,4;1,7;
2026/01/07;0700 UTC;0;1014,1;1014,1;1014;;20,9;19,1;21,2;20,9;19,4;18,9;90;88;89;37;2,7;1,4;
2026/01/07;0800 UTC;0;1014,5;1014,6;1014,1;;21,1;19,1;21,5;20,6;19,4;18,9;90;87;88;6;2,6;2;
2026/01/07;0900 UTC;0;1014,9;1014,9;1014,5;;21,5;19,7;21,5;21;19,8;19,1;90;88;90;11;3,4;,7;
2026/01/07;1000 UTC;0;1015,5;1015,5;1014,9;;23,4;20,4;23,4;21,5;20,5;19,7;90;84;84;313;2;,6;
2026/01/07;1100 UTC;0;1015,5;1015,5;1015,3;;25,7;20,3;25,8;23,4;20,7;20;84;72;72;4;4,3;2,7;
2026/01/07;1200 UTC;0;1015,7;1015,7;1015,5;;27,5;20;27,6;25,6;20,8;20;72;64;64;358;7;3,7;
2026/01/07;1300 UTC;0;1015,6;1015,8;1015,6;;27,6;20,1;28,2;27,5;20,4;19,8;65;62;64;3;6,5;4,2;
2026/01/07;1400 UTC;0;1015,4;1015,6;1015,4;;28,1;20,7;28,1;27,5;20,8;20;65;62;64;7;8;2,4;
2026/01/07;1500 UTC;0;1015;1015,4;1015;;28,1;20,8;28,4;27,6;21;20,5;67;63;65;9;6,3;3,6;
2026/01/07;1600 UTC;0;1014,8;1015;1014,8;;27;21,8;28,1;27;22,4;20,6;75;64;73;19;6,4;2,7;
2026/01/07;1700 UTC;,2;1014;1014,8;1014;;26,2;20,8;27,2;26;22,2;20,8;75;69;72;29;6,5;3,6;
2026/01/07;1800 UTC;0;1013,4;1014;1013,4;;26,3;20,3;26,3;26,1;21,1;20,3;73;70;70;17;7,1;4,3;
2026/01/07;1900 UTC;0;1012,9;1013,4;1012,8;;27,3;19,9;27,3;26,3;20,3;19,5;70;63;64;343;6,5;2,4;
2026/01/07;2000 UTC;0;1012,8;1013,1;1012,7;;26,9;19,9;27,3;26,9;20,4;19,7;66;64;65;7;7,7;4,5;
2026/01/07;2100 UTC;0;1012,4;1012,8;1012,4;;26,9;19,1;27,1;26,8;20;19,1;66;62;62;9;8,7;4;
2026/01/07;2200 UTC;0;1013,2;1013,2;1012,4;;25,3;20,4;26,9;25,3;20,4;19,1;74;62;74;206;6,1;1,1;
2026/01/07;2300 UTC;0;1013,2;1013,2;1013,1;;24,7;20,1;25,3;24,5;20,4;19,8;76;73;76;23;3,9;2,6;
2026/01/08;0000 UTC;0;1013,6;1013,6;1013,2;;24,1;20,3;24,8;24,1;20,3;20;79;75;79;328;4,4;1,6;
2026/01/08;0100 UTC;0;1013,8;1014,1;1013,6;;24,3;20,6;24,3;23,8;20,6;20,2;81;79;80;9;4;3;
2026/01/08;0200 UTC;0;1013,8;1013,9;1013,8;;24,6;21;24,6;24,2;21,1;20,5;81;78;81;7;4,1;1,8;
2026/01/08;0300 UTC;0;1013,5;1013,9;1013,5;;23,9;20,9;24,6;23,8;21;20,8;84;80;84;109;3,4;1,2;
2026/01/08;0400 UTC;;;;;;;;;;;;;;;;;;
2026/01/08;0500 UTC;0;1013,2;1013,2;1013,1;;24,3;20,5;25,3;24;21;20,4;83;74;80;14;1,7;1,1;
2026/01/08;0600 UTC;0;1013;1013,2;1012,7;;23,8;21,6;24,3;23,8;21,6;20,5;87;80;87;239;3;1,5;
2026/01/08;0700 UTC;0;1012,7;1013;1012,6;;24,4;21,2;24,5;23,5;21,6;21,2;88;82;82;10;5,4;3,5;
2026/01/08;0800 UTC;0;1012,9;1012,9;1012,6;;24,7;21,1;24,9;24,2;21,3;21;83;80;80;348;5,4;2,6;
2026/01/08;0900 UTC;0;1013,3;1013,3;1012,9;;25,1;21,3;25,1;24,5;21,3;21,1;82;79;79;26;5,1;3,2;
2026/01/08;1000 UTC;0;1013,8;1013,8;1013,3;;26,5;21,5;26,5;25,1;21,5;21,2;79;74;74;11;8;2,6;
2026/01/08;1100 UTC;0;1013,7;1013,9;1013,7;;28,1;21,6;28,1;26,4;21,9;21,3;74;68;68;6;6,1;2,7;
2026/01/08;1200 UTC;0;1013,9;1013,9;1013,7;;31,8;19,7;31,9;28,1;22,2;19,5;68;49;49;360;9,2;5;
2026/01/08;1300 UTC;0;1013,9;1014;1013,8;;31,6;19,8;32,1;31,1;20,2;19,2;50;47;50;352;9,8;4,7;
2026/01/08;1400 UTC;0;1013,5;1013,9;1013,5;;31,3;20,1;31,6;31,1;20,6;18,7;53;47;51;350;8,3;4,5;
2026/01/08;1500 UTC;0;1013,1;1013,5;1013;;34,5;19,5;35,5;31,3;20,9;19,3;52;40;41;344;8,3;3,8;
2026/01/08;1600 UTC;0;1012,7;1013,1;1012,6;;34,2;19;34,8;33,4;19,7;18;42;39;41;350;9,4;3,4;
2026/01/08;1700 UTC;0;1012,5;1012,7;1012,4;;30,5;21,4;36,8;30,4;21,6;18,6;59;36;58;142;6,8;2,4;
2026/01/08;1800 UTC;0;1011,7;1012,5;1011,7;;31,2;20,8;32,5;28,7;21,9;20,5;64;51;54;115;6,1;4,8;
2026/01/08;1900 UTC;0;1011,7;1011,8;1011,5;;30,5;20,2;31,7;30;21,3;20,1;58;53;54;80;7;3,4;
2026/01/08;2000 UTC;0;1011,7;1011,8;1011,4;;29,7;19,8;30,6;29,7;20,5;19,3;56;53;56;83;6,9;3,9;
2026/01/08;2100 UTC;0;1011,9;1011,9;1011,6;;29,2;19,8;29,7;29,2;20;19,7;57;55;57;74;7,3;4,1;
2026/01/08;2200 UTC;0;1012;1012,1;1011,9;;28,7;19,9;29,2;28,7;20,1;19,7;59;57;59;85;7;3,7;
2026/01/08;2300 UTC;0;1012,3;1012,3;1012;;28,5;19,2;28,7;28;20,2;19,2;62;57;57;57;7;3,3;
2026/01/09;0000 UTC;0;1012,7;1012,7;1012,2;;27;20,6;28,9;27;20,7;18,9;68;55;68;321;6,5;1,2;
2026/01/09;0100 UTC;0;1013,4;1013,4;1012,7;;25,9;21;27,1;25,9;21;20;74;68;74;144;1,9;1,3;
2026/01/09;0200 UTC;0;1013,7;1013,8;1013,4;;25,5;20,9;25,9;24,6;21,6;20,8;81;74;76;4;3;1;
2026/01/09;0300 UTC;0;1013,4;1013,7;1013,4;;23,6;20,8;25,5;23,5;20,9;20,2;85;76;84;12;2,8;2,2;
2026/01/09;0400 UTC;0;1012,9;1013,4;1012,9;;23,4;21,2;24,1;23,4;21,5;20,7;87;84;87;5;3,4;2,5;
2026/01/09;0500 UTC;0;1012,9;1012,9;1012,8;;23,3;21,1;23,7;23,3;21,5;21,1;88;87;88;27;3,5;2,1;
2026/01/09;0600 UTC;0;1013,2;1013,3;1012,9;;23,1;21,3;23,6;22,8;21,3;20,7;90;86;90;261;2,6;1,6;
2026/01/09;0700 UTC;0;1013,2;1013,2;1013,1;;22,4;20,9;23,5;22,4;21,6;20,8;91;88;91;27;2,8;2,2;
2026/01/09;0800 UTC;0;1013,3;1013,4;1013,2;;22,8;21,2;22,9;22,4;21,4;20,9;91;91;91;12;4,9;3,1;
2026/01/09;0900 UTC;0;1013,4;1013,5;1013,3;;25;21,2;25;22,7;21,4;21,2;91;80;80;14;6,5;4,2;
2026/01/09;1000 UTC;0;1014;1014;1013,4;;27,5;21,3;27,6;25;21,5;21,2;80;69;69;359;6,5;2,8;
2026/01/09;1100 UTC;0;1013,9;1014,1;1013,8;;30,7;22,1;30,7;27,6;22,1;21,4;69;60;60;356;5,8;2,9;
2026/01/09;1200 UTC;0;1014;1014;1013,8;;32,8;21,9;32,8;30,7;22;21,2;60;53;53;345;7,4;3,8;
2026/01/09;1300 UTC;0;1014;1014,2;1014;;27;21,8;33,7;27;22,4;20,2;73;50;73;142;8,6;6,4;
2026/01/09;1400 UTC;0;1013,5;1014;1013,5;;28,5;22,8;28,8;26,3;23,3;22,1;82;71;71;134;8,6;5,5;
2026/01/09;1500 UTC;0;1013,2;1013,5;1013,2;;30,1;21,4;31,4;27,1;22,8;21,4;75;57;60;135;7,6;5,2;
2026/01/09;1600 UTC;0;1012,7;1013,2;1012,7;;30,9;22;32,9;28,7;22,9;21,4;67;54;59;136;7,1;4,5;
2026/01/09;1700 UTC;0;1012,1;1012,7;1012,1;;31,8;22,4;32,1;29,8;22,8;21,6;64;55;58;132;8;5,2;
2026/01/09;1800 UTC;0;1011,6;1012,1;1011,6;;31,6;22;32,7;30,9;22,5;21,4;59;52;57;120;9,7;7,2;
2026/01/09;1900 UTC;0;1011,6;1011,7;1011,5;;30,3;22,1;31,6;30,3;22,5;21,8;62;56;62;127;9,8;4,7;
2026/01/09;2000 UTC;0;1011,7;1011,7;1011,5;;29,9;22,5;31,2;27;23,1;20,9;74;59;65;114;6,8;2,9;
2026/01/09;2100 UTC;0;1012;1012,1;1011,6;;27,9;22,5;30,5;26,8;22,8;21,5;76;63;73;117;6,2;1,7;
2026/01/09;2200 UTC;0;1012,4;1012,4;1011,9;;26,9;22,7;28,8;26,9;22,8;22;78;67;78;284;5,6;1,8;
2026/01/09;2300 UTC;0;1013;1013;1012,4;;25,7;23,5;27;25,7;23,5;22,6;87;77;87;212;7,1;4,1;
2026/01/10;0000 UTC;0;1013,4;1013,4;1013;;25,5;23,6;25,7;25,3;23,6;23,2;89;87;89;249;4,7;1,7;
2026/01/10;0100 UTC;0;1013,4;1013,6;1013,4;;24,4;23;25,5;24,3;23,7;22,7;92;89;92;7;3,4;1,6;
2026/01/10;0200 UTC;0;1013,4;1013,5;1013,3;;24,3;23,2;24,4;24,2;23,2;22,9;94;92;94;355;3;2,2;
2026/01/10;0300 UTC;0;1013,1;1013,4;1013,1;;24,1;23,1;24,4;24;23,3;23;95;93;95;6;2,8;2,1;
2026/01/10;0400 UTC;0;1012,7;1013,1;1012,7;;23,9;23,1;24,1;23,9;23,1;23;95;95;95;13;3,6;2,6;
2026/01/10;0500 UTC;0;1012,3;1012,7;1012,3;;23,9;23;24,1;23,9;23,2;23;95;95;95;17;4;2,7;
2026/01/10;0600 UTC;0;1011,9;1012,3;1011,8;;23,9;23;23,9;23,8;23;22,9;95;95;95;53;4;1,4;
2026/01/10;0700 UTC;0;1012,2;1012,2;1011,9;;24,3;23,3;24,4;23,6;23,5;22,7;95;94;94;145;2;1,2;
2026/01/10;0800 UTC;0;1012,4;1012,4;1012,1;;23,5;22,7;24,5;23,2;23,5;21,9;95;92;95;29;3;2,4;
2026/01/10;0900 UTC;0;1012,7;1012,7;1012,4;;23,8;22,9;23,8;23,5;22,9;22,6;95;94;95;360;3,6;1,8;
2026/01/10;1000 UTC;0;1013;1013;1012,7;;26,8;23,9;26,8;23,9;24,3;23;95;84;84;349;4,5;2,1;
2026/01/10;1100 UTC;0;1013;1013;1012,9;;29,4;22,4;29,4;26,8;24,2;22;85;66;66;2;8,4;5,1;
2026/01/10;1200 UTC;0;1013;1013,2;1013;;32,1;20,9;32,2;29,4;22,5;20,7;66;52;52;4;12,1;6,1;
2026/01/10;1300 UTC;0;1012,8;1013,1;1012,8;;33,8;20,8;34,1;32,1;21,4;20,5;52;46;47;358;11,5;5,7;
2026/01/10;1400 UTC;0;1012,5;1012,9;1012,4;;33,2;22,1;35,8;33,2;22,1;20,5;52;42;52;339;10,2;3,1;
2026/01/10;1500 UTC;0;1011,5;1012,5;1011,5;;33;22,5;34,6;29,3;23,5;21,8;68;50;54;105;7,3;4,3;
2026/01/10;1600 UTC;0;1010,5;1011,5;1010,5;;34,2;20,8;34,9;29;23;20,8;66;45;46;91;9;5,2;
2026/01/10;1700 UTC;0;1009,6;1010,5;1009,6;;33,9;21,2;34,9;33,2;21,4;20,7;49;45;48;106;9,8;6,7;
2026/01/10;1800 UTC;0;1008,7;1009,7;1008,7;;34,7;20,7;35,2;33,2;21,2;20,5;49;43;44;94;10,7;5,9;
2026/01/10;1900 UTC;0;1008,3;1008,7;1008,3;;32,8;21,1;35,3;32,1;21,2;20;52;42;50;109;9,9;6,7;
2026/01/10;2000 UTC;0;1007,8;1008,3;1007,7;;32,2;20,4;33,5;31,8;21,1;20;52;46;50;99;9,3;4,4;
2026/01/10;2100 UTC;0;1007,6;1007,8;1007,6;;31,6;19,8;32,9;31,6;20,2;19,8;50;47;50;84;9;3,3;
2026/01/10;2200 UTC;0;1008;1008;1007,6;;29,3;20;31,6;29,3;20;19,8;58;50;58;80;6,6;2,7;
2026/01/10;2300 UTC;0;1008,5;1008,5;1008;;28,5;20,5;29,3;28,5;20,5;20,1;62;58;62;56;5;2,4;
2026/01/11;0000 UTC;0;1009,6;1009,6;1008,5;;29,3;19,2;29,3;27,8;20,5;18,8;63;54;54;34;4,8;2,5;
2026/01/11;0100 UTC;0;1010;1010;1009,6;;26,1;21;29,5;25,8;21,1;19,1;75;54;74;130;4,3;,5;
2026/01/11;0200 UTC;0;1010,2;1010,3;1010;;27,2;20,3;27,2;25,7;21,1;20;75;65;66;233;1,4;1,1;
2026/01/11;0300 UTC;0;1009,9;1010,3;1009,9;;24,9;21;27,2;24,3;21,7;20,2;81;66;79;153;1,8;,7;
2026/01/11;0400 UTC;0;1009,4;1009,9;1009,4;;24,2;21,6;26,5;24;21,7;19,8;86;68;86;242;2,4;1,9;
2026/01/11;0500 UTC;0;1009,1;1009,4;1009,1;;24,3;20,9;25,5;23,8;21,7;19,3;86;69;81;182;4,2;1,2;
2026/01/11;0600 UTC;0;1009,1;1009,3;1009;;24,8;20,5;25,1;23,9;21,1;19,9;81;76;77;352;5,6;3,4;
2026/01/11;0700 UTC;0;1009,4;1009,5;1009;;24,8;20;24,9;24,4;20,5;20;78;75;75;350;5,6;3,5;
2026/01/11;0800 UTC;0;1010;1010;1009,4;;24,6;19,7;25;24,6;20;19,7;75;73;74;9;5,6;3,6;
2026/01/11;0900 UTC;0;1010,5;1010,5;1010;;25,5;19,7;25,5;24,5;19,8;19,6;75;70;70;18;6,6;3,8;
2026/01/11;1000 UTC;0;1010,7;1010,7;1010,5;;28,3;20;28,3;25,5;20,1;19,7;70;61;61;22;7;3,6;
2026/01/11;1100 UTC;0;1010,8;1010,9;1010,6;;31,1;19,9;31,1;28,3;20,3;19,8;61;51;52;14;7,9;4,4;
2026/01/11;1200 UTC;0;1011;1011,1;1010,7;;33,9;18;33,9;31,1;20;17,6;52;39;39;353;12,3;6,5;
2026/01/11;1300 UTC;0;1010,8;1011;1010,7;;35,6;17,9;35,7;33,9;18,4;17,4;39;35;35;343;11,5;6,2;
2026/01/11;1400 UTC;0;1010,3;1010,8;1010,3;;36,9;17,4;37,3;35,5;18,1;17,1;36;31;32;353;11,3;6;
2026/01/11;1500 UTC;0;1009,5;1010,3;1009,5;;38,3;16,8;38,5;36,7;18,4;16,3;33;28;28;353;11,3;4,6;
2026/01/11;1600 UTC;0;1009;1009,5;1009;;36,1;19,5;39,5;31,8;20;15,5;48;25;38;99;11,1;3,8;
2026/01/11;1700 UTC;0;1008,3;1009;1008,3;;34,8;20;37,3;32,9;20,3;19,1;46;35;42;107;8,9;5,7;
2026/01/11;1800 UTC;0;1007,8;1008,3;1007,8;;35,1;19,8;35,6;34,4;20,2;19,3;42;39;41;99;11,4;6,5;
2026/01/11;1900 UTC;0;1007,3;1007,8;1007,2;;33,9;19,8;35,1;33,8;19,9;19,3;44;41;44;92;12,4;5,9;
2026/01/11;2000 UTC;0;1007;1007,3;1006,9;;32,4;20,3;33,9;32,2;20,4;19,8;49;44;49;94;12,3;6,7;
2026/01/11;2100 UTC;0;1007,3;1007,3;1006,9;;30,8;20,6;32,6;30,8;20,7;19,7;55;47;55;97;12,3;6,5;
2026/01/11;2200 UTC;0;1007,4;1007,5;1007,2;;29,8;20,4;30,8;29,6;20,8;20,4;59;55;57;96;12,5;6,4;
2026/01/11;2300 UTC;0;1007,9;1007,9;1007,4;;29,4;19,5;30,2;29,2;20,4;19,4;57;53;55;30;10,8;2,3;
2026/01/12;0000 UTC;0;1008,9;1008,9;1007,9;;28,7;18,7;30,5;28,7;19,7;18,1;57;48;55;342;8,2;1,1;
2026/01/12;0100 UTC;0;1009,6;1009,6;1008,9;;26,3;20,5;29;26,2;21,5;18,4;71;52;71;342;2,9;1,3;
2026/01/12;0200 UTC;0;1009,4;1009,6;1009,4;;26,2;22,7;26,8;26,2;23,1;20,5;81;71;81;15;3,1;1,6;
2026/01/12;0300 UTC;0;1009,1;1009,4;1009,1;;24,9;21,5;26,2;24,8;22,6;21,4;82;80;81;17;3,1;2,2;
2026/01/12;0400 UTC;0;1008,7;1009,1;1008,6;;25;21,4;25,1;24,4;21,5;21;82;79;81;18;3,1;1,6;
2026/01/12;0500 UTC;0;1008,2;1008,7;1008,2;;24;21,4;25,1;23,5;21,7;20,9;86;80;86;20;4,2;2,8;
2026/01/12;0600 UTC;0;1008,3;1008,3;1008;;25,7;19,9;25,7;24;21,6;19,9;86;71;71;12;5,7;3,3;
2026/01/12;0700 UTC;0;1008,6;1008,6;1008,3;;26,3;19,9;26,4;25,4;20;19,8;71;68;68;11;6,1;4,1;
2026/01/12;0800 UTC;0;1009,2;1009,2;1008,6;;27,2;19,8;27,3;26,3;20;19,8;68;64;64;13;7,5;4,7;
2026/01/12;0900 UTC;0;1009,6;1009,7;1009,2;;27,5;19,6;27,5;27;19,8;19,6;65;62;62;24;7,5;4,4;
2026/01/12;1000 UTC;0;1010,3;1010,3;1009,6;;29,7;19,2;29,7;27,5;19,6;19,2;62;53;53;16;7,6;4,1;
2026/01/12;1100 UTC;0;1010,5;1010,5;1010,3;;32,8;18,3;32,8;29,7;19,2;18;53;42;42;7;10,5;4,8;
2026/01/12;1200 UTC;0;1010,3;1010,5;1010,3;;34,9;17,4;34,9;32,6;18,3;16,9;42;35;35;355;13,9;6,7;
2026/01/12;1300 UTC;0;1010,4;1010,5;1010,3;;36,9;17,6;37;34,9;17,9;17,1;36;32;32;4;12,3;5;
2026/01/12;1400 UTC;0;1010,1;1010,4;1010;;38,2;17,8;38,2;36,5;18;17,1;33;30;30;4;9,8;5;
2026/01/12;1500 UTC;0;1009,4;1010,1;1009,3;;39,9;17,7;39,9;37,9;18,3;17,3;31;27;28;13;9,8;3;
2026/01/12;1600 UTC;0;1009;1009,4;1009;;31,8;19,5;40;30;19,8;17;52;27;48;149;7,5;4,7;
2026/01/12;1700 UTC;0;1008,4;1009;1008,4;;34,9;19,1;35,7;30,5;20,1;17,9;52;36;39;115;7,4;6;
2026/01/12;1800 UTC;0;1008,1;1008,4;1008,1;;35;18,6;35,5;33,1;19,1;18,2;43;36;38;108;10,1;5,7;
2026/01/12;1900 UTC;0;1007,7;1008,2;1007,7;;34,8;18;36,1;34,6;18,6;17,8;38;35;37;95;10,3;5,9;
2026/01/12;2000 UTC;0;1007,5;1007,7;1007,4;;32,8;18,9;34,8;32,7;19;17,3;44;37;44;89;11,4;5,5;
2026/01/12;2100 UTC;0;1007,5;1007,5;1007,4;;32,1;17,9;32,8;31,9;19,6;17,9;48;43;43;94;11,5;4,8;
2026/01/12;2200 UTC;0;1008,1;1008,1;1007,5;;31,1;16,6;32,1;31,1;18,1;16,6;44;41;42;64;9,2;3;
2026/01/12;2300 UTC;0;1008,7;1008,7;1008,1;;30,3;20;31,2;30,3;20,1;16,6;54;42;54;55;7;3;
2026/01/13;0000 UTC;0;1010;1010;1008,7;;28,3;20,9;30,5;28,3;20,9;19,1;64;51;64;88;5,7;1,6;
2026/01/13;0100 UTC;0;1010,2;1010,3;1010;;25,9;20,6;28,6;25,9;21;20,4;73;63;73;336;4,3;1,7;
2026/01/13;0200 UTC;0;1010,3;1010,4;1010,2;;25,2;21,6;26,2;25,2;22,4;20,6;82;73;80;29;3,1;2,2;
2026/01/13;0300 UTC;0;1009,9;1010,3;1009,9;;25,1;20,6;25,9;25;21,6;20,1;80;72;76;20;3,8;2,6;
2026/01/13;0400 UTC;0;1009,7;1009,9;1009,7;;24,5;20,4;25,1;24,3;20,6;20,2;78;75;78;356;4,4;2,2;
2026/01/13;0500 UTC;0;1009,5;1009,8;1009,5;;24,5;22,1;25;24,2;22,2;20,4;86;78;86;326;2,9;1,6;
2026/01/13;0600 UTC;0;1009,1;1009,5;1009,1;;23,5;21,5;24,5;23,5;22,3;21,5;90;86;89;17;2,6;1,9;
2026/01/13;0700 UTC;0;1009,3;1009,3;1009,1;;23,5;21,2;23,6;23,2;21,6;21;89;86;87;16;2,5;1,6;
2026/01/13;0800 UTC;0;1009,9;1009,9;1009,3;;23,3;20,9;24,9;22,9;21,9;20,2;87;81;86;30;2,1;1,8;
2026/01/13;0900 UTC;0;1011,1;1011,1;1009,9;;25,1;21,9;25,1;22,9;21,9;20,5;87;82;82;290;2,2;,5;
2026/01/13;1000 UTC;0;1011,9;1011,9;1011,1;;26,7;23,6;26,8;25,1;23,7;22;84;82;83;204;1,2;,6;
2026/01/13;1100 UTC;0;1012,5;1012,5;1011,9;;26,7;23,6;27,5;26,4;24,1;23,2;84;80;83;210;2,6;1,8;
2026/01/13;1200 UTC;0;1013,1;1013,1;1012,5;;26,4;23,7;27,3;26,3;23,9;23,4;85;81;85;204;3,3;1,9;
2026/01/13;1300 UTC;0;1013,7;1013,7;1013,1;;27,1;24,3;27,1;26,1;24,3;23,4;87;84;84;183;3,5;2,7;
2026/01/13;1400 UTC;0;1014,2;1014,2;1013,7;;27;23,8;27,3;26,6;24,4;23,6;85;82;83;180;3,8;2,6;
2026/01/13;1500 UTC;0;1014;1014,2;1014;;27,1;23,8;27,6;26,8;24,4;23,7;84;81;83;151;3,9;3;
2026/01/13;1600 UTC;0;1013,4;1014;1013,3;;27,2;23,9;28,3;26,9;24,4;23,7;84;78;82;144;4,7;3,8;
2026/01/13;1700 UTC;0;1012,3;1013,4;1012,3;;27,5;23,9;28,1;27;24,4;23,6;83;79;81;144;6,8;5,1;
2026/01/13;1800 UTC;0;1013,1;1013,1;1011,2;;28,9;23,4;29,3;27,1;24,3;23,2;81;71;72;137;7,1;2,9;
2026/01/13;1900 UTC;0;1012,6;1013,5;1012,6;;28,6;23;29,4;27,5;23,8;22,9;77;71;72;149;5,2;3,4;
2026/01/13;2000 UTC;0;1011,6;1012,6;1011,6;;29,3;22,9;30,2;28,6;23,5;22,6;72;66;69;122;6,8;3;
2026/01/13;2100 UTC;0;1011,6;1011,7;1011,3;;28,7;22,1;29,8;28,7;23,1;22,1;69;67;68;95;5,3;2,9;
2026/01/13;2200 UTC;0;1012,6;1012,6;1011,5;;28;22;28,7;27,9;22,2;21,5;70;67;70;344;5;2,6;
2026/01/13;2300 UTC;0;1012,9;1012,9;1012,6;;27,6;22,7;28,2;27,6;23,1;22;75;69;75;260;3,9;1,2;
2026/01/14;0000 UTC;0;1013,8;1013,8;1012,9;;26,6;23,5;27,6;26,6;23,5;22,3;83;75;83;34;2,7;1,5;
2026/01/14;0100 UTC;0;1014,2;1014,3;1013,8;;26,8;23,3;26,8;26,4;23,5;23,3;84;81;81;32;3,9;2,3;
2026/01/14;0200 UTC;0;1014,7;1014,7;1014,1;;26,2;23,1;26,8;26,2;23,3;23;83;81;83;19;3,6;1,6;
2026/01/14;0300 UTC;0;1014;1014,7;1014;;26;20,8;26,4;25,9;23,1;20,8;83;72;73;5;7,9;3;
2026/01/14;0400 UTC;0;1012,7;1014;1012,7;;25,8;20,7;26;25,8;20,8;20,5;73;72;73;10;6,8;4,2;
2026/01/14;0500 UTC;0;1012;1012,7;1011,9;;25;20,7;25,8;25;20,8;20,7;77;73;77;23;6,8;2,8;
2026/01/14;0600 UTC;0;1012;1012,1;1011,9;;25,3;20,3;25,4;24,9;20,8;20,2;78;73;74;4;8,2;4,3;
2026/01/14;0700 UTC;0;1012,5;1012,6;1012;;24,8;19,7;25,3;24,8;20,2;19,7;74;72;73;23;7,1;2,7;
2026/01/14;0800 UTC;0;1012,8;1012,8;1012,5;;24,7;19,6;24,8;24,6;19,7;19,5;74;73;73;16;5,9;3,1;
2026/01/14;0900 UTC;0;1013,3;1013,3;1012,8;;24,8;19,7;24,9;24,4;19,9;19,6;75;73;73;14;7;3,8;
2026/01/14;1000 UTC;0;1013,9;1013,9;1013,3;;26,5;19,8;26,5;24,8;20;19,6;73;66;67;5;8,5;4,2;
2026/01/14;1100 UTC;0;1014;1014;1013,9;;28,4;19,9;29;26,6;20,6;19,6;67;59;60;6;7,7;3,4;
2026/01/14;1200 UTC;0;1014;1014,1;1013,9;;30,5;20;30,9;28,2;20,8;19,9;62;53;53;20;7,5;3,8;
2026/01/14;1300 UTC;0;1013,7;1014;1013,7;;34,2;20,9;34,2;30,5;21,1;20;54;46;46;351;7;3,4;
2026/01/14;1400 UTC;0;1013,4;1013,8;1013,4;;29,5;22,6;34,9;28,2;23;20,7;72;45;67;173;8,3;5,7;
2026/01/14;1500 UTC;0;1012,9;1013,5;1012,9;;29,4;23;30;27,9;23,8;22,3;77;66;68;141;9,2;4;
2026/01/14;1600 UTC;0;1012,3;1012,9;1012,3;;32,1;22,3;32,4;28,8;23,4;22,3;70;56;56;123;7;4,5;
2026/01/14;1700 UTC;0;1011,5;1012,3;1011,5;;31,7;22;32,5;30,2;23,2;21,1;63;52;56;120;8,3;6,5;
2026/01/14;1800 UTC;0;1010,8;1011,5;1010,8;;33,3;22,3;33,3;31,1;22,6;21,4;59;52;52;106;10,1;5,5;
2026/01/14;1900 UTC;0;1011;1011;1010,1;;32;22;34,1;32;22,4;21,7;55;50;55;80;10;4,1;
2026/01/14;2000 UTC;1;1011,2;1011,2;1011;;27,6;23,8;32,6;27,2;23,9;22;80;55;80;350;8,2;1,5;
2026/01/14;2100 UTC;0;1011,1;1011,5;1010,9;;26;22,8;27,6;25,9;24;22;83;78;83;2;9;2,3;
2026/01/14;2200 UTC;0;1011,5;1011,5;1010,9;;25,6;22,7;26,2;25,6;23,2;22,7;85;83;84;34;4;1,8;
2026/01/14;2300 UTC;0;1012,2;1012,2;1011,5;;25,2;22,8;25,6;25,1;22,9;22,5;86;83;86;13;2,9;1,5;
2026/01/15;0000 UTC;0;1012,8;1012,8;1012,1;;24,7;22,8;25,3;24,7;22,8;22,5;89;86;89;360;2,5;1,8;
2026/01/15;0100 UTC;0;1013,2;1013,3;1012,8;;24,7;23;24,7;24,6;23;22,7;90;89;90;17;2,6;1,4;
2026/01/15;0200 UTC;0;1013,3;1013,4;1013;;24,5;23,1;24,8;24,5;23,3;23;92;90;92;350;4,8;2,8;
2026/01/15;0300 UTC;0;1013;1013,3;1013;;24,2;22,9;24,5;24,2;23,1;22,9;92;92;92;11;4,8;2,3;
2026/01/15;0400 UTC;0;1012,7;1013;1012,7;;24,2;22,6;24,3;24,2;22,9;22,6;92;91;91;2;3,8;1,2;
2026/01/15;0500 UTC;0;1012,2;1012,7;1012,2;;24,8;21,3;24,9;24,2;22,7;21,3;91;81;81;15;5,6;3,6;
2026/01/15;0600 UTC;0;1011,7;1012,3;1011,6;;25,1;20,8;25,4;24,8;21,3;20,7;81;76;77;9;6,8;3,6;
2026/01/15;0700 UTC;0;1012,1;1012,1;1011,7;;24,7;20,3;25,2;24,7;20,9;20,3;78;76;76;20;7,7;3,2;
2026/01/15;0800 UTC;0;1012,6;1012,6;1012,1;;24,4;20,4;24,8;24,3;20,5;20,2;78;76;78;29;5,8;2,1;
2026/01/15;0900 UTC;0;1013,3;1013,3;1012,6;;24,7;20,8;24,7;24,2;20,8;20,3;80;78;79;6;3,8;1,9;
2026/01/15;1000 UTC;0;1013,8;1013,8;1013,3;;27,2;21,7;27,2;24,7;21,7;20,7;79;72;72;1;4,4;2,6;
2026/01/15;1100 UTC;0;1014;1014;1013,7;;26,9;23,1;28,9;26,6;23,2;21;81;66;80;160;4,2;2,8;
2026/01/15;1200 UTC;0;1014,2;1014,2;1013,9;;28,2;23,4;28,2;26,4;24,3;23;86;76;76;147;4,2;2,6;
2026/01/15;1300 UTC;0;1014,4;1014,4;1014,1;;28,5;23,1;33,1;27,7;23,4;21,1;76;51;73;174;7;2,5;
2026/01/15;1400 UTC;0;1014;1014,4;1014;;28,4;22,7;29,4;27;23,4;22,5;79;67;71;142;7,3;6;
2026/01/15;1500 UTC;0;1013,6;1014;1013,6;;32;21;32,8;28,2;22,9;21;72;52;52;122;7,4;5,5;
2026/01/15;1600 UTC;0;1012,6;1013,6;1012,6;;34;20;34,2;30,6;22,2;19,7;57;43;44;99;9,6;6,2;
2026/01/15;1700 UTC;0;1011,7;1012,7;1011,6;;33,2;18,9;34,2;33,1;20,3;18,7;46;41;43;91;11,4;6,6;
2026/01/15;1800 UTC;0;1010,9;1011,7;1010,9;;31,8;19,8;34;31,7;20,1;18,6;49;42;49;95;11,9;6,8;
2026/01/15;1900 UTC;0;1011;1011,1;1010,8;;28,2;21,1;31,8;28,2;21,1;19,5;66;49;66;90;12;6;
2026/01/15;2000 UTC;0;1012,6;1012,6;1010,9;;28;20,2;29,5;27,8;21,1;19,6;67;55;63;282;12,2;3,6;
2026/01/15;2100 UTC;1,2;1013,7;1013,8;1012,4;;25,2;22,3;27,9;25,2;22,3;20,4;84;63;84;334;6,3;2,7;
2026/01/15;2200 UTC;,2;1014,1;1014,1;1013,6;;23,6;22,4;25,2;23,6;22,8;22;93;84;93;19;4,3;2,1;
2026/01/15;2300 UTC;0;1013,8;1014,3;1013,8;;23,6;22,7;23,8;23,4;22,7;22,3;94;93;94;319;5,5;2,3;
2026/01/16;0000 UTC;0;1014,3;1014,3;1013,8;;23,6;22,8;23,9;23,6;23,1;22,7;95;94;95;40;2,8;1,7;
2026/01/16;0100 UTC;0;1014,7;1014,7;1014,3;;23,5;22,8;23,6;23,5;22,8;22,7;96;95;96;35;3,1;1,9;
2026/01/16;0200 UTC;0;1014,4;1014,7;1014,4;;23,2;22,5;23,6;23,2;22,9;22,5;96;96;96;34;3;1,8;
2026/01/16;0300 UTC;0;1014;1014,4;1013,9;;23,1;22,5;23,2;23;22,6;22,3;97;96;96;39;3;1,6;
2026/01/16;0400 UTC;,2;1013,3;1014;1013,3;;23,4;22,6;23,4;23;22,7;22,4;97;95;95;71;2,6;1,7;
2026/01/16;0500 UTC;0;1012,8;1013,3;1012,8;;23;22,2;23,4;23;22,6;22,2;96;95;96;29;2,8;1,4;
2026/01/16;0600 UTC;0;1012,6;1012,8;1012,6;;22,8;21,9;23,1;22,7;22,2;21,9;96;95;95;9;3;1,6;
2026/01/16;0700 UTC;0;1012,7;1012,7;1012,6;;23,2;22;23,3;22,8;22,1;21,9;95;93;93;34;4;2,4;
2026/01/16;0800 UTC;0;1012,8;1012,8;1012,5;;23,5;21,9;23,6;23,2;22,1;21,8;93;91;91;21;4,2;2,1;
2026/01/16;0900 UTC;0;1013,3;1013,3;1012,8;;23,9;22,4;23,9;23,4;22,4;21,9;92;91;91;10;4,5;3;
2026/01/16;1000 UTC;0;1013,4;1013,5;1013,3;;25,9;23;25,9;23,9;23,3;22,4;91;84;84;18;5,8;3,3;
2026/01/16;1100 UTC;0;1014;1014;1013,4;;28;22,1;28;25,9;23,1;21,9;84;70;70;360;6,6;4;
2026/01/16;1200 UTC;0;1013,8;1014;1013,8;;30,6;20,4;30,8;27,9;22,1;20,4;70;54;55;3;8,8;4,8;
2026/01/16;1300 UTC;0;1013,5;1013,8;1013,5;;32,6;20;33,1;30,6;21;19,8;55;47;47;360;10,5;5,7;
2026/01/16;1400 UTC;0;1013,4;1013,6;1013,4;;29,1;22,7;34;28,3;22,7;19,8;70;45;69;143;9,9;2,3;
2026/01/16;1500 UTC;0;1012,7;1013,4;1012,6;;32,3;22;32,4;28;23,2;22;72;55;55;99;6,4;4,3;
2026/01/16;1600 UTC;0;1012,1;1012,7;1012,1;;33,5;21,2;34,1;30,1;22,8;21;63;48;48;94;7,5;5,1;
2026/01/16;1700 UTC;0;1011,3;1012,1;1011,3;;33,2;20,1;34,9;32,9;21,2;19,9;49;43;46;97;9,4;6,2;
2026/01/16;1800 UTC;0;1010,3;1011,3;1010,3;;32,9;20,5;33,8;31,9;21;19,8;50;45;48;92;10,2;5,9;
2026/01/16;1900 UTC;0;1010,1;1010,3;1010;;29,8;21,3;33,3;29,6;21,4;20,1;61;47;60;94;10,9;5,1;
2026/01/16;2000 UTC;0;1010;1010,2;1009,8;;29,3;21,5;30,4;29,2;21,8;21,3;63;59;63;61;9,7;2,8;
2026/01/16;2100 UTC;0;1010,1;1010,2;1010;;28,5;21,5;29,8;28,5;21,7;21,3;66;61;66;75;8;4,1;
2026/01/16;2200 UTC;0;1010,4;1010,5;1010,1;;26,8;21,7;28,5;26,8;21,7;21,5;73;66;73;60;8;2,7;
2026/01/16;2300 UTC;0;1010,7;1010,7;1010,2;;26,3;21,8;27;26,3;21,9;21,7;77;73;76;309;5,9;1,4;
2026/01/17;0000 UTC;0;1011,4;1011,4;1010,6;;26;22;26,3;25,9;22,1;21,8;79;76;79;61;3,8;1,9;
2026/01/17;0100 UTC;0;1012;1012;1011,4;;26,1;22,5;26,1;25,8;22,5;22;80;79;80;18;3,8;2,6;
2026/01/17;0200 UTC;0;1011,8;1012,2;1011,8;;26,3;22,8;26,3;26,1;22,9;22,4;82;80;81;5;3,9;2,4;
2026/01/17;0300 UTC;0;1011,3;1011,8;1011,3;;25,8;23;26,3;25,8;23;22,8;85;81;84;21;3,4;2,2;
2026/01/17;0400 UTC;0;1010,6;1011,3;1010,5;;25,3;22,9;25,8;25,3;23,3;22,9;87;84;87;32;3;1,3;
2026/01/17;0500 UTC;0;1009,9;1010,6;1009,9;;24,9;22,9;25,3;24,9;23,2;22,7;89;87;89;14;2,5;1,7;
2026/01/17;0600 UTC;0;1009,3;1009,9;1009,3;;24,6;22,8;25;24,4;23,1;22,6;90;89;90;21;3,1;1,9;
2026/01/17;0700 UTC;0;1009,3;1009,3;1009,2;;25,1;22,2;25,2;24,6;22,9;22,1;90;83;84;30;4,1;1,9;
2026/01/17;0800 UTC;0;1009,6;1009,6;1009,2;;25,4;22,8;25,4;25,1;22,8;22,1;85;83;85;43;4,1;,8;
2026/01/17;0900 UTC;0;1009,9;1009,9;1009,6;;25,4;22,9;25,5;24,9;22,9;22,4;87;85;86;16;3,3;2;
2026/01/17;1000 UTC;0;1010,2;1010,2;1009,9;;28;22;28;25,4;23;22;86;70;70;357;5,5;3,1;
2026/01/17;1100 UTC;0;1010,5;1010,5;1010,2;;30;21,8;30;27,9;22;21,3;70;61;61;7;6,9;3,4;
2026/01/17;1200 UTC;0;1010,6;1010,6;1010,4;;31,2;21,4;31,2;29,9;22;21,1;62;56;56;11;6,4;3;
2026/01/17;1300 UTC;0;1010,3;1010,6;1010,3;;34,4;21,3;34,4;29,2;21,9;21;64;46;47;352;6,3;3,9;
2026/01/17;1400 UTC;0;1009,9;1010,4;1009,9;;35,4;21,2;35,4;33,1;21,6;20,4;48;43;44;351;7,2;3,5;
2026/01/17;1500 UTC;0;1009,1;1009,9;1009,1;;34,8;19,5;36,9;34,7;21,3;18,4;44;36;41;1;8;3,8;
2026/01/17;1600 UTC;0;1008,5;1009,1;1008,5;;33,7;20,9;35,7;32,2;21,5;19,1;52;38;47;14;7,8;1,5;
2026/01/17;1700 UTC;0;1008,2;1008,5;1008,1;;30;21,7;36,4;29,7;22,2;20,2;61;40;61;132;8,7;6,1;
2026/01/17;1800 UTC;0;1007,8;1008,3;1007,7;;30,7;21,4;31,8;29,9;21,8;21,1;61;55;58;118;9,5;4,9;
2026/01/17;1900 UTC;0;1007,4;1007,8;1007,3;;31,5;20,9;32,2;30,5;21,6;20,8;58;52;53;115;10;3,8;
2026/01/17;2000 UTC;0;1007,5;1007,7;1007,4;;31,7;20,6;32;30,2;21,5;20,3;59;51;52;65;6,2;2,3;
2026/01/17;2100 UTC;0;1007,9;1007,9;1007,5;;30,2;21,9;31,7;28,8;22,3;20,3;68;52;61;319;4,7;2,1;
2026/01/17;2200 UTC;0;1008,4;1008,5;1007,9;;27,6;21,4;30,2;27,4;23,6;21,4;78;61;69;358;5;2,9;
2026/01/17;2300 UTC;0;1008,2;1008,4;1008;;26,3;20,8;27,6;26,3;21,4;20,7;72;69;72;12;6,1;2,5;
2026/01/18;0000 UTC;0;1009;1009;1008,2;;26,4;19,9;26,4;26,2;20,8;19,9;72;68;68;4;6,6;4;
2026/01/18;0100 UTC;0;1009,2;1009,2;1008,8;;26,5;19,7;26,8;26,4;19,9;19,1;68;63;66;16;9,3;4,3;
2026/01/18;0200 UTC;0;1008,8;1009,2;1008,8;;26,3;19,5;26,5;26;19,7;19,5;68;66;66;7;8,2;5,2;
2026/01/18;0300 UTC;0;1008,5;1008,8;1008,5;;26,4;19,4;26,8;26,3;19,5;19,2;66;63;66;17;8,5;3,5;
2026/01/18;0400 UTC;0;1007,7;1008,5;1007,7;;26,2;19,5;26,6;26,2;19,5;19,3;67;65;66;7;7,1;4,4;
2026/01/18;0500 UTC;0;1007,1;1007,7;1007,1;;25,8;19,7;26,3;25,8;19,7;19,4;69;66;69;9;8,8;3,9;
2026/01/18;0600 UTC;0;1006,6;1007,1;1006,5;;25,4;19,9;25,8;25,4;19,9;19,8;72;69;72;5;8,8;4;
2026/01/18;0700 UTC;0;1006,6;1006,8;1006,6;;25,2;20;25,6;25,2;20;19,9;73;71;73;355;6,8;3,1;
2026/01/18;0800 UTC;0;1006,6;1006,7;1006,5;;25,2;20,2;25,3;25,1;20,2;20,1;74;73;74;16;5,5;3,2;
2026/01/18;0900 UTC;0;1007,3;1007,3;1006,6;;25,1;20,4;25,2;24,9;20,4;20,1;75;74;75;24;5,3;2,4;
2026/01/18;1000 UTC;0;1007,7;1007,7;1007,3;;26,6;20,7;26,6;25,1;20,8;20,4;75;70;70;360;6,7;3,5;
2026/01/18;1100 UTC;0;1008;1008,1;1007,7;;29;20,2;29,1;26,6;20,9;20,2;70;59;59;357;8,2;4,8;
2026/01/18;1200 UTC;0;1007,9;1008,3;1007,9;;29,3;20,1;29,6;29;20,6;19,9;59;57;58;355;11,5;7;
2026/01/18;1300 UTC;0;1008,3;1008,4;1007,8;;29,6;20;29,7;29,3;20,2;19,2;58;55;57;351;15,7;5,6;
2026/01/18;1400 UTC;0;1007,9;1008,3;1007,9;;30,9;20,3;30,9;29,3;20,4;19,2;57;53;53;359;12,5;5,9;
2026/01/18;1500 UTC;0;1007,7;1008;1007,7;;32,3;19,8;32,9;30,7;20,8;19,3;53;46;48;351;12,5;7,3;
2026/01/18;1600 UTC;0;1007,2;1007,8;1007,2;;33,4;19,8;34,7;32;20,3;19,1;48;42;45;355;14,3;6,8;
2026/01/18;1700 UTC;0;1006,4;1007,2;1006,4;;33,8;19,4;34,2;33,1;20,2;19,2;45;42;43;359;12,9;6,1;
2026/01/18;1800 UTC;0;1005,5;1006,4;1005,5;;33,5;19,3;34,5;32,7;20;19;46;42;43;354;11,2;6,5;
2026/01/18;1900 UTC;0;1004,8;1005,5;1004,7;;33,7;18,5;34,3;32,3;19,6;18,2;46;40;41;358;11,3;5,7;
2026/01/18;2000 UTC;0;1004,1;1004,8;1004,1;;32,3;18,6;34;32,3;19;18,2;45;41;44;352;10,1;4,3;
2026/01/18;2100 UTC;0;1004,2;1004,2;1004;;32,2;18,5;33,3;32,1;18,7;17,9;44;41;44;352;8,2;4,5;
2026/01/18;2200 UTC;0;1005,1;1005,1;1004,2;;29,8;19,2;32,2;29,8;19,2;18,4;53;44;53;357;7,5;3,8;
2026/01/18;2300 UTC;0;1004,8;1005,1;1004,8;;28,6;19,3;29,8;28,6;19,3;19,1;57;53;57;7;7;3,6;
2026/01/19;0000 UTC;0;1005,2;1005,2;1004,8;;27,9;19,3;28,8;27,9;19,5;19,3;60;57;59;351;7,2;3,5;
2026/01/19;0100 UTC;0;1005,3;1005,3;1005,1;;27,4;19,4;27,9;27,3;19,4;19,3;62;59;62;7;8,1;4,1;
2026/01/19;0200 UTC;0;1005,2;1005,3;1005,1;;26,7;19;27,5;26,6;19,4;19;64;61;62;7;7,2;3,4;
2026/01/19;0300 UTC;0;1005,4;1005,7;1005,2;;27,1;19;27,1;26,6;19,1;18,9;63;61;61;5;9;5,3;
2026/01/19;0400 UTC;0;1004,2;1005,4;1004,2;;26,8;18,8;27,2;26,7;19,2;18,8;63;61;62;5;9,8;4,4;
2026/01/19;0500 UTC;0;1003,5;1004,2;1003,3;;26,8;18,5;27,1;26,8;18,8;18,5;62;60;60;355;8,5;3,9;
2026/01/19;0600 UTC;0;1003,2;1003,5;1003,1;;27,1;19;27,3;26,8;19;18,5;61;60;61;1;10,3;5,1;
2026/01/19;0700 UTC;0;1003;1003,2;1002,9;;27,1;19;27,3;27;19;18,8;61;60;61;349;11,9;6,2;
2026/01/19;0800 UTC;0;1003,6;1003,6;1003;;26,9;19,1;27,1;26,9;19,1;19;63;61;62;351;11,4;5,5;
2026/01/19;0900 UTC;0;1003,3;1003,8;1003,2;;27,2;19,1;27,2;26,9;19,1;19;62;61;61;357;11,2;6;
2026/01/19;1000 UTC;0;1004;1004;1003,3;;28,2;19,4;28,2;27,2;19,4;19,1;62;59;59;349;10,2;6;
2026/01/19;1100 UTC;0;1004,1;1004,1;1004;;28,8;19,3;28,9;28,2;19,5;19,3;59;56;56;352;11,5;6,4;
2026/01/19;1200 UTC;0;1004,2;1004,2;1003,8;;30,1;19,4;30,2;28,8;19,6;19,3;57;53;53;350;12,3;6,4;
2026/01/19;1300 UTC;0;1004,7;1004,7;1004,1;;30,1;19,6;30,7;29,9;19,9;19,3;54;52;53;338;11,6;5,6;
2026/01/19;1400 UTC;0;1004,7;1005;1004,7;;30,5;19,8;31,4;30,1;20,2;19,6;54;51;53;340;11,8;5,9;
2026/01/19;1500 UTC;0;1004,4;1004,7;1004,2;;33,2;19,9;35;30,4;20,8;19,4;54;42;45;309;10,3;3,6;
2026/01/19;1600 UTC;0;1004,1;1004,4;1004,1;;27,6;22,5;33,8;27,1;22,8;19,4;76;43;74;236;7,8;6;
2026/01/19;1700 UTC;0;1003,6;1004,1;1003,6;;27,4;23,5;28,6;27,2;23,7;22,5;80;72;80;209;7,3;5,3;
2026/01/19;1800 UTC;0;1003,5;1003,6;1003,3;;26,6;23,7;27,5;26,6;23,9;23,2;84;79;84;185;7,6;4,2;
2026/01/19;1900 UTC;0;1003,1;1003,6;1003,1;;28,6;24,2;28,6;26,5;24,2;23,7;86;77;77;118;5,2;2,9;
2026/01/19;2000 UTC;0;1003,5;1003,5;1003;;26,4;23,8;29,1;26,4;24,3;23,2;85;75;85;180;4,1;1,7;
2026/01/19;2100 UTC;0;1004,1;1004,1;1003,5;;25,2;22,6;26,4;25,1;24,1;22,4;88;83;86;170;7;5,3;
2026/01/19;2200 UTC;,4;1005;1005,1;1004,1;;24,2;22,7;25,2;24,2;23,3;22,6;91;86;91;167;6,9;5,5;
2026/01/19;2300 UTC;2,2;1005,5;1005,5;1004,7;;24;22,7;24,2;23,6;22,9;22,4;94;91;93;142;7,1;4;
2026/01/20;0000 UTC;2,4;1006,3;1006,3;1005,5;;23,9;22,6;24,3;23,9;23;22,6;93;92;92;163;6,4;4,6;
2026/01/20;0100 UTC;3,4;1006,8;1006,8;1006,3;;24,3;23,4;24,6;23,7;23,9;22,7;96;92;95;167;11,8;9,5;
2026/01/20;0200 UTC;4,4;1007,6;1007,6;1006,8;;24,4;23,4;24,6;24,1;23,7;23,1;95;93;94;180;11,6;5,6;
2026/01/20;0300 UTC;1,8;1007,3;1007,6;1007,3;;23,9;22,9;24,6;23,9;23,5;22,8;95;92;94;157;9,2;6,9;
2026/01/20;0400 UTC;1;1007,4;1007,6;1007,2;;23,6;22,3;24,1;23,2;23,1;21,9;96;91;93;189;17,6;14;
2026/01/20;0500 UTC;1,2;1007,5;1007,6;1007,4;;23,2;21,7;24;23;22,4;20;92;80;91;193;16,9;11,9;
2026/01/20;0600 UTC;1,2;1007,2;1007,6;1007,1;;24,4;22,3;24,7;22,6;22,7;20,4;91;83;88;197;15,8;11;
2026/01/20;0700 UTC;0;1007,6;1007,7;1007,1;;24,5;22,3;24,8;24,2;22,5;21,5;89;82;87;192;14,6;10,5;
2026/01/20;0800 UTC;1,6;1008,4;1008,4;1007,6;;24,8;21,4;24,8;22,6;23;20,8;96;82;82;196;15,5;12,6;
2026/01/20;0900 UTC;0;1009,3;1009,4;1008,4;;24,8;21,2;25;24,6;21,6;20,9;83;79;80;200;15,9;11,2;
2026/01/20;1000 UTC;0;1010,1;1010,1;1009,3;;24,8;21,1;25;24,7;21,7;21;82;79;80;200;13,5;11;
2026/01/20;1100 UTC;0;1011;1011;1010;;24,9;21,5;25,1;24,7;21,9;20,9;83;79;82;200;14;9,9;
2026/01/20;1200 UTC;0;1011,8;1011,8;1011;;24,8;20,9;25,1;24,6;21,8;20,7;83;78;79;202;12,5;10;
2026/01/20;1300 UTC;0;1012,3;1012,3;1011,8;;24,9;20,7;25,1;24,6;21,5;20,3;81;77;77;204;12,1;10,1;
2026/01/20;1400 UTC;0;1012,6;1012,7;1012,3;;25,3;20,3;25,4;24,8;21;20;78;73;74;207;12,2;9,2;
2026/01/20;1500 UTC;0;1012,7;1012,8;1012,6;;25,4;20,1;25,8;25,1;20,9;19,6;75;71;73;208;11,5;8,7;
2026/01/20;1600 UTC;0;1012,5;1012,8;1012,4;;24,8;20,8;25,5;24,6;21;19,9;79;72;79;197;10,8;9,1;
2026/01/20;1700 UTC;0;1012,4;1012,6;1012,4;;24,9;20,1;25,1;24,5;21,1;19,8;79;74;75;197;10,5;8,4;
2026/01/20;1800 UTC;0;1012,4;1012,4;1012,2;;24,5;20,4;25,2;24,4;21,6;20,1;83;75;78;185;9,7;5,6;
2026/01/20;1900 UTC;,2;1012,5;1012,6;1012,3;;23,6;20,5;24,9;23,6;21,1;19,7;84;75;83;165;9,1;7,3;
2026/01/20;2000 UTC;,2;1012,4;1012,6;1012,4;;23,9;20,6;24,1;23,5;21,2;20,4;85;81;82;173;9,1;4,6;
2026/01/20;2100 UTC;,6;1012,9;1012,9;1012,3;;23,6;20,9;24,1;23,3;21;20,3;85;80;85;149;6,5;3,6;
2026/01/20;2200 UTC;0;1013,3;1013,3;1012,9;;23,3;20,4;23,8;23,1;20,9;20,2;85;82;84;131;4,9;1,7;
2026/01/20;2300 UTC;0;1013,8;1013,8;1013,3;;24,3;19,5;24,4;22,8;20,6;19,3;86;74;75;191;4,8;3,6;
2026/01/21;0000 UTC;0;1013,9;1013,9;1013,7;;24,5;18,7;24,6;24,1;19,8;18,5;76;69;70;176;6,2;3,1;
2026/01/21;0100 UTC;0;1014,1;1014,1;1013,9;;24,7;18;24,8;24,4;18,9;17,7;71;66;67;189;6,5;4,8;
2026/01/21;0200 UTC;0;1014,2;1014,3;1014,1;;24,4;18,3;24,8;24,4;18,5;17,4;69;64;69;178;6,5;2,6;
2026/01/21;0300 UTC;0;1014;1014,2;1014;;22,1;19,3;24,6;22,1;19,3;17,3;84;65;84;10;5,2;,8;
2026/01/21;0400 UTC;0;1013,3;1014;1013,3;;21,3;19,8;22,1;21,1;19,9;19,2;92;84;91;34;3,5;1,3;
2026/01/21;0500 UTC;,2;1012,7;1013,3;1012,7;;23,2;20;24,3;21,2;20,3;18,5;91;71;82;221;4,7;2,6;
2026/01/21;0600 UTC;0;1012,2;1012,7;1012,2;;23,2;20;24;23,2;20,5;19,3;83;76;82;218;7;5,3;
2026/01/21;0700 UTC;0;1012,2;1012,3;1012,1;;22,7;18,9;23,4;22,4;20,5;18,9;84;79;79;202;8,6;6,5;
2026/01/21;0800 UTC;,4;1012,5;1012,5;1012,1;;22,1;19,9;23,1;21,8;20,4;19,2;90;79;88;220;8,9;6,9;
2026/01/21;0900 UTC;0;1013;1013;1012,5;;23,2;19,7;23,2;22;20,5;19,3;89;80;81;202;8,2;4,1;
2026/01/21;1000 UTC;0;1013,6;1013,6;1013;;22,4;19,7;23,5;22,4;19,7;18,1;85;74;85;301;5,7;,9;
2026/01/21;1100 UTC;0;1013,9;1014;1013,5;;23,5;20,5;24,5;22,2;20,6;19,2;86;76;83;330;3,6;1,9;
2026/01/21;1200 UTC;0;1014,3;1014,3;1013,9;;22,7;20,1;23,5;22,7;20,6;19,8;85;83;85;334;4,4;2,5;
2026/01/21;1300 UTC;,8;1014,7;1014,8;1014,3;;21,8;20,7;22,7;21,7;20,7;20;93;85;93;9;4,4;2,6;
2026/01/21;1400 UTC;0;1014,8;1014,9;1014,7;;22,9;21,3;22,9;21,7;21,3;20,5;94;89;91;59;4,6;1;
2026/01/21;1500 UTC;0;1014,5;1014,8;1014,5;;24,3;20,2;24,4;22,8;21,9;19,8;91;77;78;262;3,8;1,9;
2026/01/21;1600 UTC;,2;1014,2;1014,5;1014,1;;23,2;20,9;24,8;23,1;21,1;19,8;86;77;86;246;8,2;5;
2026/01/21;1700 UTC;1,6;1013,8;1014,2;1013,8;;22,1;20,1;23,3;21,4;21,1;19,6;92;87;88;185;10,5;5,6;
2026/01/21;1800 UTC;0;1013,7;1013,9;1013,5;;23,4;19;23,7;22,1;20,3;18,3;89;72;76;178;9,8;6,4;
2026/01/21;1900 UTC;,6;1013,5;1013,8;1013,5;;21,4;20;23,5;21,4;20;18,8;92;76;92;34;9,8;2,3;
2026/01/21;2000 UTC;0;1013,5;1013,6;1013,4;;24,1;19,4;24,3;21,3;21,3;19;93;74;75;184;7;4,6;
2026/01/21;2100 UTC;0;1013,8;1013,8;1013,5;;24,2;18,3;24,4;24;19,5;18,1;76;69;69;181;6,2;3,8;
2026/01/21;2200 UTC;0;1014,4;1014,4;1013,8;;22,1;19,9;24,4;22,1;19,9;17,9;87;68;87;31;5,1;1,4;
2026/01/21;2300 UTC;0;1014,9;1014,9;1014,4;;21,5;20,3;22,1;21,4;20,3;19,9;93;87;93;14;3,7;2,2;
2026/01/22;0000 UTC;0;1015,3;1015,3;1014,9;;21,2;20,2;21,5;21,2;20,3;20,1;94;93;94;19;3,6;2,1;
2026/01/22;0100 UTC;,2;1015,3;1015,4;1015,3;;21;20,1;21,2;20,9;20,2;20,1;95;94;95;37;4,1;1,6;
2026/01/22;0200 UTC;1,2;1015,1;1015,3;1015;;20,9;20,2;21;20,8;20,2;20,1;96;95;96;9;3,7;2,8;
2026/01/22;0300 UTC;0;1014,4;1015,1;1014,3;;20,6;20;20,9;20,6;20,2;20;96;96;96;27;4;1,7;
2026/01/22;0400 UTC;0;1013,7;1014,4;1013,7;;20,7;20,1;20,7;20,6;20,2;20;97;96;97;355;3,2;2,1;
2026/01/22;0500 UTC;0;1012,9;1013,7;1012,9;;20,6;20,1;20,7;20,6;20,2;20,1;97;97;97;3;3,1;2;
2026/01/22;0600 UTC;0;1012,6;1012,9;1012,5;;20,6;20,1;20,6;20,6;20,1;20,1;97;97;97;4;3,2;2,2;
2026/01/22;0700 UTC;0;1012,4;1012,7;1012,3;;20,2;19,8;20,6;20,2;20,1;19,8;97;97;97;13;3,5;2,3;
2026/01/22;0800 UTC;0;1012,6;1013;1012,2;;20,3;19,8;20,3;20,1;19,8;19,6;97;97;97;5;3,9;1,8;
2026/01/22;0900 UTC;0;1013,4;1013,4;1012,6;;20,2;19,7;20,4;20,1;19,9;19,6;97;97;97;1;3,2;1,3;
2026/01/22;1000 UTC;0;1014;1014;1013,4;;20,9;20,2;20,9;20,2;20,2;19,6;97;96;96;28;3,1;2;
2026/01/22;1100 UTC;0;1014,1;1014,4;1014;;21,1;20,3;21,3;20,8;20,5;20,1;96;95;95;43;3,1;1,5;
2026/01/22;1200 UTC;0;1014,6;1014,6;1014;;22,7;19,6;23;21,1;20,9;19,4;95;82;83;339;2,6;1,3;
2026/01/22;1300 UTC;0;1014,9;1014,9;1014,6;;22,6;20,1;22,8;22,5;20,2;19,4;86;82;86;352;3;1,5;
2026/01/22;1400 UTC;1,4;1014,9;1015;1014,8;;21,8;20,9;22,6;21,7;21;20;95;86;95;323;3,8;2,3;
2026/01/22;1500 UTC;0;1014,6;1014,9;1014,6;;21,8;21,1;22,5;21,7;21,7;20,8;96;95;96;340;4,3;2,1;
2026/01/22;1600 UTC;,6;1014,4;1014,7;1014,4;;21,6;20,9;21,8;21,3;21,1;20,5;96;95;96;306;4,4;1,8;
2026/01/22;1700 UTC;,2;1013,7;1014,5;1013,7;;21,8;20,9;22;21,4;21,4;20,7;97;95;95;302;3,4;2;
2026/01/22;1800 UTC;0;1013,2;1013,8;1013,1;;23,5;21,1;23,5;21,8;21,7;20,5;95;85;86;234;3,1;2,1;
2026/01/22;1900 UTC;0;1012,8;1013,2;1012,8;;23,1;20,6;23,9;23;21,2;20,1;86;83;85;222;3,8;2;
2026/01/22;2000 UTC;0;1013;1013;1012,8;;24;21,3;24;23,1;21,4;20,4;87;82;85;222;4;2,5;
2026/01/22;2100 UTC;0;1013,3;1013,3;1013;;23,2;20,9;23,9;23,1;21,3;20,5;87;84;87;193;3,8;2;
2026/01/22;2200 UTC;0;1014;1014;1013,3;;23,1;21,1;23,4;23;21,3;20,4;89;85;88;228;3,4;2,1;
2026/01/22;2300 UTC;0;1014,1;1014,2;1013,9;;22,6;20,8;23,2;22,6;21,2;20,7;90;86;90;14;3;,3;
2026/01/23;0000 UTC;0;1014,4;1014,4;1014,1;;22,2;21,1;22,8;22,1;21,1;20,8;94;90;94;33;1,5;1;
2026/01/23;0100 UTC;0;1014,5;1014,5;1014,2;;22;21,2;22,2;22;21,2;21;95;94;95;351;2,2;1,3;
2026/01/23;0200 UTC;0;1014,3;1014,6;1014,3;;21,8;21,1;22;21,8;21,1;21;95;95;95;82;2,4;,8;
2026/01/23;0300 UTC;0;1013,7;1014,3;1013,7;;21,6;20,9;21,9;21,6;21,2;20,8;96;95;96;27;4,1;1,1;
2026/01/23;0400 UTC;0;1013,1;1013,7;1013,1;;21,1;20,3;21,6;21;20,9;20,1;96;95;95;359;5;2,3;
2026/01/23;0500 UTC;0;1012,2;1013,1;1012,2;;21,4;20,6;21,4;21,1;20,6;20,3;95;95;95;336;4,4;1;
2026/01/23;0600 UTC;0;1012,2;1012,2;1012,1;;21;20,2;21,4;21;20,5;20,2;96;95;96;12;2,3;1;
2026/01/23;0700 UTC;0;1012,2;1012,3;1012;;20,9;20,2;21;20,8;20,3;20,1;96;96;96;341;2;1,4;
2026/01/23;0800 UTC;0;1012,4;1012,5;1012;;20,7;20;20,9;20,7;20,2;20;96;96;96;25;2,8;1,6;
2026/01/23;0900 UTC;0;1013,1;1013,1;1012,4;;20,7;20;20,7;20,6;20,1;20;96;96;96;34;2,9;1,9;
2026/01/23;1000 UTC;,6;1013,6;1013,7;1013,1;;20,7;20;20,9;20,6;20,2;19,9;96;95;96;26;4,2;2,7;
2026/01/23;1100 UTC;1,6;1014,5;1014,5;1013,6;;20,7;20,1;20,8;20,6;20,3;19,9;97;96;96;6;4,7;2,8;
2026/01/23;1200 UTC;4,8;1014,8;1014,8;1014,4;;20,9;20,4;20,9;20,7;20,4;20,1;97;96;97;2;4,6;1,5;
2026/01/23;1300 UTC;1,8;1014,8;1014,8;1014,7;;21,3;20,7;21,4;20,8;20,9;20,3;97;97;97;349;2,9;2;
2026/01/23;1400 UTC;7,8;1014,7;1014,9;1014,6;;21,1;20,6;21,5;21,1;21;20,6;97;97;97;312;2,8;1,2;
2026/01/23;1500 UTC;1,6;1014,3;1014,8;1014,3;;21,8;21,2;21,8;21,1;21,2;20,6;98;96;96;184;2,3;1,3;
2026/01/23;1600 UTC;4;1014,1;1014,3;1014;;21,5;20,7;21,9;21,4;21,2;20,6;97;95;95;192;2,6;1,1;
2026/01/23;1700 UTC;14,4;1013,9;1014,1;1013,8;;21,3;20,7;21,8;21,1;21,1;20,5;97;95;97;341;2;,3;
2026/01/23;1800 UTC;9,4;1013,5;1013,9;1013,5;;21,5;21;21,5;21,1;21;20,6;97;96;97;43;1,7;,9;
2026/01/23;1900 UTC;3,6;1013,2;1013,5;1013,2;;21,5;21;21,5;21,2;21,1;20,7;97;97;97;14;1,9;1,3;
2026/01/23;2000 UTC;5,4;1012,9;1013,2;1012,7;;21,4;21;21,5;21,1;21;20,6;98;97;98;356;3,3;,9;
2026/01/23;2100 UTC;,6;1013,1;1013,2;1012,8;;21,4;21;21,5;21,2;21,1;20,8;98;97;97;255;2,3;,9;
2026/01/23;2200 UTC;0;1013,5;1013,5;1013,1;;22,1;21,2;22,2;21,4;21,5;20,9;97;95;95;142;3,5;2,5;
2026/01/23;2300 UTC;,2;1013,8;1013,8;1013,5;;21,7;20,9;22,1;21,6;21,3;20,9;96;94;95;316;3,5;,9;
2026/01/24;0000 UTC;,2;1014,2;1014,2;1013,8;;21,4;20,9;21,7;21,4;20,9;20,8;97;95;97;23;2;1;
2026/01/24;0100 UTC;,8;1014,4;1014,4;1014,2;;21,4;21;21,4;21,4;21;20,9;98;97;98;343;1,9;1,1;
2026/01/24;0200 UTC;,2;1014,3;1014,5;1014,2;;21,4;21;21,4;21,4;21;21;98;98;98;349;1,9;,6;
2026/01/24;0300 UTC;0;1013,8;1014,3;1013,8;;21,3;21;21,4;21,3;21,1;21;98;98;98;3;2,4;1,2;
2026/01/24;0400 UTC;,2;1013,3;1013,8;1013,3;;21,3;21;21,3;21,2;21;20,9;98;98;98;6;2,5;1,6;
2026/01/24;0500 UTC;2,4;1012,9;1013,3;1012,9;;21,2;21;21,3;21,2;21;21;98;98;98;35;3,1;,9;
2026/01/24;0600 UTC;1,4;1012,5;1012,9;1012,5;;21,3;21,1;21,3;21,2;21,1;21;98;98;98;360;2,1;1,5;
2026/01/24;0700 UTC;,2;1012,4;1012,5;1012,4;;21,3;21,1;21,3;21,3;21,1;21;99;98;99;13;2,8;1,6;
2026/01/24;0800 UTC;0;1012,5;1012,5;1012,2;;21,3;21;21,3;21,2;21,1;21;99;99;99;6;2,3;1,5;
2026/01/24;0900 UTC;0;1013;1013;1012,5;;21,5;21,3;21,5;21,3;21,3;21;99;99;99;11;3,3;1,4;
2026/01/24;1000 UTC;0;1013,8;1013,8;1013;;22,1;21,8;22,2;21,5;22;21,3;99;99;99;7;2,7;1,5;
2026/01/24;1100 UTC;0;1014,2;1014,2;1013,8;;23,1;22,6;23,1;22,1;22,6;21,8;99;97;97;356;3,2;1,4;
2026/01/24;1200 UTC;0;1014,6;1014,6;1014,1;;24,9;22,3;25;23,1;23;22,2;97;85;85;331;2,7;1;
2026/01/24;1300 UTC;0;1014,8;1014,8;1014,5;;24,4;22;24,9;23,9;22,8;21,6;89;84;86;193;3,5;2,6;
2026/01/24;1400 UTC;0;1014,6;1014,9;1014,6;;25,1;22,1;25,6;24,3;22,4;21,6;88;80;83;172;4,7;3,9;
2026/01/24;1500 UTC;0;1014,4;1014,7;1014,4;;24,9;22;25,9;24,6;22,9;21,7;85;82;84;142;5,9;4,9;
2026/01/24;1600 UTC;,2;1013,7;1014,4;1013,7;;25;22,3;25,7;24,8;23;22;86;82;85;149;7,2;6;
2026/01/24;1700 UTC;0;1013,7;1013,8;1013,6;;25,5;22,3;25,6;24,8;22,8;21,8;86;82;83;152;6,9;4,8;
2026/01/24;1800 UTC;0;1013,3;1013,7;1013,2;;24,5;22;25,7;24,5;22,6;21,8;87;82;86;145;6,6;4,5;
2026/01/24;1900 UTC;0;1013,2;1013,4;1013;;24,3;22,2;24,6;24,3;22,4;21,8;88;85;88;142;5,5;3,2;
2026/01/24;2000 UTC;,2;1012,8;1013,2;1012,6;;24,2;22,7;24,4;24,1;22,8;22,1;92;88;91;156;5,7;4,5;
2026/01/24;2100 UTC;1,2;1013,3;1013,3;1012,6;;23,7;22,6;24,3;23,7;22,7;22,4;94;90;94;104;6,1;1,4;
2026/01/24;2200 UTC;0;1014,4;1014,4;1013,3;;24,3;22,9;24,4;23,5;23,1;22,6;95;91;92;150;7,6;4,3;
2026/01/24;2300 UTC;1;1015;1015,1;1014,4;;24,2;23,1;24,4;24;23,1;22,7;94;91;94;161;5,5;4,4;
2026/01/25;0000 UTC;1;1015,1;1015,1;1014,9;;23,7;22,5;24,2;23,7;23;22,4;94;92;93;121;6,3;3,2;
2026/01/25;0100 UTC;3,8;1015;1015,3;1015;;23,4;22,5;23,7;23,2;22,6;22,3;95;93;95;137;4,9;2,2;
2026/01/25;0200 UTC;2;1016;1016,1;1015;;22,9;22,2;23,5;22,9;22,6;22,2;96;94;96;302;7,8;3,3;
2026/01/25;0300 UTC;7,6;1015,1;1016,1;1015,1;;21,8;21,1;22,9;21,6;21,6;21;97;95;96;239;7,8;1,7;
2026/01/25;0400 UTC;4,2;1015,6;1015,8;1014,6;;21,3;20,8;21,8;21,3;21,3;20,8;97;96;97;327;8,5;3,1;
2026/01/25;0500 UTC;5,4;1014,1;1015,6;1014,1;;21;20,6;21,3;21;20,8;20,6;98;97;98;43;7,1;3,1;
2026/01/25;0600 UTC;,4;1014;1014,5;1013,8;;21,1;20,7;21,2;20,9;20,8;20,6;98;98;98;10;6,9;4,2;
2026/01/25;0700 UTC;,6;1013,5;1014,1;1012,6;;21,9;20,7;22,4;21;21,8;20,6;98;93;93;304;7,7;1,3;
2026/01/25;0800 UTC;0;1014,2;1014,3;1013,5;;20,9;20,4;21,8;20,9;20,6;20,3;97;93;97;331;4,3;2,5;
2026/01/25;0900 UTC;0;1015;1015;1014,2;;21,2;20,6;21,2;20,7;20,7;20,2;97;97;97;127;4;,9;
2026/01/25;1000 UTC;0;1015,4;1015,4;1015;;22,4;21,8;22,4;21,2;21,8;20,6;97;96;97;4;2,9;1,7;
2026/01/25;1100 UTC;0;1015,7;1015,7;1015,3;;25,7;21,9;25,7;22,4;22,8;21,5;97;79;80;38;3,7;1,6;
2026/01/25;1200 UTC;0;1016;1016;1015,7;;25,4;21,6;26,7;25,3;22,1;20,9;80;74;80;168;3,7;2,6;
2026/01/25;1300 UTC;0;1016,1;1016,2;1016;;25,2;21,4;25,6;25,1;22,3;21,2;83;78;79;158;4,3;2,7;
2026/01/25;1400 UTC;0;1015,8;1016,1;1015,8;;26,2;21,9;26,4;25,2;22,4;21,5;81;76;77;174;5;3,5;
2026/01/25;1500 UTC;0;1015,4;1015,8;1015,4;;27,2;22,2;27,3;25,8;22,9;21,4;79;74;74;163;5,6;4,7;
2026/01/25;1600 UTC;0;1015,1;1015,4;1015,1;;26,2;21,9;27,8;26;23,1;21,1;78;72;77;154;6,8;5,5;
2026/01/25;1700 UTC;0;1014,5;1015,1;1014,5;;25,6;22,4;26,5;25,5;23;21,7;83;76;83;147;7,3;5,8;
2026/01/25;1800 UTC;0;1014,5;1014,5;1014,3;;25,5;22,5;25,8;25,3;22,8;22,1;85;82;84;142;7,8;4,8;
2026/01/25;1900 UTC;0;1014,3;1014,6;1014,2;;25,4;22,8;25,5;25,2;22,8;22,2;86;83;86;139;7,2;4,8;
2026/01/25;2000 UTC;0;1014,5;1014,5;1014,1;;25,2;22,7;25,5;25,2;22,8;22,3;86;83;86;141;6,7;5,3;
2026/01/25;2100 UTC;0;1015,6;1015,6;1014,5;;25,2;22,8;25,2;24,9;22,8;22,5;87;85;87;125;6,4;2,7;
2026/01/25;2200 UTC;,2;1015,6;1016;1015,6;;24,5;22,8;25,2;24,5;22,9;22,6;90;86;90;90;4,4;1,4;
2026/01/25;2300 UTC;0;1016,4;1016,4;1015,5;;24,3;23,1;24,6;24,2;23,1;22,7;93;90;93;346;2,7;1,5;
2026/01/26;0000 UTC;0;1016,2;1016,5;1016,2;;24;22,8;24,5;24;23,3;22,8;94;92;93;32;2,5;1,6;
2026/01/26;0100 UTC;0;1016,6;1016,7;1016,1;;23,8;22,9;24;23,6;22,9;22,4;95;92;95;15;2,8;1,7;
2026/01/26;0200 UTC;0;1016,2;1016,7;1016,2;;23,3;22,6;23,8;23,3;22,9;22,6;96;95;96;20;3,4;1,7;
2026/01/26;0300 UTC;,2;1015,2;1016,2;1015,2;;23,2;22,6;23,3;23,2;22,6;22,5;96;96;96;31;2,8;2;
2026/01/26;0400 UTC;0;1014,2;1015,2;1014,2;;23;22,4;23,3;23;22,7;22,4;97;96;97;6;3,5;1,9;
2026/01/26;0500 UTC;0;1013,7;1014,2;1013,6;;22,5;22;23;22,5;22,4;22;97;97;97;79;2,9;1,9;
2026/01/26;0600 UTC;0;1013,5;1013,7;1013,3;;22,9;22;23;22,3;22,2;21,6;97;94;94;96;2,5;1,1;
2026/01/26;0700 UTC;0;1014;1014;1013,5;;22,3;21,7;22,9;22,2;21,9;21,4;96;94;96;328;2,7;1,8;
2026/01/26;0800 UTC;0;1014,3;1014,3;1013,9;;22;21,5;22,4;22;21,8;21,4;97;96;97;14;2,4;1,8;
2026/01/26;0900 UTC;0;1014,9;1014,9;1014,3;;22;21,5;22,1;21,8;21,6;21,3;97;97;97;41;2,9;1,5;
2026/01/26;1000 UTC;0;1015,3;1015,3;1014,9;;24,1;23,1;24,1;21,9;23,3;21,4;97;94;94;12;2,1;1,2;
2026/01/26;1100 UTC;0;1016;1016;1015,3;;26,2;22,3;26,3;24,1;23,5;22,3;94;79;79;348;4,5;2,6;
2026/01/26;1200 UTC;0;1016,4;1016,4;1016;;28,2;22,7;28,4;26,2;23,1;22;80;71;72;315;4,5;2,1;
2026/01/26;1300 UTC;0;1016,1;1016,4;1016,1;;27,3;23,2;28,7;26,9;23,9;22;80;70;78;160;5,5;3,5;
2026/01/26;1400 UTC;0;1015,8;1016,1;1015,8;;26,8;23,5;28;26,7;23,8;22,6;82;75;82;148;7,7;6,4;
2026/01/26;1500 UTC;0;1015,5;1015,8;1015,5;;27,7;23,7;27,7;26,4;23,7;22,9;83;78;79;135;8,5;6,1;
2026/01/26;1600 UTC;0;1015;1015,5;1015;;28,9;23,1;30;27,5;24;23;79;68;71;121;7,4;4,9;
2026/01/26;1700 UTC;0;1014,5;1015;1014,5;;28,6;22,7;30,4;28,5;23,7;22,1;73;64;71;97;8,1;5,1;
2026/01/26;1800 UTC;0;1014,5;1015;1014,5;;27,6;21,9;28,6;27,3;23,2;21,8;74;70;71;84;8,1;3;
2026/01/26;1900 UTC;0;1014,4;1014,5;1014,1;;26,9;21,6;27,9;26,8;21,9;20,9;73;68;73;115;6,4;2,9;
2026/01/26;2000 UTC;0;1014,6;1014,6;1014,3;;26,4;22,5;27;26,4;22,5;21,5;79;72;79;110;4,3;2,7;
2026/01/26;2100 UTC;0;1014,3;1014,7;1014,3;;25,9;23,3;26,6;25,8;23,6;22,1;87;77;86;170;4,2;2,7;
2026/01/26;2200 UTC;,6;1015,1;1015,1;1014,3;;24,8;23,6;26;24,8;23,8;23,2;93;85;93;356;3,2;1,6;
2026/01/26;2300 UTC;,6;1015,4;1015,4;1014,7;;24,2;23,4;24,8;24,2;23,5;23,4;96;93;96;358;2,9;1;
2026/01/27;0000 UTC;,4;1015,8;1015,8;1015,4;;24,5;23,5;25,5;24,2;24,4;23,3;97;90;94;5;4,8;2,1;
2026/01/27;0100 UTC;0;1015,7;1015,9;1015,7;;23,8;23,2;24,5;23,8;23,4;23,2;96;94;96;37;3,7;2,1;
2026/01/27;0200 UTC;0;1015,1;1015,7;1015,1;;23,8;23,3;23,9;23,8;23,3;23,2;97;96;97;354;2,9;,9;
2026/01/27;0300 UTC;0;1014,5;1015,2;1014,5;;23,6;23,1;23,8;23,5;23,3;23,1;97;97;97;41;3,8;2,1;
2026/01/27;0400 UTC;0;1014,2;1014,5;1014,2;;23,6;23,2;23,7;23,5;23,3;23,1;98;97;97;356;2,9;1,4;
2026/01/27;0500 UTC;0;1014;1014,2;1013,9;;23,6;23,3;23,7;23,6;23,3;23,2;98;97;98;6;3;1,4;
2026/01/27;0600 UTC;0;1013,3;1014;1013,3;;23,3;22,9;23,6;23,3;23,3;22,9;98;98;98;24;2,9;2;
2026/01/27;0700 UTC;0;1013,7;1013,7;1013,3;;23,3;23;23,3;23,2;23;22,8;98;98;98;15;3;1,3;
2026/01/27;0800 UTC;0;1014,3;1014,3;1013,7;;23,6;23,3;23,6;23,3;23,3;23;98;98;98;44;1,8;1,1;
2026/01/27;0900 UTC;0;1014,7;1014,7;1014,3;;24,1;23,8;24,1;23,6;23,8;23,3;98;98;98;9;1,6;1,1;
2026/01/27;1000 UTC;0;1015,1;1015,1;1014,7;;25,2;24,6;25,2;24,1;24,6;23,8;98;96;96;22;2,4;1,3;
2026/01/27;1100 UTC;0;1015,6;1015,6;1015,1;;27,3;24,3;27,3;25,2;24,9;23,7;96;84;84;4;2,9;1,2;
2026/01/27;1200 UTC;0;1015,6;1015,7;1015,5;;27,6;22,9;28,7;27,3;24,5;22,5;84;70;75;329;4,4;1,5;
2026/01/27;1300 UTC;0;1015,4;1015,6;1015,4;;27;22,9;28,5;26,9;23,9;22;79;69;78;146;4,6;3,6;
2026/01/27;1400 UTC;0;1014,9;1015,4;1014,9;;27,6;23,8;27,6;26,7;23,9;22,6;81;76;80;147;5,8;5;
2026/01/27;1500 UTC;0;1014,6;1015;1014,6;;28,5;23,7;28,7;27,1;24,3;23,1;82;75;75;138;7,2;6;
2026/01/27;1600 UTC;0;1014,3;1014,7;1014,3;;28,5;23,2;28,9;27,8;23,8;22,6;77;71;73;139;7,9;6,5;
2026/01/27;1700 UTC;0;1013,6;1014,3;1013,6;;29,5;23,2;29,5;28,5;23,5;22,6;74;67;69;124;8,8;6;
2026/01/27;1800 UTC;0;1013,3;1013,7;1013,2;;29,7;22,5;30;29,2;23,3;22,1;69;65;65;123;8,2;5,9;
2026/01/27;1900 UTC;0;1013,3;1013,4;1012,7;;29;22,6;30,2;28,8;23,1;21,7;69;64;69;91;8,4;1,9;
2026/01/27;2000 UTC;0;1013,2;1013,5;1013,1;;29,2;21,9;29,2;27,9;22,5;21,1;68;64;65;326;7,6;,6;
2026/01/27;2100 UTC;0;1013,5;1013,6;1013,2;;27,9;23,4;29,2;27,8;24;21,6;78;65;76;110;6,6;3,7;
2026/01/27;2200 UTC;0;1013,5;1013,6;1013,4;;26;23,1;27,9;26;23,4;22,9;84;76;84;344;7,1;4,1;
2026/01/27;2300 UTC;0;1014,1;1014,1;1013,5;;25,2;22,6;26;25,2;23,1;22,6;86;84;86;352;7,1;2,8;
2026/01/28;0000 UTC;0;1014,1;1014,1;1013,9;;24,1;22,2;25,2;24,1;22,5;22,2;89;86;89;56;5,8;1,4;
2026/01/28;0100 UTC;0;1014,3;1014,5;1014,1;;24,8;22,4;25,3;24;22,9;22,2;90;86;86;239;1,9;1;
2026/01/28;0200 UTC;0;1013,9;1014,3;1013,9;;23,2;22,1;24,8;23,2;22,3;21,9;93;86;93;356;2,9;1,9;
2026/01/28;0300 UTC;0;1013,5;1013,9;1013,4;;22,9;21,8;23,2;22,9;22,1;21,8;94;93;94;340;3,4;2,4;
2026/01/28;0400 UTC;0;1013;1013,5;1013;;22,6;21,5;23;22,5;21,9;21,5;94;93;94;21;3,4;2,5;
2026/01/28;0500 UTC;0;1012,4;1013;1012,4;;22,4;21,5;22,6;22,2;21,5;21,2;95;94;95;13;3,6;2,3;
2026/01/28;0600 UTC;0;1012,4;1012,5;1012,3;;21,9;21,2;22,4;21,9;21,6;21,1;96;94;95;355;3,1;1,9;
2026/01/28;0700 UTC;0;1012,8;1012,8;1012,4;;22;21,3;22,2;21,9;21,5;21,2;96;95;96;38;2,8;1,4;
2026/01/28;0800 UTC;0;1013,1;1013,1;1012,8;;22,1;21,3;22,1;21,8;21,3;21,1;96;95;95;21;4,6;3,3;
2026/01/28;0900 UTC;0;1014;1014;1013,1;;22,6;21;22,6;22,1;21,3;20,9;95;90;90;5;4,6;2,2;
2026/01/28;1000 UTC;0;1014,5;1014,5;1014;;24,8;21,3;24,8;22,6;21,4;21;91;80;81;18;4,2;2,6;
2026/01/28;1100 UTC;0;1014,5;1014,6;1014,4;;26,8;20,5;26,9;24,8;21,7;20,5;81;69;69;3;6,5;3,9;
2026/01/28;1200 UTC;0;1014,7;1014,8;1014,5;;29,3;20,6;29,3;26,8;21,3;20,1;69;59;60;7;7;3,4;
2026/01/28;1300 UTC;0;1014,5;1014,7;1014,5;;28,2;22,3;31;27,9;22,5;20,1;73;53;71;199;7;2,2;
2026/01/28;1400 UTC;0;1014,1;1014,5;1014,1;;33,2;20,6;33,3;27,6;23,2;20,4;74;48;48;358;8,4;4,3;
2026/01/28;1500 UTC;0;1013,2;1014,2;1013,2;;33,9;20,6;34,6;29,2;22,5;19,5;65;43;46;352;8;4,3;
2026/01/28;1600 UTC;0;1012,8;1013,3;1012,7;;30,3;22,5;35,4;30,1;22,9;19,5;65;41;63;153;7,4;5,1;
2026/01/28;1700 UTC;0;1011,9;1012,8;1011,9;;30,5;23,1;30,7;29,1;24,1;22,3;71;61;65;126;8,6;5,4;
2026/01/28;1800 UTC;0;1011,3;1011,9;1011,3;;30,4;23;31,7;29,8;23,8;22,2;67;58;64;114;8,5;5,3;
2026/01/28;1900 UTC;0;1011,2;1011,5;1011,2;;31,2;21,4;32;30,4;23;21,4;64;55;56;98;8,9;5,2;
2026/01/28;2000 UTC;0;1011;1011,2;1010,8;;30,8;21,5;31,5;30,7;22,5;21,3;61;56;57;96;9;4,2;
2026/01/28;2100 UTC;0;1011,3;1011,3;1011;;29,2;22;30,8;29,1;22,2;21;66;56;65;81;9,5;4,5;
2026/01/28;2200 UTC;0;1012;1012;1011,2;;28;22,3;29,2;27,9;22,5;22,1;72;65;71;52;8,3;2,8;
2026/01/28;2300 UTC;0;1012,2;1012,3;1012;;27,6;22,4;28,1;27,4;22,4;21,8;73;70;73;100;5;1,1;
2026/01/29;0000 UTC;0;1013;1013;1012,2;;26,1;22,7;27,6;26,1;22,7;22,1;82;73;82;20;4,3;2,9;
2026/01/29;0100 UTC;0;1013,7;1013,7;1013;;25,9;24,1;26,2;25,9;24,1;22,7;89;82;89;346;4,9;1,6;
2026/01/29;0200 UTC;0;1013,4;1013,7;1013,4;;25,4;23,8;26;25,4;24,3;23,8;91;89;91;347;2,5;1,6;
2026/01/29;0300 UTC;0;1012,5;1013,4;1012,5;;25,4;23,8;25,5;25,1;24;23,6;92;91;91;34;3,8;2;
2026/01/29;0400 UTC;0;1011,8;1012,5;1011,8;;24,7;23,4;25,5;24,6;24;23,3;93;90;93;18;2,9;2;
2026/01/29;0500 UTC;0;1011,7;1011,9;1011,7;;24,7;22,8;24,7;24,4;23,4;22,8;93;89;89;18;4,4;3;
2026/01/29;0600 UTC;0;1011,1;1011,7;1011,1;;25,3;21,3;25,3;24,6;22,8;21,3;89;79;79;15;5,7;3,4;
2026/01/29;0700 UTC;0;1011,2;1011,3;1011,1;;24,9;20,5;25,3;24,7;21,3;20,5;81;76;76;6;6,3;4,3;
2026/01/29;0800 UTC;0;1011,5;1011,5;1011,2;;24,8;20,4;25;24,8;20,6;20,3;77;75;76;20;6,9;4,1;
2026/01/29;0900 UTC;0;1012,1;1012,1;1011,5;;24,9;20,4;24,9;24,5;20,4;20,3;78;76;76;27;6,8;3,5;
2026/01/29;1000 UTC;0;1012,4;1012,4;1012,1;;26,5;20,6;26,5;24,9;20,7;20,4;76;70;70;7;6,4;3,9;
2026/01/29;1100 UTC;0;1012,4;1012,4;1012,2;;28,5;21,1;28,6;26,5;21,2;20,6;70;64;64;6;7,4;4,3;
2026/01/29;1200 UTC;0;1012,2;1012,4;1012,1;;31,1;21,5;31,1;28,4;21,7;20,9;65;56;57;5;7,4;4,4;
2026/01/29;1300 UTC;0;1012,1;1012,2;1012,1;;33,1;20,7;33,6;31,1;21,5;20;57;47;48;343;8,6;4,8;
2026/01/29;1400 UTC;0;1011,7;1012,1;1011,7;;34,4;20,5;35;32,9;21,7;20,3;49;43;44;335;8,6;4,3;
2026/01/29;1500 UTC;0;1011,5;1011,8;1011,5;;29,4;24,4;35;29;24,5;19,4;75;41;74;157;8,2;5,4;
2026/01/29;1600 UTC;0;1011,5;1011,6;1011,4;;29,2;24,9;29,7;28,3;25,5;23,8;80;74;78;167;8,6;5;
2026/01/29;1700 UTC;0;1010,5;1011,5;1010,4;;28,6;24,6;29,5;28,6;25,4;24,5;81;77;79;149;5,8;4,5;
2026/01/29;1800 UTC;0;1009,8;1010,5;1009,8;;29;24,7;29,6;28,4;25,2;24,3;80;76;77;163;5,4;4,1;
2026/01/29;1900 UTC;0;1009,4;1009,8;1009,3;;29,3;24,2;29,5;28,4;25;23,8;79;73;74;160;5,9;3,4;
2026/01/29;2000 UTC;0;1009,8;1009,8;1009,4;;28,4;22,6;29,5;28,3;24,4;22,6;78;68;71;154;4,6;2,7;
2026/01/29;2100 UTC;0;1010;1010,5;1009,8;;28,6;20,5;29,4;28,2;23,7;20,5;75;62;62;360;8,2;2,9;
2026/01/29;2200 UTC;0;1010;1010,1;1009,8;;27;20,9;28,6;26,8;21;20,3;70;62;69;24;5,2;1,8;
2026/01/29;2300 UTC;0;1010,3;1010,4;1010;;25,3;21,3;27;25,3;21,3;20,7;78;69;78;337;7,2;4;
2026/01/30;0000 UTC;0;1010,3;1010,3;1010,1;;24,6;21,1;25,3;24,6;21,4;21,1;82;78;81;1;7,9;4,1;
2026/01/30;0100 UTC;0;1010,6;1010,8;1010,3;;24,8;20,5;24,8;24,5;21,1;20,5;81;77;77;16;7,1;4,2;
2026/01/30;0200 UTC;0;1010,2;1010,6;1010,2;;24,8;20,1;25;24,7;20,5;20,1;77;75;75;8;8,6;4,7;
2026/01/30;0300 UTC;0;1009,7;1010,2;1009,6;;24,4;19,9;24,8;24,4;20,1;19,8;76;74;76;9;8,2;4,4;
2026/01/30;0400 UTC;0;1008,8;1009,7;1008,8;;24,6;19,6;24,6;24,4;19,9;19,6;76;74;74;12;8,5;4,3;
2026/01/30;0500 UTC;0;1008,3;1008,8;1008,2;;24,4;19,5;24,6;24,1;19,7;19,5;76;74;74;5;7,1;4,6;
2026/01/30;0600 UTC;0;1007,8;1008,3;1007,8;;24,2;19,5;24,5;24,2;19,5;19,4;75;74;75;32;7,1;4,1;
2026/01/30;0700 UTC;0;1007,5;1007,8;1007,5;;24,1;19,4;24,3;24,1;19,5;19,4;75;74;75;29;6;3,2;
2026/01/30;0800 UTC;0;1007,7;1007,7;1007,4;;24,1;19,3;24,4;24,1;19,4;19,2;75;73;75;16;6,1;3,3;
2026/01/30;0900 UTC;0;1008,2;1008,2;1007,7;;24,1;19,4;24,2;24;19,4;19,3;75;74;75;11;7,1;4,3;
2026/01/30;1000 UTC;0;1009;1009;1008,2;;24,7;19,7;24,7;24,1;19,8;19,4;76;73;73;349;7,1;2,8;
2026/01/30;1100 UTC;0;1009,4;1009,5;1009;;25,4;20,1;25,4;24,7;20,3;19,6;74;72;73;352;6,2;2,9;
2026/01/30;1200 UTC;0;1009,3;1009,5;1009,3;;25,9;20,3;26;25,4;20,5;20,1;73;71;71;10;7;3,1;
2026/01/30;1300 UTC;0;1009,5;1009,5;1009,3;;27,3;20,6;27,3;25,8;21,1;20,3;72;67;67;348;6,6;4;
2026/01/30;1400 UTC;0;1009,1;1009,5;1009,1;;28;20,8;28;27,3;21,1;20,4;67;64;65;338;8,8;4,3;
2026/01/30;1500 UTC;0;1008,1;1009,1;1008,1;;28,9;21,2;28,9;28;21,3;20,6;66;62;63;3;8,8;3,3;
2026/01/30;1600 UTC;0;1007,1;1008,1;1007,1;;30,6;21,7;30,6;28,9;22;20,9;64;59;59;351;5,9;2,5;
2026/01/30;1700 UTC;0;1006,3;1007,1;1006,2;;32,1;23;32,2;28,3;23;21,2;70;53;59;105;5,9;3,2;
2026/01/30;1800 UTC;0;1005,8;1006,3;1005,7;;30,2;22,1;32,6;30,2;23;22;62;55;62;90;6,8;4,2;
2026/01/30;1900 UTC;0;1005,3;1005,8;1005,2;;28;22,6;30,2;27,9;22,7;22,1;73;62;73;88;7;3,6;
2026/01/30;2000 UTC;7,8;1006,4;1006,5;1005,2;;23;22;28;22,9;22,8;21;95;71;94;357;11,5;2,1;
2026/01/30;2100 UTC;1,2;1006,6;1006,6;1006,1;;22,8;21,9;23;22,6;22,1;21,7;95;94;95;18;6;2,1;
2026/01/30;2200 UTC;0;1007;1007,1;1006,6;;23,3;22,2;23,5;22,8;22,4;21,9;95;93;94;105;2,8;1,7;
2026/01/30;2300 UTC;0;1007;1007,1;1006,9;;22,9;21,8;23,3;22,8;22,3;21,8;95;93;93;32;2,2;,9;
2026/01/31;0000 UTC;0;1007,2;1007,2;1007;;23,2;22,4;23,6;22,9;22,6;21,8;95;92;95;21;3,1;2,1;
2026/01/31;0100 UTC;0;1008;1008;1007,2;;23,3;22,6;23,3;23,1;22,7;22,4;96;95;96;1;3;1,9;
2026/01/31;0200 UTC;0;1007,5;1008;1007,4;;23,2;22,7;23,3;23,2;22,7;22,6;97;96;97;19;2,8;1,9;
2026/01/31;0300 UTC;0;1006,5;1007,5;1006,5;;23,4;22,9;23,5;23,2;23;22,6;97;97;97;352;2,6;1,3;
2026/01/31;0400 UTC;0;1005,4;1006,5;1005,4;;23;22,6;23,4;23;22,9;22,6;97;97;97;26;3,8;2,7;
2026/01/31;0500 UTC;0;1004,6;1005,4;1004,6;;22,8;22,4;23;22,8;22,6;22,4;97;97;97;24;4,4;1,4;
2026/01/31;0600 UTC;0;1004,4;1004,6;1004,4;;22,8;22,3;23;22,8;22,6;22,3;97;97;97;32;3,6;1,4;
2026/01/31;0700 UTC;0;1004,3;1004,5;1004,3;;22,9;22,3;23;22,8;22,5;22,3;97;96;96;15;5,4;3,4;
2026/01/31;0800 UTC;0;1004,8;1004,8;1004,3;;22,8;22;22,9;22,7;22,3;21,9;96;95;95;2;5,4;3,5;
2026/01/31;0900 UTC;0;1005,5;1005,5;1004,8;;23,1;21,9;23,1;22,8;22;21,8;95;93;93;343;5,3;2,9;
2026/01/31;1000 UTC;0;1006,2;1006,2;1005,5;;25,1;23,3;25,1;23,1;23,3;21,9;93;88;90;324;4,3;2;
2026/01/31;1100 UTC;0;1006,8;1006,8;1006,2;;26,1;23,6;26,6;25,1;24,2;23,3;90;85;86;263;4,1;2,6;
2026/01/31;1200 UTC;0;1007,1;1007,1;1006,8;;27;23,6;27,2;26;24,3;23,1;88;80;82;242;4,3;3,2;
2026/01/31;1300 UTC;0;1006,9;1007,1;1006,9;;27,6;23;28,1;26,7;23,8;22,3;82;72;76;224;4,2;3,3;
2026/01/31;1400 UTC;0;1006,8;1006,9;1006,8;;27,7;22,7;28,2;27,4;24,1;22,6;80;74;74;210;4,9;4;
2026/01/31;1500 UTC;0;1006,5;1006,8;1006,5;;27,8;23,4;27,8;27,2;23,5;21,8;79;71;77;188;4,9;3,8;
2026/01/31;1600 UTC;0;1006,2;1006,5;1006,2;;28,6;24;28,6;27,5;24;22,5;78;74;76;181;6;4,9;
2026/01/31;1700 UTC;0;1006;1006,3;1005,8;;28,2;23,7;28,6;27,6;24,3;22,9;79;73;77;171;7,2;5,6;
2026/01/31;1800 UTC;0;1005,4;1006;1005,4;;27,8;22,9;28,5;27,7;24,3;22,9;80;73;75;170;7,8;6,4;
2026/01/31;1900 UTC;0;1005,4;1005,6;1005,3;;27,5;23,4;28,3;26,9;24;22,5;81;73;79;193;7,8;5,8;
2026/01/31;2000 UTC;0;1005,6;1005,7;1005,4;;27,1;22,7;27,7;27,1;23,6;22,4;79;75;77;174;7,6;3;
2026/01/31;2100 UTC;0;1006,1;1006,3;1005,5;;27,6;22,8;27,6;26,9;23,2;22,4;78;74;75;139;4;1,2;
2026/01/31;2200 UTC;0;1006,3;1006,3;1005,7;;25,9;22,3;27,8;25,9;23;21,9;81;74;81;56;3,7;1,3;
2026/01/31;2300 UTC;0;1006,9;1006,9;1006,3;;24,6;22,8;26;24,6;22,8;22,2;89;80;89;17;3,1;2;
2026/02/01;0000 UTC;0;1006,9;1006,9;1006,7;;24,1;22,6;24,7;24,1;22,9;22,6;92;89;91;34;3,1;1,1;
2026/02/01;0100 UTC;0;1007,3;1007,4;1006,9;;23,4;22;24,1;23,4;22,6;22;93;91;92;24;3,5;2,2;
2026/02/01;0200 UTC;0;1007,3;1007,5;1007,3;;23;21,7;23,4;23;22;21,7;93;92;93;12;3,7;1,8;
2026/02/01;0300 UTC;0;1006,5;1007,3;1006,5;;22,9;21,9;23;22,8;22;21,7;94;93;94;25;3,3;2,3;
2026/02/01;0400 UTC;0;1006;1006,5;1006;;22,8;21,8;22,9;22,5;21,9;21,6;95;94;95;15;4;3;
2026/02/01;0500 UTC;0;1005,4;1006,2;1005,3;;22,9;22,1;23,1;22,7;22,2;21,8;95;94;95;7;4;2,6;
2026/02/01;0600 UTC;0;1005;1005,4;1004,9;;23;22,2;23,1;22,9;22,3;22,1;95;95;95;20;3,7;2,1;
2026/02/01;0700 UTC;0;1004,3;1005;1004,3;;23,3;22,3;23,3;23;22,4;22,2;95;94;94;20;5;2,9;
2026/02/01;0800 UTC;0;1004,4;1004,5;1004,2;;23,6;22,2;23,6;23,2;22,3;22;94;92;92;11;7;4,9;
2026/02/01;0900 UTC;0;1004,7;1004,8;1004,3;;24;22,2;24;23,6;22,2;22;92;90;90;3;7,5;4,6;
2026/02/01;1000 UTC;0;1004,9;1005;1004,7;;26,3;22,3;26,3;24;22,4;22,2;90;79;79;3;7,9;4,8;
2026/02/01;1100 UTC;0;1005,5;1005,5;1004,9;;28,9;22,3;28,9;26,3;22,6;22,1;79;68;68;356;9,3;5,3;
2026/02/01;1200 UTC;0;1005,8;1005,9;1005,5;;31,2;22,4;31,5;28,9;22,9;22;68;59;59;6;10,2;4,5;
2026/02/01;1300 UTC;0;1005,3;1005,8;1005,3;;33,1;22,4;33,1;31,2;23,3;21,8;60;53;53;353;11,8;6,7;
2026/02/01;1400 UTC;0;1004,7;1005,3;1004,6;;35,2;22,4;35,4;33,1;23,2;22,2;55;47;47;338;11,8;6;
2026/02/01;1500 UTC;0;1004,2;1004,7;1004,1;;35,8;22,2;37,1;34,8;22,7;22;49;43;46;331;10,3;5,4;
2026/02/01;1600 UTC;0;1003,1;1004,2;1003;;38;21,6;38;35,2;22,9;21,1;48;39;39;338;9,7;4,4;
2026/02/01;1700 UTC;0;1002,4;1003,1;1002,2;;32,3;24;39,5;32,3;24;20,6;61;34;61;165;9,7;3,4;
2026/02/01;1800 UTC;0;1002,1;1002,5;1002,1;;32,7;23,7;33,6;31,2;25,6;23,4;70;58;59;114;9,1;4,3;
2026/02/01;1900 UTC;1,4;1003,6;1003,6;1001,8;;24,2;20,7;33,6;24,2;23,7;20,7;81;55;81;353;20,6;11,9;
2026/02/01;2000 UTC;9,2;1002,3;1003,6;1002,2;;24,8;22,6;24,9;22,2;22,6;20,7;94;80;88;55;20,6;3,9;
2026/02/01;2100 UTC;,2;1003,9;1004,1;1002,3;;26,2;23;28,7;24,8;23,9;22,5;88;70;82;195;17;7;
2026/02/01;2200 UTC;0;1005,1;1005,5;1003,9;;26;23,1;27,1;26;23,7;22,4;84;78;84;133;11,6;4;
2026/02/01;2300 UTC;11,2;1009,2;1009,4;1005,1;;22,2;21,9;26,5;22;24;21,5;98;78;98;227;22,9;13,4;
2026/02/02;0000 UTC;8,6;1007,3;1009,5;1007;;22,3;21,8;22,8;22;22,4;21,7;98;97;97;71;20,1;2,7;
2026/02/02;0100 UTC;0;1007,1;1007,3;1006,9;;22,2;21,6;22,3;22,1;21,8;21,6;97;96;96;13;6,9;4,2;
2026/02/02;0200 UTC;0;1006,9;1007,1;1006,8;;22,2;21,6;22,2;22;21,6;21,3;96;96;96;351;6,9;,8;
2026/02/02;0300 UTC;0;1006,2;1007;1006,2;;22,4;21,9;22,9;22,2;22,1;21,7;97;95;97;3;5,9;2,7;
2026/02/02;0400 UTC;0;1005,6;1006,2;1005,6;;21,8;21,4;22,4;21,8;21,8;21,4;98;97;98;49;4;1,5;
2026/02/02;0500 UTC;0;1005,3;1005,6;1005,2;;21,8;21,5;21,8;21,5;21,5;21,1;98;98;98;354;3,8;2,8;
2026/02/02;0600 UTC;,2;1005,6;1005,7;1005,3;;22,4;22;22,4;21,6;22;21,3;98;97;97;1;5,9;3,9;
2026/02/02;0700 UTC;0;1005,9;1006;1005,5;;22,8;21,9;22,8;22,4;22;21,8;97;95;95;7;6,6;4;
2026/02/02;0800 UTC;0;1006;1006;1005,8;;23,3;21,6;23,4;22,8;22;21,6;95;90;90;2;8,1;3,8;
2026/02/02;0900 UTC;0;1006,4;1006,4;1006;;23,2;21,8;23,3;23,1;21,8;21,6;92;90;92;5;5,9;3,1;
2026/02/02;1000 UTC;0;1006,4;1006,5;1006,2;;25,1;22,6;25,1;23,2;22,6;21,8;92;86;86;16;5,4;2,9;
2026/02/02;1100 UTC;0;1006,8;1006,8;1006,3;;27,9;22,9;28,3;25,1;23,4;22,4;86;73;74;357;5,5;2,8;
2026/02/02;1200 UTC;0;1006,9;1007;1006,8;;28,7;23,4;28,8;27,9;23,9;22,8;77;73;73;348;5,2;3,2;
2026/02/02;1300 UTC;0;1007,1;1007,1;1006,9;;30,2;23,7;30,8;28,7;24,6;23,3;75;66;69;343;6,5;3,8;
2026/02/02;1400 UTC;0;1006,9;1007,1;1006,9;;30,5;23,9;30,8;30,2;24,4;23,5;70;66;68;330;6,5;3,2;
2026/02/02;1500 UTC;0;1007,1;1007,2;1006,9;;28,7;24,9;30,6;28,7;25;23,4;80;66;80;246;5,6;2,8;
2026/02/02;1600 UTC;0;1006,9;1007,1;1006,9;;27,7;23,9;28,7;27,7;25,3;23,5;87;77;80;206;7,3;6,3;
2026/02/02;1700 UTC;0;1006,6;1007;1006,6;;27,7;24,1;27,8;27,5;24,5;23,8;84;79;81;209;7,6;4,4;
2026/02/02;1800 UTC;0;1006,5;1006,7;1006,5;;27,5;23,9;27,8;27,5;24,4;23,5;83;79;81;210;6,4;4,3;
2026/02/02;1900 UTC;0;1006,4;1006,6;1006,4;;27,5;24,6;27,7;27,3;24,6;23,7;84;80;84;196;5,1;2,5;
2026/02/02;2000 UTC;0;1006,5;1006,5;1006,2;;27,5;24,7;27,6;27,4;24,7;24,1;85;82;85;206;3,4;2,4;
2026/02/02;2100 UTC;0;1006,8;1006,8;1006,2;;27,3;24,4;27,5;27,3;24,7;23,9;85;81;84;203;3,2;2,6;
2026/02/02;2200 UTC;0;1007,8;1007,8;1006,8;;27,1;24,7;27,3;27,1;24,8;24,2;87;83;87;225;3,2;1,4;
2026/02/02;2300 UTC;0;1008,3;1008,3;1007,8;;26,1;24,5;27,2;26;24,8;24,3;91;85;91;50;2,1;1,2;
2026/02/03;0000 UTC;0;1008,8;1008,8;1008,3;;25,8;24,4;26,1;25,7;24,5;24,3;92;91;92;24;1,9;1,1;
2026/02/03;0100 UTC;0;1009;1009;1008,8;;25,1;23,9;25,8;25,1;24,4;23,8;93;91;93;24;2,6;1,5;
2026/02/03;0200 UTC;0;1008,8;1009,1;1008,8;;24,8;23,6;25,1;24,8;24;23,6;94;93;93;27;3,1;1,9;
2026/02/03;0300 UTC;0;1008,6;1008,8;1008,6;;24,8;23,8;24,9;24,8;23,8;23,6;94;93;94;16;3,2;2,2;
2026/02/03;0400 UTC;0;1008,2;1008,6;1008,2;;24,7;23,9;24,9;24,7;23,9;23,8;95;94;95;18;3,5;1,9;
2026/02/03;0500 UTC;0;1007,5;1008,2;1007,5;;24,7;24;24,7;24,6;24;23,9;96;95;96;8;2,8;1,8;
2026/02/03;0600 UTC;0;1007,2;1007,5;1007,2;;24,7;24;24,7;24,7;24,1;24;96;96;96;22;3,3;2,1;
2026/02/03;0700 UTC;0;1006,9;1007,2;1006,7;;24,9;23,9;24,9;24,7;24,1;23,9;96;94;94;5;4;2,6;
2026/02/03;0800 UTC;0;1007,2;1007,2;1006,8;;24,8;23,4;24,9;24,7;23,9;23,4;94;92;92;12;4,4;2,9;
2026/02/03;0900 UTC;0;1007,5;1007,6;1007,2;;24,7;23,1;24,8;24,7;23,4;23,1;92;91;91;16;4,4;2,6;
2026/02/03;1000 UTC;0;1007,7;1007,8;1007,5;;25,8;23,4;25,8;24,7;23,4;23;91;86;86;32;5,1;2,6;
2026/02/03;1100 UTC;0;1008,1;1008,1;1007,6;;28,5;23,3;28,5;25,8;23,7;23,1;87;74;74;10;5,9;3,7;
2026/02/03;1200 UTC;0;1008,4;1008,4;1008,1;;30,3;23,5;30,4;28,4;24,1;23;74;67;67;3;6,3;3,1;
2026/02/03;1300 UTC;0;1008,3;1008,5;1008,3;;31,9;23,5;31,9;30;24;22,3;69;60;61;1;5,4;1,7;
2026/02/03;1400 UTC;0;1007,8;1008,3;1007,8;;29,8;24,9;32,2;29,2;25,7;22,8;80;59;75;125;7,6;5,7;
2026/02/03;1500 UTC;0;1007,4;1007,8;1007,4;;30;24,9;31;29,3;25,7;24,3;79;72;74;116;7,9;4,7;
2026/02/03;1600 UTC;0;1006,7;1007,4;1006,7;;31,7;25;31,7;29,4;25,8;24,5;78;68;68;100;9,9;5,2;
2026/02/03;1700 UTC;0;1006,1;1006,7;1006,1;;30,6;24,7;31,7;28,8;24,9;23,5;75;65;71;99;9,9;4,6;
2026/02/03;1800 UTC;0;1006,2;1006,2;1005,8;;27,6;24,2;30,7;27,6;24,7;23,8;82;69;81;92;8,3;4,1;
2026/02/03;1900 UTC;,2;1005,6;1006,2;1005,5;;26,8;24,3;27,6;26,8;24,8;24,1;87;81;86;64;8;2,5;
2026/02/03;2000 UTC;,4;1006,1;1006,6;1005,6;;26,1;24,9;26,8;25,9;24,9;24,1;93;86;93;339;4,9;,7;
2026/02/03;2100 UTC;0;1006,1;1006,3;1006,1;;26,2;24,9;26,8;26,1;25,3;24,6;93;90;93;53;1,5;,9;
2026/02/03;2200 UTC;0;1006,6;1006,6;1006,1;;25,8;24,9;26,3;25,8;25,2;24,8;95;92;95;2;1,8;1,2;
2026/02/03;2300 UTC;0;1007,3;1007,4;1006,6;;25,7;24,9;25,8;25,7;25,1;24,9;96;95;95;91;2;1,1;
2026/02/04;0000 UTC;0;1007,9;1008;1007,3;;25,6;24,9;25,8;25,6;25;24,8;96;95;96;2;1,9;1,1;
2026/02/04;0100 UTC;0;1008,3;1008,4;1007,9;;25,3;24,4;25,7;25,3;25,1;24,4;96;95;95;7;3,5;2,6;
2026/02/04;0200 UTC;0;1007,9;1008,3;1007,9;;25,2;24,4;25,4;25,2;24,6;24,4;95;95;95;14;3,6;2,2;
2026/02/04;0300 UTC;0;1007,4;1007,9;1007,4;;25,1;24,2;25,2;25,1;24,4;24,2;96;95;95;30;4,4;2;
2026/02/04;0400 UTC;0;1006,5;1007,4;1006,5;;24,9;24;25,1;24,7;24,2;23,9;95;94;95;332;5,3;,9;
2026/02/04;0500 UTC;0;1005,9;1006,5;1005,9;;24,6;23,9;24,9;24,6;24,1;23,9;96;95;96;355;3,5;2,2;
2026/02/04;0600 UTC;0;1005,3;1005,9;1005,1;;24,5;23,8;24,6;24,5;23,9;23,8;96;95;96;358;3,6;1,6;
2026/02/04;0700 UTC;0;1004,8;1005,3;1004,7;;24,8;23,5;24,8;24,5;23,8;23,5;96;92;92;10;6,4;3,5;
2026/02/04;0800 UTC;0;1004,8;1004,8;1004,6;;24,8;23,3;25;24,6;23,5;23,2;93;91;91;1;5,8;3,7;
2026/02/04;0900 UTC;0;1005,1;1005,1;1004,8;;25,5;23,2;25,5;24,8;23,3;23,2;91;87;87;358;6,6;4,3;
2026/02/04;1000 UTC;0;1005,6;1005,6;1005,1;;26,4;23,4;26,4;25,5;23,4;23,2;87;83;83;18;7,5;2,6;
2026/02/04;1100 UTC;0;1005,8;1005,9;1005,6;;28,3;23,7;28,3;26,4;24,2;23,3;84;76;76;9;6;2,8;
2026/02/04;1200 UTC;0;1006,4;1006,5;1005,8;;29,5;23,4;29,8;28,3;24,2;23,1;76;69;70;348;8,1;4;
2026/02/04;1300 UTC;0;1007,1;1007,2;1006,4;;28,2;25,4;31,5;28,2;25,6;22,8;85;64;85;249;8,4;4,9;
2026/02/04;1400 UTC;0;1007,2;1007,3;1007,1;;28,3;25,8;28,8;27,9;26,1;25,4;87;84;86;233;6,7;5,4;
2026/02/04;1500 UTC;0;1007;1007,3;1007;;28,8;25,8;28,9;28,1;26,1;25,1;86;82;84;230;7,7;5,2;
2026/02/04;1600 UTC;0;1007;1007,1;1007;;28,5;25,6;28,7;27,8;26;25,2;88;83;85;222;6,4;4,7;
2026/02/04;1700 UTC;0;1006,9;1007;1006,8;;27,7;25,6;28,6;27,6;25,9;25,3;89;84;88;228;6,2;3,8;
2026/02/04;1800 UTC;0;1006,6;1006,9;1006,5;;27,6;25,7;28;27,5;25,8;25,4;90;87;90;214;5,9;4,5;
2026/02/04;1900 UTC;0;1006,2;1006,6;1006,2;;27,9;25,7;28,1;27,5;26;25,6;90;87;88;201;5,1;2,2;
2026/02/04;2000 UTC;0;1006,3;1006,5;1006,2;;27,9;25,7;28,4;27,7;26;25,5;89;86;88;197;3,2;2;
2026/02/04;2100 UTC;0;1007,2;1007,2;1006,3;;27,8;25,7;28,4;27,6;25,8;25,2;89;83;88;218;2,7;1,9;
2026/02/04;2200 UTC;0;1008;1008;1007,2;;27,6;25,1;27,8;27,5;25,7;25;89;86;86;230;2,9;1,2;
2026/02/04;2300 UTC;,2;1008,8;1008,8;1007,9;;26,7;25,2;27,7;26,7;25,4;25;91;86;91;305;3,2;2,1;
2026/02/05;0000 UTC;1,6;1009,5;1009,5;1008,7;;25,9;25,2;26,7;25,9;25,3;25,1;96;91;96;318;2,8;1,5;
2026/02/05;0100 UTC;1;1010,8;1010,8;1009,5;;24,2;21,7;25,9;24,2;25,4;21,7;97;86;86;259;12,7;6,9;
2026/02/05;0200 UTC;33,6;1010,1;1010,9;1009,8;;22,8;22,6;24,2;22,2;22,6;21,6;99;85;99;17;13,3;3,1;
2026/02/05;0300 UTC;3;1009,8;1010,4;1009,8;;22,8;22,6;23;22,7;22,8;22,5;99;99;99;351;6,4;2,9;
2026/02/05;0400 UTC;,6;1009;1009,8;1008,9;;22,8;22,6;22,8;22,7;22,6;22,5;99;99;99;353;4,7;2,1;
2026/02/05;0500 UTC;0;1008,2;1009;1008,2;;22,5;22,2;22,8;22,5;22,6;22,2;99;98;98;4;4,1;2,2;
2026/02/05;0600 UTC;0;1007,7;1008,2;1007,7;;22,4;22,1;22,5;22,4;22,2;22,1;98;98;98;4;3,6;2,1;
2026/02/05;0700 UTC;0;1007,6;1007,8;1007,6;;22,4;22;22,5;22,4;22,2;22;98;98;98;10;4,6;3;
2026/02/05;0800 UTC;0;1007,6;1007,6;1007,4;;22,6;21,9;22,6;22,4;22;21,9;98;96;96;17;5;3,4;
2026/02/05;0900 UTC;0;1008;1008;1007,5;;23,2;22,3;23,2;22,6;22,3;21,9;96;95;95;11;4,8;3;
2026/02/05;1000 UTC;0;1008,8;1008,8;1008;;24,3;23,2;24,3;23,2;23,2;22,4;95;93;93;357;4,4;2,5;
2026/02/05;1100 UTC;0;1009,2;1009,2;1008,8;;25,9;23,6;25,9;24,3;23,9;23,2;93;87;87;357;3,3;2,3;
2026/02/05;1200 UTC;0;1009,5;1009,5;1009,2;;28,1;23,1;28,4;25,9;24,1;22,7;87;72;74;323;3,4;1,4;
2026/02/05;1300 UTC;0;1009,7;1009,7;1009,4;;27,9;23,5;29,1;27,8;24,2;22,7;78;71;77;233;3,3;1,8;
2026/02/05;1400 UTC;0;1009,5;1009,8;1009,5;;28,1;23,7;28,5;27,7;24,2;23;79;75;77;211;2,7;2,1;
2026/02/05;1500 UTC;0;1009,4;1009,6;1009,4;;28,2;23,8;28,9;28;24,9;23,5;81;75;77;201;4,9;3,5;
2026/02/05;1600 UTC;0;1008,7;1009,4;1008,7;;28,6;24,4;29,2;28,1;25;23,6;80;75;78;192;4,2;3,2;
2026/02/05;1700 UTC;0;1008,2;1008,7;1008,2;;27,9;24,5;29,2;27,7;25,1;24;85;76;82;212;4,8;3,9;
2026/02/05;1800 UTC;0;1007,5;1008,2;1007,4;;27,7;25;28,7;27,5;25,1;24,2;86;79;85;226;5,9;4;
2026/02/05;1900 UTC;0;1007,9;1007,9;1007,5;;27,3;25,1;27,7;27,3;25,2;24,5;88;84;88;247;7,3;5,7;
2026/02/05;2000 UTC;,2;1007,9;1007,9;1007,6;;26;24,4;27,4;25,9;25,4;23,6;91;85;91;251;12,1;8,9;
2026/02/05;2100 UTC;0;1007,9;1008,1;1007,9;;26,4;24,7;26,5;25,9;24,9;23,9;92;89;90;233;11,1;7,7;
2026/02/05;2200 UTC;0;1009,1;1009,1;1007,9;;26,1;24,7;26,4;25,8;24,8;24,3;92;90;92;259;9,3;4,4;
2026/02/05;2300 UTC;3,8;1009,7;1009,7;1009,1;;25,5;24,9;26,5;25,3;25,2;24,3;97;88;96;257;9,3;4,7;
2026/02/06;0000 UTC;2,6;1010;1010;1009,7;;26,3;25,1;26,3;24,9;25,1;24,3;98;93;93;218;6,9;5,3;
2026/02/06;0100 UTC;0;1010,4;1010,4;1010;;26;24,6;26,6;25,9;25,1;24,2;93;88;92;252;7,1;4,3;
2026/02/06;0200 UTC;0;1010,4;1010,5;1010,4;;25,7;24,2;26,7;25,6;25,1;24,1;93;88;92;213;8,9;7,6;
2026/02/06;0300 UTC;0;1010;1010,5;1010;;25,8;24,7;26,3;25,4;25,1;24;95;89;93;253;8,6;5,6;
2026/02/06;0400 UTC;2,4;1009,8;1010,2;1009,8;;25,7;24,3;26;25,1;24,7;23,9;95;90;92;239;8,6;5,7;
2026/02/06;0500 UTC;1,2;1009,5;1009,8;1009,4;;24,6;24;25,7;24,4;24,3;23,6;97;92;97;308;7,3;2,4;
2026/02/06;0600 UTC;10,2;1009,2;1009,5;1009,2;;24,2;23,8;24,9;24,1;24,5;23,8;98;97;98;280;8,9;3,6;
2026/02/06;0700 UTC;5,2;1009,3;1009,3;1009,2;;23,9;23,6;24,1;23,9;23,9;23,6;99;98;98;280;5,6;3;
2026/02/06;0800 UTC;,4;1009;1009,4;1009;;23,9;23,6;24,4;23,9;24;23,6;98;97;98;314;5,3;1,6;
2026/02/06;0900 UTC;0;1009,2;1009,2;1009;;24,2;23,8;24,4;23,9;24;23,5;98;97;98;8;4,6;2,2;
2026/02/06;1000 UTC;0;1009,7;1009,7;1009,2;;25;24,6;25;24,2;24,6;23,8;98;98;98;360;3,3;2;
2026/02/06;1100 UTC;0;1010,2;1010,2;1009,7;;25,5;24,8;25,5;24,8;25;24,3;98;96;96;7;4;2,6;
2026/02/06;1200 UTC;,2;1010,8;1010,8;1010,2;;26,4;24,6;26,5;25,5;25,2;24,3;96;90;90;257;4,6;2,6;
2026/02/06;1300 UTC;0;1011,2;1011,2;1010,9;;27,4;24,3;27,7;26,3;25;24,1;90;83;83;244;4,6;3,5;
2026/02/06;1400 UTC;0;1011,3;1011,3;1011,2;;28,2;24,7;28,3;27,3;25,2;23,8;86;80;81;221;4,6;3,1;
2026/02/06;1500 UTC;0;1010,8;1011,3;1010,7;;27,8;24,6;28,6;27,4;25,2;23,9;83;79;83;194;4,9;4;
2026/02/06;1600 UTC;0;1010,1;1010,8;1010,1;;28,3;24,5;28,5;27,5;25;23,7;84;77;80;181;5,3;4;
2026/02/06;1700 UTC;0;1009,5;1010,1;1009,5;;28,4;24,7;28,6;27,9;24,9;23,9;82;78;80;179;5,7;4,5;
2026/02/06;1800 UTC;0;1008,9;1009,6;1008,9;;28,2;24,8;28,6;27,9;25,3;23,9;83;78;82;168;6,2;5,1;
2026/02/06;1900 UTC;0;1008,4;1008,9;1008,3;;28,3;25;28,7;27,7;25,3;23,9;83;78;82;155;6,2;5;
2026/02/06;2000 UTC;0;1009,1;1009,1;1008,4;;27,8;24,2;28,3;27,3;24,8;23,8;84;80;81;159;6,2;4,2;
2026/02/06;2100 UTC;0;1009,2;1009,4;1009;;27,2;24,2;27,8;27,1;24,6;23,9;84;81;84;168;6,7;5,4;
2026/02/06;2200 UTC;0;1010,1;1010,1;1009,2;;26,7;23,4;27,3;26,7;24,6;23,2;86;80;82;132;6,7;4;
2026/02/06;2300 UTC;0;1010,7;1010,8;1010,1;;27,1;23,9;27,1;26,6;24,1;23,2;84;81;83;146;5,2;2,7;
2026/02/07;0000 UTC;0;1011;1011;1010,7;;26,8;24,1;27,1;26,3;24,4;23,9;89;83;85;132;4;3,1;
2026/02/07;0100 UTC;,2;1011,1;1011,2;1010,9;;26,5;24,5;26,8;26,1;24,6;24,2;90;85;89;115;4,7;2,9;
2026/02/07;0200 UTC;,4;1010,8;1011,3;1010,8;;25,6;24,8;26,5;25,5;24,9;24,4;95;89;95;33;4,7;1,3;
2026/02/07;0300 UTC;,2;1010,3;1010,8;1010,3;;25,1;24,5;25,6;25;24,8;24,5;97;95;97;358;4,4;2,5;
2026/02/07;0400 UTC;0;1009,6;1010,3;1009,6;;24,9;24,4;25,1;24,9;24,5;24,3;97;97;97;263;3,3;,5;
2026/02/07;0500 UTC;0;1009,8;1009,8;1009,5;;24,2;23,7;24,9;24,2;24,3;23,7;97;97;97;355;3,9;2,2;
2026/02/07;0600 UTC;0;1009,1;1009,8;1009,1;;23,9;23,5;24,2;23,9;23,7;23,5;97;97;97;23;3,2;1,4;
2026/02/07;0700 UTC;0;1009,1;1009,1;1009;;23,8;23,4;23,9;23,8;23,5;23,3;98;97;98;358;3,2;1,5;
2026/02/07;0800 UTC;0;1009,5;1009,5;1009;;23,9;23,5;23,9;23,6;23,5;23,3;98;98;98;358;3,4;2,5;
2026/02/07;0900 UTC;0;1009,9;1009,9;1009,5;;23,8;23,4;23,9;23,7;23,6;23,3;98;98;98;27;4;2,7;
2026/02/07;1000 UTC;0;1010,2;1010,3;1009,9;;25,6;24,4;25,6;23,8;24,6;23,4;98;93;93;16;4;1,2;
2026/02/07;1100 UTC;0;1010,8;1010,9;1010,2;;27,1;23,7;27,2;25,6;24,8;23,5;94;81;81;353;3,2;1,2;
2026/02/07;1200 UTC;0;1010,7;1010,8;1010,6;;28,2;23,6;28,6;27;24;23,3;82;75;76;171;3,6;,6;
2026/02/07;1300 UTC;0;1011;1011;1010,7;;27,6;23,8;28,2;27,6;24,2;23,1;81;75;80;179;3,2;2,1;
2026/02/07;1400 UTC;0;1010,8;1011;1010,7;;27,9;24,4;27,9;27,5;24,5;23,7;83;79;81;155;3,6;2,2;
2026/02/07;1500 UTC;0;1010,5;1010,9;1010,5;;28,1;24,5;28,3;27,7;24,8;23,9;82;79;81;134;4,2;3;
2026/02/07;1600 UTC;0;1009,6;1010,6;1009,6;;28,5;24,7;29;27,9;25,4;24,2;84;79;80;158;6;4,9;
2026/02/07;1700 UTC;0;1008,6;1009,6;1008,6;;28,5;24,4;28,9;28;25,3;24,3;82;78;78;146;6,1;5,1;
2026/02/07;1800 UTC;0;1008;1008,6;1008;;28,4;24,4;28,9;28;25;24,1;82;78;79;148;7,1;6,1;
2026/02/07;1900 UTC;0;1008,5;1008,7;1008;;27,5;24,7;28,8;27,5;24,9;23,8;85;78;85;130;7;4,6;
2026/02/07;2000 UTC;26,2;1008,8;1011;1008,4;;22;21,8;27,6;21,5;25;21,1;99;79;99;53;19,8;1,9;
2026/02/07;2100 UTC;2,4;1009,8;1009,8;1008,6;;22,5;22,2;22,6;22;22,3;21,8;99;98;98;183;4,5;1,5;
2026/02/07;2200 UTC;1,4;1010,6;1010,8;1009,8;;22,7;22,3;22,7;22,5;22,4;22,2;98;98;98;75;2,4;1,4;
2026/02/07;2300 UTC;0;1010,7;1010,7;1010,5;;23;22,7;23,1;22,7;22,7;22,3;98;98;98;339;3,1;1,5;
2026/02/08;0000 UTC;0;1010,6;1010,8;1010,6;;23,3;22,9;23,3;23;22,9;22,6;98;98;98;360;2,7;1,8;
2026/02/08;0100 UTC;0;1010,7;1010,7;1010,5;;23,5;23,2;23,5;23,3;23,2;22,9;98;98;98;6;3;1,8;
2026/02/08;0200 UTC;0;1011;1011;1010,7;;23,5;23,2;23,5;23,5;23,2;23,1;98;98;98;12;3,4;1,9;
2026/02/08;0300 UTC;,2;1010,6;1011,1;1010,6;;23,6;23,2;23,6;23,5;23,2;23,1;98;98;98;28;2,8;1,7;
2026/02/08;0400 UTC;0;1010,1;1010,6;1010,1;;23,6;23,2;23,6;23,5;23,2;23,1;98;98;98;323;3,2;1,4;
2026/02/08;0500 UTC;0;1010,1;1010,2;1010;;23,8;23,4;23,8;23,6;23,4;23,2;98;98;98;7;4,4;2,6;
2026/02/08;0600 UTC;,2;1010;1010,2;1009,8;;25,6;24,8;25,6;23,8;24,8;23,4;98;95;95;261;11,1;6,3;
2026/02/08;0700 UTC;1,8;1010,6;1010,6;1010;;23,8;22,4;25,8;23,5;24,6;21,2;95;81;92;241;14,1;7,9;
2026/02/08;0800 UTC;0;1010,6;1010,6;1010,3;;22,9;22,2;24,3;22,9;23,1;21,5;96;86;96;340;10,8;1,7;
2026/02/08;0900 UTC;0;1011,1;1011,1;1010,6;;22,8;22,4;22,9;22,8;22,4;22,2;97;96;97;354;3,4;1,4;
2026/02/08;1000 UTC;0;1011,9;1011,9;1011,1;;23,4;23;23,5;22,8;23,1;22,4;98;97;97;11;4;2,3;
2026/02/08;1100 UTC;0;1012,2;1012,2;1011,9;;24,3;23,5;24,3;23,4;23,5;23;98;95;95;5;3,6;2;
2026/02/08;1200 UTC;0;1011,9;1012,2;1011,9;;26,2;23,4;26,3;24,3;24,1;23,3;95;85;85;360;3,4;1,8;
2026/02/08;1300 UTC;0;1011,5;1012;1011,5;;27,9;23,1;28,1;26,2;23,7;22,2;85;72;75;318;4;2;
2026/02/08;1400 UTC;0;1011;1011,5;1011;;28,8;22,7;28,9;27,4;23,4;21,8;76;67;69;347;4,5;1,7;
2026/02/08;1500 UTC;0;1010,6;1011;1010,5;;29,8;23,2;30;28,8;23,4;22,1;71;63;68;247;4,1;,8;
2026/02/08;1600 UTC;0;1009,9;1010,6;1009,9;;27,7;23,1;29,8;27,3;23,6;22,7;79;67;76;172;5,4;4,6;
2026/02/08;1700 UTC;0;1009,6;1009,9;1009,5;;27,1;24;28;27,1;24,4;23;84;75;83;179;8,1;6,5;
2026/02/08;1800 UTC;0;1009,4;1009,6;1009,3;;27,5;23,7;27,8;27,1;24,6;23,4;85;77;80;168;7,5;5;
2026/02/08;1900 UTC;0;1009,8;1009,8;1009,2;;27;23,7;27,6;27;24,1;23,1;83;79;82;182;6,5;5,4;
2026/02/08;2000 UTC;0;1010,2;1010,2;1009,8;;26,8;23,7;27,4;26,8;24,1;23,5;84;81;83;187;7,7;6,3;
2026/02/08;2100 UTC;0;1010,7;1010,7;1010,2;;26,9;23,8;27;26,8;24,2;23,6;85;82;83;188;7,8;6,2;
2026/02/08;2200 UTC;0;1011,2;1011,2;1010,7;;26,8;23,8;26,9;26,5;24,1;23,3;85;82;83;186;7,2;5,3;
2026/02/08;2300 UTC;0;1011,9;1011,9;1011,2;;26,6;23,8;26,9;26,4;24,1;23,2;86;81;85;183;6,5;3,9;
2026/02/09;0000 UTC;0;1012,5;1012,5;1011,9;;26,5;23,7;26,7;26,3;24,1;23,6;87;84;85;185;5,2;1,8;
2026/02/09;0100 UTC;,4;1012,6;1012,6;1012,4;;24,8;23,8;26,6;24,8;24;23,7;94;84;94;25;3,4;2;
2026/02/09;0200 UTC;12,6;1012,7;1012,8;1012,6;;22,7;22,2;24,8;22,3;24;21,4;97;94;97;9;8,2;5,4;
2026/02/09;0300 UTC;4,4;1012,8;1012,9;1012,6;;21,5;21;22,7;21,4;22,2;20,8;97;96;97;336;8,2;1,7;
2026/02/09;0400 UTC;,8;1011,9;1012,8;1011,9;;21,8;21,4;21,8;21,3;21,4;20,8;98;97;98;1;3,5;2,3;
2026/02/09;0500 UTC;0;1010,8;1011,9;1010,8;;21,8;21,4;21,8;21,6;21,4;21,3;98;98;98;359;4,4;3,2;
2026/02/09;0600 UTC;0;1010,5;1010,9;1010,5;;22,2;21,9;22,2;21,8;21,9;21,4;98;98;98;3;5,1;3;
2026/02/09;0700 UTC;0;1010,7;1010,8;1010,5;;22,2;21,9;22,3;22,2;22;21,9;98;98;98;337;4,6;1,4;
2026/02/09;0800 UTC;0;1010,7;1010,8;1010,5;;22;21,6;22,2;22;21,9;21,6;98;98;98;15;3,3;2,3;
2026/02/09;0900 UTC;,2;1010,8;1010,8;1010,6;;22,2;21,7;22,2;22;21,7;21,6;98;97;97;21;4,5;3,1;
2026/02/09;1000 UTC;0;1011,3;1011,3;1010,8;;23,3;22,3;23,3;22,2;22,3;21,7;97;94;94;7;4,6;3;
2026/02/09;1100 UTC;0;1011,9;1011,9;1011,3;;24,5;22,6;24,5;23,3;22,7;22,2;95;89;89;360;4,9;2,2;
2026/02/09;1200 UTC;0;1012,6;1012,6;1011,9;;25,3;23;25,3;24,5;23;22,2;89;84;87;351;4,5;2,1;
2026/02/09;1300 UTC;0;1013,3;1013,3;1012,6;;25,6;22,8;25,6;25,3;23,2;22,5;88;84;84;321;3,6;2;
2026/02/09;1400 UTC;,2;1013,4;1013,4;1013,2;;25,9;23,1;26,2;25,6;23,7;22,6;87;83;84;243;3,3;1,8;
2026/02/09;1500 UTC;,4;1012,9;1013,3;1012,9;;25,7;23,1;26;25,4;23,5;21,2;87;77;86;236;4;1,7;
2026/02/09;1600 UTC;,6;1012,2;1012,9;1012,2;;25,5;22,6;25,7;25,3;23,3;22,1;88;81;84;233;3;1,9;
2026/02/09;1700 UTC;0;1011,9;1012,2;1011,9;;25,3;22,5;25,8;25,3;23,2;22,4;87;83;84;209;3,4;2,3;
2026/02/09;1800 UTC;,2;1011,7;1011,9;1011,7;;25,2;23,1;25,5;25,1;23,3;22,4;89;84;89;202;4,9;2,6;
2026/02/09;1900 UTC;1;1011,7;1011,9;1011,6;;24,7;23,3;25,2;24,7;23,6;22,9;92;87;92;206;5,1;4,4;
2026/02/09;2000 UTC;1;1011,8;1011,8;1011,6;;24,5;23,3;24,8;24,4;23,5;22,9;93;91;93;176;6,5;5,1;
2026/02/09;2100 UTC;5;1012,1;1012,1;1011,7;;24,2;23,2;24,5;23,9;23,4;22,8;95;92;94;169;6,5;2,2;
2026/02/09;2200 UTC;1,4;1012,6;1012,6;1012,1;;23,6;23;24,2;23,6;23,3;22,8;96;93;96;36;3,1;1,9;
2026/02/09;2300 UTC;,2;1013,2;1013,2;1012,6;;23,1;22,6;23,6;23;22,9;22,5;97;96;97;8;2,9;1,7;
2026/02/10;0000 UTC;1;1014;1014;1013,2;;23,4;23;23,6;23,1;23,2;22,6;98;97;98;343;3,2;1,7;
2026/02/10;0100 UTC;4,4;1014,3;1014,3;1013,9;;23;22,6;23,4;23;23;22,6;98;97;98;352;4,4;2,7;
2026/02/10;0200 UTC;3,6;1013,4;1014,3;1013,4;;23;22,7;23;22,9;22,7;22,6;98;98;98;35;4,4;1,8;
2026/02/10;0300 UTC;,4;1013,1;1013,4;1013,1;;23;22,8;23;22,9;22,8;22,7;99;98;99;342;3,7;2,2;
2026/02/10;0400 UTC;,8;1012,3;1013,1;1012,2;;22,9;22,7;23;22,9;22,8;22,6;99;98;99;46;3,7;1,9;
2026/02/10;0500 UTC;0;1011,8;1012,3;1011,8;;22,7;22,5;22,9;22,7;22,7;22,5;99;99;99;12;3;,8;
2026/02/10;0600 UTC;0;1011,4;1011,8;1011,4;;22,7;22,5;22,8;22,6;22,5;22,4;99;99;99;37;2;1,4;
2026/02/10;0700 UTC;,2;1011,8;1011,8;1011,4;;22,8;22,5;22,8;22,7;22,6;22,4;99;99;99;18;2,4;1,5;
2026/02/10;0800 UTC;,2;1012;1012;1011,8;;22,7;22,5;22,8;22,7;22,6;22,5;99;99;99;53;3,2;2,2;
2026/02/10;0900 UTC;0;1012,5;1012,5;1012;;22,9;22,6;22,9;22,7;22,6;22,5;99;98;98;40;3,5;2,3;
2026/02/10;1000 UTC;0;1013,2;1013,2;1012,4;;23,5;22,7;23,5;22,9;22,8;22,6;98;96;96;64;4,5;1,3;
2026/02/10;1100 UTC;0;1013,7;1013,7;1013,2;;25,3;22,2;25,4;23,5;23,2;22;96;83;83;326;2,2;,4;
2026/02/10;1200 UTC;0;1013,8;1013,8;1013,7;;25,9;23,2;25,9;25,2;23,2;22,3;87;82;85;3;1,9;1,2;
2026/02/10;1300 UTC;0;1013,7;1013,8;1013,6;;26,3;22,6;27,2;25,9;23,5;22,2;85;78;80;188;2,5;1,2;
2026/02/10;1400 UTC;0;1013,3;1013,8;1013,3;;27;23,2;27;26,3;23,7;22,4;83;78;80;192;3;1,6;
2026/02/10;1500 UTC;0;1012,9;1013,3;1012,9;;27,5;23,6;28,1;27;24,5;22,8;81;77;79;163;3,4;1,8;
2026/02/10;1600 UTC;0;1012,5;1012,9;1012,5;;29,8;23,4;30,6;27,3;24,3;23,1;81;66;69;1;7,9;4,1;
2026/02/10;1700 UTC;0;1011,7;1012,5;1011,7;;28,5;23,2;29,9;28,2;23,6;22,5;73;67;73;18;7,3;2,4;
2026/02/10;1800 UTC;0;1011,2;1011,7;1011,2;;29,1;21,9;30,1;28,5;23,6;21,8;73;63;65;8;6,4;3,8;
2026/02/10;1900 UTC;0;1010,7;1011,3;1010,7;;27,6;22,7;29,1;27,6;23;21,8;75;65;75;18;6,4;1,9;
2026/02/10;2000 UTC;0;1010,5;1010,7;1010,5;;26,7;22,7;27,8;26,7;23,3;22,2;81;72;79;38;4;2;
2026/02/10;2100 UTC;,2;1010,6;1010,6;1010,4;;26;21,8;26,7;25,5;22,9;21,7;84;78;78;96;3,7;2,1;
2026/02/10;2200 UTC;0;1010,8;1010,8;1010,6;;24,9;22,3;26;24,8;22,7;21;85;74;85;15;3,1;1,7;
2026/02/10;2300 UTC;0;1011,3;1011,3;1010,8;;25,2;22;25,2;24,6;22,5;21,8;88;82;83;343;2,5;1,1;
2026/02/11;0000 UTC;0;1011,9;1011,9;1011,2;;24,4;23;25,5;24,3;23;22;92;82;92;327;2;1,6;
2026/02/11;0100 UTC;0;1012,5;1012,5;1011,9;;24,4;23,1;24,4;24,1;23,3;22,9;94;92;92;24;2,6;1,5;
2026/02/11;0200 UTC;0;1012,4;1012,5;1012,4;;24,4;22,8;24,5;24,2;23,1;22,7;93;90;91;29;2,9;1,9;
2026/02/11;0300 UTC;0;1011,6;1012,3;1011,6;;24,5;22,8;24,5;24,2;23;22,8;92;90;90;35;3,2;2,2;
2026/02/11;0400 UTC;0;1011,1;1011,6;1011;;24;22,8;24,6;23,9;22,9;22,6;93;89;93;37;3,1;1,9;
2026/02/11;0500 UTC;0;1010,6;1011,1;1010,5;;23,6;22,7;24;23,6;23;22,6;95;93;95;10;2,8;1,5;
2026/02/11;0600 UTC;0;1010,1;1010,6;1010,1;;24;22,7;24;23,6;22,8;22,7;95;92;92;18;4,5;3;
2026/02/11;0700 UTC;0;1010;1010,2;1009,9;;24,3;22,8;24,4;24;22,8;22,7;92;90;91;12;4,6;2,7;
2026/02/11;0800 UTC;0;1010,6;1010,6;1010;;24,6;22,7;25,1;24,3;22,8;22,6;91;86;89;60;4,7;1;
2026/02/11;0900 UTC;0;1011,2;1011,2;1010,6;;25;22,5;25,2;24,5;22,8;22,4;90;85;86;34;2,3;1,9;
2026/02/11;1000 UTC;0;1011,7;1011,8;1011,2;;25,5;23,8;25,6;24,6;23,8;22,6;91;87;91;79;2,7;1,7;
2026/02/11;1100 UTC;0;1012,3;1012,3;1011,7;;27,4;23,9;27,5;25,5;24,2;23,5;91;81;81;29;3,1;,8;
2026/02/11;1200 UTC;0;1012,7;1012,7;1012,3;;28,7;22,9;28,8;27,4;24,2;22,8;82;71;71;352;3,2;,6;
2026/02/11;1300 UTC;0;1012,6;1012,7;1012,5;;28,3;24,5;30,2;28,3;24,7;22,9;80;66;80;111;3,5;2,1;
2026/02/11;1400 UTC;0;1012,5;1012,7;1012,5;;30,2;21,5;30,3;27,8;25,1;21,5;85;60;60;339;7,3;2,7;
2026/02/11;1500 UTC;0;1011,8;1012,5;1011,8;;30,2;22;30,5;30,1;22,7;21,6;64;60;62;358;7;4;
2026/02/11;1600 UTC;0;1011,3;1011,8;1011,3;;30,3;23,3;30,5;30;23,6;21,9;68;61;67;355;6,3;2,3;
2026/02/11;1700 UTC;0;1011,1;1011,3;1011;;31;24,7;31,2;30,3;25,1;22,9;70;63;69;107;3,4;,5;
2026/02/11;1800 UTC;0;1010,8;1011,1;1010,8;;29,2;25,5;31,7;28,5;25,7;23,9;84;63;81;126;6,3;4,1;
2026/02/11;1900 UTC;0;1010,8;1011;1010,8;;30,6;25,2;30,9;29,2;25,7;24,9;81;71;73;87;5,9;2,8;
2026/02/11;2000 UTC;0;1011,2;1011,2;1010,8;;29,8;24;30,6;29,6;25,2;24;75;71;71;91;5,4;2,6;
2026/02/11;2100 UTC;0;1011,1;1011,2;1011,1;;29,2;23,8;29,8;29,1;24,6;23,8;76;71;73;73;5,3;2,8;
2026/02/11;2200 UTC;0;1011,6;1011,8;1011;;28,5;24;29,2;28,5;24;23,6;77;72;77;72;4,6;2,2;
2026/02/11;2300 UTC;0;1012,7;1012,8;1011,7;;26,9;22,8;28,7;26,9;24,3;22,8;81;75;79;42;9,5;4;
2026/02/12;0000 UTC;0;1013,2;1013,3;1012,7;;25,3;22;26,9;25,3;23;21,9;85;78;82;15;6,6;3,2;
2026/02/12;0100 UTC;0;1013,6;1013,6;1013,2;;24,8;22,9;25,3;24,7;22,9;22;89;82;89;344;5,5;1,4;
2026/02/12;0200 UTC;0;1013,3;1013,6;1013,3;;25,7;21,8;25,8;24,7;23;21,7;90;78;79;350;6,8;4,2;
2026/02/12;0300 UTC;0;1012,9;1013,3;1012,9;;25;22,3;25,7;24,9;22,3;21,8;86;79;85;4;6,8;3;
2026/02/12;0400 UTC;0;1012,2;1012,9;1012,2;;25;21,6;25;24,8;22,4;21,6;86;82;82;7;5,9;3,2;
2026/02/12;0500 UTC;0;1011,6;1012,2;1011,6;;25,7;20,7;25,7;25;21,6;20,7;82;74;74;10;6,6;3,3;
2026/02/12;0600 UTC;0;1011,6;1011,7;1011,5;;26,3;20,1;26,3;25,7;20,7;20,1;74;69;69;10;7;4;
2026/02/12;0700 UTC;0;1011,8;1011,8;1011,6;;25,9;20,2;26,3;25,9;20,2;20,1;71;69;71;14;6,8;3,6;
2026/02/12;0800 UTC;0;1012,2;1012,3;1011,8;;25,5;20,3;25,9;25,5;20,4;20,2;73;71;73;16;5,9;3;
2026/02/12;0900 UTC;0;1012,8;1012,8;1012,2;;25,6;20,3;25,9;25,5;20,4;20,1;73;70;73;358;6,6;3,8;
2026/02/12;1000 UTC;0;1013,6;1013,6;1012,8;;26,1;20,7;26,1;25,6;20,7;20,3;73;72;72;8;6,5;3,8;
2026/02/12;1100 UTC;0;1013,8;1013,8;1013,6;;27,3;21,6;27,3;26,1;21,6;20,7;73;71;71;359;7,6;4;
2026/02/12;1200 UTC;0;1014,2;1014,2;1013,8;;29,4;22,4;29,4;27,3;22,7;21,6;72;66;66;359;7,9;3,8;
2026/02/12;1300 UTC;0;1014,1;1014,2;1014,1;;30,4;22,4;30,9;29,4;23,3;22,4;67;62;62;346;6,8;4,3;
2026/02/12;1400 UTC;0;1013,8;1014,1;1013,7;;32;22,9;33,3;30,3;24;22,4;65;56;59;355;9,4;3,9;
2026/02/12;1500 UTC;0;1013,1;1013,8;1013,1;;34,6;21,7;35,3;32;24;21,6;60;46;47;341;11,1;5,8;
2026/02/12;1600 UTC;0;1012,3;1013,1;1012,3;;34,9;22,4;34,9;33,3;22,8;21,6;53;47;48;335;9,2;3,5;
2026/02/12;1700 UTC;0;1011,8;1012,3;1011,8;;31,5;24,6;35,3;31;24,8;21,8;68;46;67;148;6,9;4,3;
2026/02/12;1800 UTC;0;1011,1;1011,8;1011;;32,3;23,7;33;31,1;26;23,7;73;59;61;115;7,9;6,1;
2026/02/12;1900 UTC;0;1010,7;1011,1;1010,7;;33,1;23;33,5;32,2;24,5;22;63;51;56;92;9,1;4,9;
2026/02/12;2000 UTC;0;1011;1011;1010,7;;32,2;24,6;33,4;32,2;25,1;22,8;66;55;64;99;8,5;4,5;
2026/02/12;2100 UTC;0;1011,3;1011,3;1010,9;;30,3;24,7;32,2;30,3;25,2;24,7;72;64;72;89;8,3;3,4;
2026/02/12;2200 UTC;0;1011,9;1011,9;1011,3;;29,3;24,8;30,3;29,3;24,9;24,7;77;72;77;89;6,8;2,3;
2026/02/12;2300 UTC;0;1012,6;1012,6;1011,9;;28,4;25,2;29,3;28,4;25,2;24,9;83;77;83;70;4,5;1,7;
2026/02/13;0000 UTC;0;1013,2;1013,2;1012,6;;27,6;25,2;28,4;27,6;25,4;25;87;83;87;27;4,1;1;
2026/02/13;0100 UTC;0;1014;1014;1013,2;;26,6;24,9;27,9;26,6;25,3;24,9;91;86;90;1;3,6;2,7;
2026/02/13;0200 UTC;0;1014,1;1014,2;1014;;26;24,3;26,9;26;24,9;24;90;86;90;34;4,3;1,8;
2026/02/13;0300 UTC;0;1013,8;1014,1;1013,8;;25,6;23,9;26,1;25,6;24,3;23,9;91;90;91;21;2,3;1,5;
2026/02/13;0400 UTC;0;1013,8;1013,9;1013,8;;24,8;24;25,6;24,7;24,3;23,8;95;91;95;351;2,2;1,5;
2026/02/13;0500 UTC;0;1013,5;1013,8;1013,5;;24,7;23,3;24,8;24,6;24;23,3;96;92;92;2;3,8;2,6;
2026/02/13;0600 UTC;0;1013,4;1013,6;1013,4;;25,3;22,8;25,3;24,7;23,3;22,8;92;86;86;20;6;4;
2026/02/13;0700 UTC;0;1013,7;1013,7;1013,4;;24,9;22,2;25,4;24,9;22,8;22,1;86;83;85;359;5,9;2,9;
2026/02/13;0800 UTC;0;1013,7;1013,7;1013,5;;25,5;22,1;25,5;24,8;22,5;22,1;86;82;82;17;6,4;4,2;
2026/02/13;0900 UTC;0;1014,5;1014,5;1013,7;;24,6;22,5;25,5;24,6;22,5;22,1;88;81;88;342;6,4;2,9;
2026/02/13;1000 UTC;0;1014,7;1014,7;1014,5;;26,9;22,3;26,9;24,6;22,6;22,1;88;76;76;14;7,3;4,3;
2026/02/13;1100 UTC;0;1015,1;1015,1;1014,7;;29;22,4;29;26,9;22,5;21,9;76;67;68;356;8,3;4,6;
2026/02/13;1200 UTC;0;1015,2;1015,2;1015,1;;30,8;22;30,9;29;22,6;21,7;68;59;59;9;8,6;4,8;
2026/02/13;1300 UTC;0;1014,7;1015,3;1014,7;;33,6;20,5;33,7;30,9;22,5;20,5;60;46;46;7;10;4,8;
2026/02/13;1400 UTC;0;1014,3;1014,8;1014,3;;35;20,3;35;33,5;20,8;19,6;46;42;42;353;10,7;5,6;
2026/02/13;1500 UTC;0;1013,3;1014,3;1013,2;;36,1;19,7;36,3;34,9;20,9;19,6;43;38;38;351;10,1;4,5;
2026/02/13;1600 UTC;0;1012,6;1013,3;1012,6;;34,8;23,3;37,4;33,7;23,6;19,3;56;36;51;85;8,6;4,6;
2026/02/13;1700 UTC;0;1011,8;1012,6;1011,8;;34,9;23,2;35,7;33,5;24,1;21,7;56;46;51;92;8,1;3,9;
2026/02/13;1800 UTC;0;1010,9;1011,8;1010,9;;33,9;22,9;34,9;33,5;23,9;22,7;57;50;53;92;8,6;5,4;
2026/02/13;1900 UTC;0;1010,4;1011;1010,4;;33,5;22,7;34,5;33,5;23,3;22,3;54;50;53;89;9,1;5;
2026/02/13;2000 UTC;0;1010,4;1010,5;1010,2;;32,5;23,3;33,5;32,5;24;22,7;59;53;58;91;8,2;4,3;
2026/02/13;2100 UTC;0;1010,4;1010,5;1010,3;;30,6;23,6;32,6;30,6;23,7;23;66;58;66;90;8,2;4,6;
2026/02/13;2200 UTC;0;1010,6;1010,6;1010,4;;29,1;23,7;30,6;29,1;23,8;23,6;73;66;73;75;8,7;4;
2026/02/13;2300 UTC;0;1011,2;1011,2;1010,6;;28,9;24,1;29,2;28,8;24,2;23,7;76;73;75;76;7,7;3,6;
2026/02/14;0000 UTC;0;1012;1012;1011,2;;27,8;24,6;28,9;27,8;24,7;24,1;83;75;83;37;6;2,4;
2026/02/14;0100 UTC;0;1012,8;1012,8;1012;;28,2;23,7;28,4;27,6;24,6;23,7;83;76;76;115;4;,3;
2026/02/14;0200 UTC;0;1013;1013,1;1012,8;;25,6;23,7;28,2;25,6;24,2;23,6;90;76;90;38;2,9;2,3;
2026/02/14;0300 UTC;0;1012,7;1013;1012,7;;25,8;23,2;25,8;25,5;23,7;22,9;90;84;86;23;3,8;2,7;
2026/02/14;0400 UTC;0;1012,3;1012,7;1012,3;;24,8;23,2;25,9;24,8;23,4;23,1;90;86;90;11;4;2,3;
2026/02/14;0500 UTC;0;1011,8;1012,3;1011,8;;25,9;21,9;26;24,7;23,1;21,9;91;79;79;25;4;2,8;
2026/02/14;0600 UTC;0;1012;1012;1011,6;;25,2;21,4;26,1;25;21,8;21,4;82;77;79;21;4,7;2,9;
2026/02/14;0700 UTC;0;1012;1012,1;1011,8;;24,9;21,1;25,7;24,8;21,4;21,1;80;76;80;19;5,2;3,2;
2026/02/14;0800 UTC;0;1012,5;1012,5;1012;;25,3;21;25,5;24,9;21,1;20,9;80;76;77;14;5,2;3,6;
2026/02/14;0900 UTC;0;1013,8;1013,8;1012,5;;24,6;21,6;25,3;23,9;21,6;21;86;77;83;333;5,2;2,2;
2026/02/14;1000 UTC;0;1014,4;1014,4;1013,8;;27;23,4;27,1;24,6;24,1;21,9;87;79;81;357;4,3;1,9;
2026/02/14;1100 UTC;0;1015;1015;1014,4;;28,7;25,2;28,7;27;25,8;23,3;86;78;81;253;5,5;4,1;
2026/02/14;1200 UTC;0;1015;1015;1014,9;;29;25,3;29,7;28,7;25,7;24,6;82;77;81;243;6;3,8;
2026/02/14;1300 UTC;0;1015,3;1015,3;1015;;28,2;25,3;29,2;28,1;25,9;25;87;81;84;232;9,3;7,6;
2026/02/14;1400 UTC;0;1015,1;1015,4;1015,1;;28,9;25,2;28,9;28,2;25,7;24,9;85;80;80;237;9,9;6,4;
2026/02/14;1500 UTC;0;1014,5;1015,1;1014,5;;28,6;24,9;29,1;28,5;25,4;24,5;82;77;80;232;7,6;5,9;
2026/02/14;1600 UTC;0;1013,9;1014,5;1013,9;;29;24,8;29,8;28,5;25,7;24,4;81;76;78;225;8;6,3;
2026/02/14;1700 UTC;0;1013,2;1013,9;1013,2;;29,4;24,8;29,8;28,9;25,6;24,5;80;75;76;219;8,1;5,5;
2026/02/14;1800 UTC;0;1012,8;1013,2;1012,7;;28,5;24,5;29,3;28,4;25,3;24,3;81;76;79;206;6,9;5,4;
2026/02/14;1900 UTC;0;1012,7;1012,8;1012,7;;28,3;24,5;28,7;27,9;25;24,3;83;78;80;203;6,4;5;
2026/02/14;2000 UTC;0;1012,4;1012,7;1012,4;;27,6;24,4;28,3;27,6;24,9;24;83;79;83;196;6,5;5,1;
2026/02/14;2100 UTC;0;1013;1013;1012,4;;27,3;24,3;27,8;27,2;24,9;24;84;82;84;191;6,4;3,7;
2026/02/14;2200 UTC;0;1013,2;1013,3;1012,9;;26,9;24;27,3;26,9;24,4;23,9;85;83;84;179;4,7;2,8;
2026/02/14;2300 UTC;0;1013,7;1013,7;1013,1;;26,8;23,8;27;26,7;24,3;23,6;85;83;84;211;4;2,5;
2026/02/15;0000 UTC;0;1014,2;1014,2;1013,7;;26,7;23,4;27;26,7;24,1;23,3;85;82;82;216;4,1;2,6;
2026/02/15;0100 UTC;0;1014,4;1014,4;1014,2;;26,7;23,3;26,9;26,6;23,7;23,1;83;81;82;230;3,7;2,1;
2026/02/15;0200 UTC;0;1014,3;1014,4;1014,3;;24,4;23,2;26,7;24,4;23,4;23;93;81;93;13;3,2;1,6;
2026/02/15;0300 UTC;0;1014;1014,3;1014;;24,1;23,2;24,6;24,1;23,5;23,1;95;93;95;5;3;1,5;
2026/02/15;0400 UTC;0;1013,6;1014;1013,6;;23,8;22,8;24,6;23,8;23,6;22,8;95;93;94;2;2,5;1,4;
2026/02/15;0500 UTC;0;1013,3;1013,6;1013,2;;23,7;23;24;23,7;23,3;22,8;96;94;96;13;2,6;1,4;
2026/02/15;0600 UTC;0;1013,3;1013,3;1013,2;;23,8;23,2;23,9;23,7;23,2;23;96;96;96;28;2,9;2;
2026/02/15;0700 UTC;0;1013,3;1013,3;1013,2;;24;23,2;24,2;23,8;23,4;23,1;96;95;95;41;2,9;1,5;
2026/02/15;0800 UTC;0;1013,5;1013,5;1013,3;;24,1;23,5;24,3;23,9;23,6;23,1;96;95;96;33;2;1,5;
2026/02/15;0900 UTC;0;1014;1014;1013,5;;24,1;23,5;24,3;24;23,7;23,4;97;96;96;17;2,8;2,1;
2026/02/15;1000 UTC;0;1014,5;1014,6;1014;;25,9;24,4;25,9;24,1;24,4;23,4;96;92;92;39;2,9;1,7;
2026/02/15;1100 UTC;0;1015;1015,1;1014,5;;26,9;23,4;27,3;25,9;24,6;23,4;92;81;81;169;2,6;,8;
2026/02/15;1200 UTC;0;1015;1015;1014,9;;27;23,2;27,8;26,9;23,8;23,2;81;77;79;205;3,2;2,5;
2026/02/15;1300 UTC;0;1015;1015,2;1014,9;;27,9;23,7;28,2;27;24,2;23,3;82;76;78;183;4,4;2,6;
2026/02/15;1400 UTC;0;1014,6;1015;1014,6;;28,8;24;29;27,8;24,4;23,5;80;74;75;162;4,8;3,8;
2026/02/15;1500 UTC;0;1013,9;1014,6;1013,9;;28,5;24,1;29,1;28,2;24,5;23,5;78;74;77;145;8;6,5;
2026/02/15;1600 UTC;0;1013,3;1014;1013,3;;30;24,2;30,3;28,5;25,1;23,9;79;70;72;125;8;5,1;
2026/02/15;1700 UTC;0;1013;1013,3;1013;;29,7;24;30,5;29,4;24,9;23,7;75;68;72;124;8,7;6,7;
2026/02/15;1800 UTC;0;1012,7;1013;1012,7;;29,7;23,9;30,3;29,1;24,6;23,6;74;69;71;126;8,9;5,6;
2026/02/15;1900 UTC;0;1012,5;1012,8;1012,5;;29,5;23,9;30,2;29,3;24,4;23,5;73;69;72;109;8,9;4,9;
2026/02/15;2000 UTC;0;1012,9;1012,9;1012,5;;28,7;23,5;30,2;28,6;24,2;23,1;75;69;74;122;8,9;4,9;
2026/02/15;2100 UTC;0;1013,4;1013,4;1012,9;;27,8;23,4;28,9;27,8;24,1;23,3;78;73;77;128;7,8;4,9;
2026/02/15;2200 UTC;0;1013,9;1013,9;1013,4;;27,6;23,2;27,9;27,6;23,7;22,9;79;76;77;132;7,5;5,5;
2026/02/15;2300 UTC;0;1014;1014;1013,8;;27,2;23,5;27,6;26,8;23,8;23,1;82;77;80;126;7,1;3,2;
2026/02/16;0000 UTC;0;1014,5;1014,5;1014;;27,4;24,3;27,6;27,2;24,4;23,6;83;79;83;130;6,4;4,6;
2026/02/16;0100 UTC;0;1014,6;1014,6;1014,3;;26,4;24;27,4;26,4;24,4;23,8;87;82;87;105;6,2;1,1;
2026/02/16;0200 UTC;0;1014,6;1014,7;1014,6;;26,6;24,3;26,8;26,4;24,3;24,1;88;86;87;70;2,7;,7;
2026/02/16;0300 UTC;0;1014,1;1014,6;1014,1;;26,7;24,3;26,8;26,5;24,4;24,2;87;87;87;112;2,2;,7;
2026/02/16;0400 UTC;0;1013,6;1014,1;1013,6;;25;23,8;26,7;25;24,3;23,8;93;87;93;28;2,4;1,9;
2026/02/16;0500 UTC;0;1013,2;1013,6;1013,2;;24,6;23,7;25;24,6;23,8;23,7;95;93;95;23;3,4;2,2;
2026/02/16;0600 UTC;0;1013,1;1013,2;1013,1;;24,6;23,8;24,7;24,4;23,8;23,5;95;95;95;18;3,5;2,4;
2026/02/16;0700 UTC;0;1013,3;1013,3;1013,1;;25,1;24,3;25,1;24,6;24,3;23,8;95;95;95;11;4;2,2;
2026/02/16;0800 UTC;0;1013,1;1013,3;1013;;24,6;23,8;25,1;24,6;24,3;23,8;95;95;95;13;3,5;2,3;
2026/02/16;0900 UTC;0;1013,4;1013,4;1013;;24,3;23,2;24,6;24,3;23,8;23,2;95;94;94;7;3,7;2,5;
2026/02/16;1000 UTC;0;1014,1;1014,1;1013,4;;26,3;23,4;26,3;24,3;23,6;23,2;94;84;84;355;4,8;2,6;
2026/02/16;1100 UTC;0;1014,3;1014,4;1014,1;;28,4;22,4;28,5;26,3;23,5;22,2;84;70;70;10;6,3;3,1;
2026/02/16;1200 UTC;0;1014,6;1014,6;1014,3;;30,6;22,5;30,8;28,3;23,1;22,1;70;62;62;355;5,9;2,8;
2026/02/16;1300 UTC;0;1014,4;1014,7;1014,4;;29,3;24,1;31,4;28,9;24,4;21,7;76;58;74;147;5,1;4,1;
2026/02/16;1400 UTC;0;1014,2;1014,4;1014,2;;29,7;25,2;30,1;29;25,7;23,7;82;71;77;141;7,1;5,8;
2026/02/16;1500 UTC;0;1013,7;1014,2;1013,7;;30,5;25,1;31;29;25,8;24,8;81;71;73;124;7,1;5,2;
2026/02/16;1600 UTC;0;1012,7;1013,7;1012,7;;32,2;24,3;32,6;30,3;25,6;23,9;75;61;63;103;8,9;5,4;
2026/02/16;1700 UTC;0;1012;1012,7;1012;;32,2;23,7;32,5;30,8;24,4;23,3;68;60;61;103;10,9;5,8;
2026/02/16;1800 UTC;0;1011,6;1012;1011,5;;31,4;23,5;32,3;31,3;24,1;22,6;64;59;63;102;10,3;5,8;
2026/02/16;1900 UTC;0;1011,4;1011,6;1011,3;;31,4;22,6;32,2;31,1;23,6;21,9;64;57;60;97;10,5;5,2;
2026/02/16;2000 UTC;0;1011;1011,4;1010,9;;30,1;24,8;31,5;30,1;25;22,3;73;58;73;84;10,2;4,8;
2026/02/16;2100 UTC;0;1011,3;1011,3;1010,9;;28,6;24,9;30,3;28,6;25,1;24,6;80;73;80;85;10,5;5,5;
2026/02/16;2200 UTC;0;1011,7;1011,7;1011,3;;27,9;24,8;28,6;27,9;25;24,8;84;80;83;77;10,5;3,8;
2026/02/16;2300 UTC;0;1012,2;1012,2;1011,7;;27,8;25,1;28;27,8;25,1;24,8;85;83;85;72;8,2;3,9;
2026/02/17;0000 UTC;0;1013,1;1013,1;1012,2;;27;24,6;27,8;27;25,1;24,6;87;84;87;14;7,2;1,6;
2026/02/17;0100 UTC;0;1013,3;1013,3;1013,1;;26,5;24,7;27;26,1;25,1;24,3;91;87;90;24;2,3;,3;
2026/02/17;0200 UTC;0;1013,4;1013,5;1013,3;;25,7;24,1;26,5;25,7;24,6;24,1;92;90;91;52;2,3;2;
2026/02/17;0300 UTC;0;1012,8;1013,4;1012,8;;25,3;23,9;25,8;25,3;24,2;23,8;92;90;92;30;3;2,2;
2026/02/17;0400 UTC;0;1012;1012,8;1012;;24,7;23,4;25,3;24,7;23,8;23,3;93;92;92;27;3,6;2,3;
2026/02/17;0500 UTC;0;1011,6;1012;1011,6;;24,9;23,6;25,2;24,5;23,8;23,1;93;92;93;3;3,5;2,3;
2026/02/17;0600 UTC;0;1011,3;1011,7;1011,2;;25;23,9;25,1;24,9;24,1;23,7;94;93;94;17;4;2,7;
2026/02/17;0700 UTC;0;1010,9;1011,3;1010,8;;24,8;22,1;25;24,6;23,8;22,1;94;85;85;6;5,7;3,7;
2026/02/17;0800 UTC;0;1011,1;1011,2;1010,8;;24,1;21,7;25;24;22,1;21,6;87;84;87;10;5,7;3,3;
2026/02/17;0900 UTC;0;1011,8;1011,8;1011,1;;24,3;21,6;24,4;24,1;21,7;21,4;87;84;85;5;5,1;3,2;
2026/02/17;1000 UTC;0;1011,9;1012,1;1011,7;;26,7;21,6;26,7;24,3;21,6;21,4;85;73;74;20;7,2;4,2;
2026/02/17;1100 UTC;0;1012,2;1012,2;1011,9;;29,1;21,9;29,1;26,6;22,2;21,5;75;65;65;8;7,2;3,7;
2026/02/17;1200 UTC;0;1012,2;1012,4;1012,1;;31,9;22,5;31,9;29,1;22,5;21,6;66;57;57;6;9,4;4,8;
2026/02/17;1300 UTC;0;1011,9;1012,2;1011,9;;33,4;22;33,6;31,3;22,4;21,6;58;51;52;357;9,8;5;
2026/02/17;1400 UTC;0;1011,4;1011,9;1011,4;;34,7;20,9;35,2;33,3;22,5;20,9;52;44;45;356;10,1;6,1;
2026/02/17;1500 UTC;0;1011;1011,4;1010,9;;36,2;21,3;36,7;34,5;22,1;19,9;46;39;42;355;9,5;3,3;
2026/02/17;1600 UTC;0;1010,3;1011;1010,3;;31,4;24,2;36,2;30,3;25,2;22,4;72;42;65;140;8;5,8;
2026/02/17;1700 UTC;0;1009,4;1010,3;1009,4;;32,6;24,9;33,8;30,8;25,6;23,7;70;56;64;132;7,4;3,3;
2026/02/17;1800 UTC;0;1008,8;1009,4;1008,8;;32,7;25,2;33,5;31,6;25,6;23,8;69;57;65;134;5,2;3,4;
2026/02/17;1900 UTC;0;1008,2;1008,8;1008,2;;33,1;23,5;33,5;31,4;25,7;23,5;71;57;57;92;7;4,3;
2026/02/17;2000 UTC;0;1008,4;1008,5;1008,2;;31,6;23,3;33,3;30,7;23,7;22,5;65;56;61;98;7,9;3,7;
2026/02/17;2100 UTC;0;1008,2;1008,4;1008,1;;30,6;22,5;31,9;30,6;23,3;22,5;63;60;62;75;7,3;3,4;
2026/02/17;2200 UTC;0;1008,6;1008,6;1008,1;;29,3;21,9;30,6;29,3;22,7;21,9;67;62;65;71;7;3,4;
2026/02/17;2300 UTC;0;1009,1;1009,1;1008,6;;28,7;22,9;29,3;28,7;22,9;21,9;71;65;71;79;5,8;2,2;
2026/02/18;0000 UTC;0;1009,8;1009,8;1009,1;;27,5;23,7;29,1;27,5;23,9;22,9;80;71;80;55;3,7;1,4;
2026/02/18;0100 UTC;0;1010;1010;1009,7;;26;23,3;27,7;26;24,7;23,3;86;80;85;21;2,8;2,1;
2026/02/18;0200 UTC;0;1009,9;1010,1;1009,9;;25,8;22,8;26,1;25,8;23,3;22,4;85;81;83;22;3,1;2,1;
2026/02/18;0300 UTC;0;1009,4;1009,9;1009,4;;25,2;23,1;26,1;25,2;23,2;22,8;88;83;88;12;3,7;1,8;
2026/02/18;0400 UTC;0;1009,2;1009,4;1009,2;;24,4;22,6;25,6;24,4;23;22,5;89;85;89;11;2,7;1,7;
2026/02/18;0500 UTC;0;1008,6;1009,2;1008,6;;25;22,9;25,2;24,3;23;22,4;89;87;88;32;2,9;2,2;
2026/02/18;0600 UTC;0;1008,3;1008,6;1008,3;;24,4;23,1;25;24,3;23,1;22,7;92;88;92;7;3,2;2,1;
2026/02/18;0700 UTC;0;1008,1;1008,4;1008,1;;24,6;23,3;24,6;24,2;23,3;22,9;93;92;92;23;2,7;2,1;
2026/02/18;0800 UTC;0;1008,2;1008,2;1008,1;;24,6;23,3;24,8;24,5;23,4;23,2;93;92;92;2;3,7;2,5;
2026/02/18;0900 UTC;0;1008,8;1008,8;1008,2;;24,4;23,3;24,6;24,3;23,4;23,1;93;92;93;354;3,5;2;
2026/02/18;1000 UTC;0;1009,1;1009,1;1008,6;;27,8;23,2;27,8;24,4;23,3;22,5;93;76;76;350;4,4;1,7;
2026/02/18;1100 UTC;0;1009,5;1009,5;1009,1;;30,4;23,6;30,4;27,9;23,6;22,1;76;65;67;326;5,1;2,6;
2026/02/18;1200 UTC;0;1009,5;1009,6;1009,5;;32,3;23,6;32,3;30,3;24,8;23,1;72;60;60;311;5,5;2,3;
2026/02/18;1300 UTC;0;1009,3;1009,6;1009,3;;30,2;24,6;32,5;30;26,2;22,6;80;57;72;215;4,6;3;
2026/02/18;1400 UTC;0;1009,2;1009,5;1009,2;;30,7;24;31,5;30,2;25,9;23,3;75;64;68;213;5,6;4,9;
2026/02/18;1500 UTC;0;1008,7;1009,2;1008,7;;30,4;26,1;31,1;29,8;26,7;23,9;81;68;78;184;6,6;5,3;
2026/02/18;1600 UTC;0;1008,1;1008,7;1008,1;;30,4;25,8;31,1;30,1;27,1;25,7;82;75;76;170;7;6;
2026/02/18;1700 UTC;0;1007,9;1008,2;1007,9;;30,7;26,5;31,1;30,2;26,5;25,1;79;72;78;171;7,8;6,5;
2026/02/18;1800 UTC;0;1007,6;1007,9;1007,5;;30,3;25,7;30,8;30,1;26,8;25,5;80;76;77;181;8,2;6,5;
2026/02/18;1900 UTC;0;1007,9;1007,9;1007,4;;30;25,3;30,7;30;26,3;25,1;79;74;76;165;7,8;5;
2026/02/18;2000 UTC;0;1007,5;1007,9;1007,3;;29,3;25,7;30,3;29,3;25,9;25,2;81;75;81;167;6,1;4,8;
2026/02/18;2100 UTC;0;1008,2;1008,2;1007,5;;28,9;24,9;29,4;28,8;26;24,8;82;79;79;187;5,8;3;
2026/02/18;2200 UTC;0;1008,9;1008,9;1008,2;;25,6;21,7;29;25,6;25,1;21,1;80;72;79;9;9,7;4,1;
2026/02/18;2300 UTC;0;1007,8;1008,9;1007,8;;25,2;22,2;25,6;25,2;22,3;21,6;84;79;84;5;8,9;1,3;
2026/02/19;0000 UTC;0;1008,3;1008,3;1007,7;;24,8;22,9;25,2;24,8;22,9;22,2;89;84;89;340;4,1;2,7;
2026/02/19;0100 UTC;0;1008,8;1009;1008,3;;24;22;24,9;24;23;22;91;89;89;358;5,5;3,9;
2026/02/19;0200 UTC;0;1009,1;1009,2;1008,8;;24;22,1;24;23,9;22,1;21,8;89;87;89;6;5,5;3,3;
2026/02/19;0300 UTC;0;1008,6;1009,1;1008,6;;24,2;22;24,2;24;22,2;22;89;88;88;22;5,3;3,4;
2026/02/19;0400 UTC;0;1007,9;1008,6;1007,9;;24,2;21,5;24,3;24,2;22;21,5;88;85;85;4;5,7;3,1;
2026/02/19;0500 UTC;0;1007,3;1007,9;1007,3;;24,2;21,6;24,3;24,1;21,6;21,5;86;85;86;358;5,8;3;
2026/02/19;0600 UTC;0;1006,9;1007,3;1006,9;;24;21,4;24,2;24;21,6;21,4;86;85;86;4;4,3;2,4;
2026/02/19;0700 UTC;0;1006,5;1007;1006,5;;24,3;21,3;24,4;24;21,5;21,3;86;83;83;16;5,5;3,6;
2026/02/19;0800 UTC;0;1006,8;1006,8;1006,5;;24,5;21,5;24,5;24,3;21,5;21,3;83;82;83;12;5,4;3,4;
2026/02/19;0900 UTC;0;1007,1;1007,1;1006,8;;24,5;21,5;24,5;24,2;21,5;21,4;85;83;84;13;5,2;3;
2026/02/19;1000 UTC;0;1007,8;1007,8;1007,1;;25,3;21,4;25,3;24,5;21,5;21,2;84;78;79;357;6,3;3,4;
2026/02/19;1100 UTC;0;1008,7;1008,7;1007,8;;26,7;21,7;26,7;25,3;21,9;21,3;79;74;74;353;6,9;3,3;
2026/02/19;1200 UTC;0;1009;1009,1;1008,7;;29,7;22;29,9;26,7;22,7;21,7;75;63;63;341;5,7;2,5;
2026/02/19;1300 UTC;0;1008,9;1009,2;1008,9;;29,3;22,5;30,8;28,8;23,2;21,7;70;61;67;224;4,8;3,1;
2026/02/19;1400 UTC;0;1009;1009,2;1008,9;;29,6;23,5;30,1;28,8;24,3;22,3;72;65;70;224;4,9;3,6;
2026/02/19;1500 UTC;0;1008,6;1009;1008,6;;29,5;24,1;30,4;28,9;25,1;23,6;75;70;73;208;5,2;4,2;
2026/02/19;1600 UTC;0;1008;1008,6;1008;;29,3;24,2;30;29,1;24,9;23,9;76;72;74;197;5,6;4,7;
2026/02/19;1700 UTC;0;1007,9;1008;1007,8;;29,6;24,2;29,9;29;25,3;23,8;77;72;73;209;6,6;5,7;
2026/02/19;1800 UTC;0;1007,3;1007,9;1007,3;;29,2;23,9;30;29,2;24,8;23,7;76;70;73;192;6,5;4,9;
2026/02/19;1900 UTC;0;1007,2;1007,4;1007,2;;29,1;24,5;29,6;29;25,2;23,9;78;73;76;194;6;4,7;
2026/02/19;2000 UTC;0;1007,4;1007,5;1007,2;;29,2;25,3;29,6;28,8;25,3;24,2;80;76;80;188;6,7;4,8;
2026/02/19;2100 UTC;0;1007,8;1007,8;1007,4;;28,6;25,2;29,2;28,3;25,3;24,4;82;78;82;198;6,5;5,1;
2026/02/19;2200 UTC;0;1008,2;1008,4;1007,8;;28,2;25,2;28,6;28;25,3;24,6;84;81;84;174;6,3;3,8;
2026/02/19;2300 UTC;0;1009,1;1009,1;1008,3;;28,2;24,6;28,3;28;25,1;24,4;84;80;81;156;6;2,9;
2026/02/20;0000 UTC;1,4;1009,7;1009,7;1009;;27,2;25;28,4;26,8;25,5;24,3;89;80;88;134;5,5;3,7;
2026/02/20;0100 UTC;,4;1010,4;1010,4;1009,7;;24,4;23,3;27,2;24,4;25;23,1;93;87;93;19;8,3;1,2;
2026/02/20;0200 UTC;3;1010,6;1010,6;1010,4;;24,1;23,4;24,4;24;23,4;23,2;96;93;96;338;4,3;2,3;
2026/02/20;0300 UTC;1,2;1010;1010,6;1010;;24,1;23,6;24,2;24;23,6;23,4;97;96;97;348;3,3;1,1;
2026/02/20;0400 UTC;0;1010;1010;1009,7;;24,1;23,7;24,2;24,1;23,7;23,6;98;97;98;18;4,4;2,7;
2026/02/20;0500 UTC;0;1009,3;1010,1;1009,3;;24;23,6;24,1;24;23,8;23,6;98;98;98;2;4,4;2;
2026/02/20;0600 UTC;0;1008,7;1009,3;1008,7;;24;23,6;24;23,9;23,6;23,5;98;98;98;22;3,5;2,5;
2026/02/20;0700 UTC;0;1008,6;1008,7;1008,5;;23,8;23,5;24;23,8;23,6;23,5;98;98;98;11;4;2,1;
2026/02/20;0800 UTC;0;1008,5;1008,6;1008,4;;23,8;23,4;23,8;23,7;23,5;23,3;98;98;98;334;3,2;2;
2026/02/20;0900 UTC;0;1008,8;1008,9;1008,5;;24;23,6;24;23,7;23,6;23,4;98;98;98;31;3;2,2;
2026/02/20;1000 UTC;,2;1008,9;1009,1;1008,9;;24,9;24,4;24,9;24;24,4;23,6;98;97;97;5;3,4;2;
2026/02/20;1100 UTC;0;1009,2;1009,3;1008,9;;27,4;24,2;27,5;24,9;24,9;24;97;83;83;18;3,8;,9;
2026/02/20;1200 UTC;0;1009,1;1009,2;1009;;28,7;23,4;29;27,4;24,6;23;84;72;73;359;5;2,8;
2026/02/20;1300 UTC;0;1008,9;1009,1;1008,9;;28,8;24;30,6;28,7;24,5;22,7;76;64;75;152;6,1;4,8;
2026/02/20;1400 UTC;0;1008,4;1009;1008,4;;29,2;23,4;29,5;28,2;24,6;23,3;78;70;71;138;6,2;4,1;
2026/02/20;1500 UTC;0;1008,1;1008,4;1008,1;;29,3;23,7;29,8;28,8;24,5;23,2;75;70;72;163;6,2;4,9;
2026/02/20;1600 UTC;0;1007,4;1008,2;1007,4;;29,5;24,3;29,8;28,6;24,8;23,2;76;71;74;148;6,7;5;
2026/02/20;1700 UTC;0;1006,7;1007,4;1006,7;;29,5;25,2;30;28,6;25,5;23,6;80;71;78;136;8,5;6,2;
2026/02/20;1800 UTC;0;1006,7;1006,7;1006,5;;28,8;24,9;29,6;28,4;25,6;24,2;81;76;80;139;8,8;7;
2026/02/20;1900 UTC;0;1006,5;1006,9;1006,4;;28,4;24,4;28,9;28,3;25,1;24,2;81;78;79;131;9;7;
2026/02/20;2000 UTC;0;1006,8;1006,8;1006,5;;28;24,8;28,6;28;25,1;24,2;84;78;83;129;9;6,2;
2026/02/20;2100 UTC;0;1007,3;1007,3;1006,6;;27,7;24,1;28;27,7;25;23,9;84;80;81;115;8,4;5;
2026/02/20;2200 UTC;0;1007,3;1007,3;1007,2;;27,3;24,1;27,8;27,3;24,5;23,9;83;81;83;96;7;4,1;
2026/02/20;2300 UTC;0;1008,1;1008,1;1007,3;;27,4;24,3;27,4;27,3;24,4;24,1;84;83;83;106;8;4,3;
2026/02/21;0000 UTC;0;1009,4;1009,4;1008,1;;27,4;24,6;27,6;27,4;24,7;24,4;85;83;85;102;6,5;2,3;
2026/02/21;0100 UTC;0;1009,8;1009,8;1009,3;;26,7;24,6;27,4;26,7;24,7;24,6;88;85;88;5;4,5;1,3;
2026/02/21;0200 UTC;0;1009,9;1010,1;1009,7;;26;24,5;26,7;26;24,7;24,4;91;88;91;353;2,5;1,4;
2026/02/21;0300 UTC;11;1009,2;1009,9;1009,1;;25,4;24,5;26;25,4;24,7;24,4;95;91;95;303;4,5;2,6;
2026/02/21;0400 UTC;25,6;1008,6;1009,2;1008,6;;24,9;24,5;25,4;24,7;24,9;24,2;97;95;97;303;4,5;1,6;
2026/02/21;0500 UTC;,2;1008,4;1008,8;1008,4;;25,5;24;25,9;24,9;24,7;24;97;90;92;108;4,7;,9;
2026/02/21;0600 UTC;,4;1008,1;1008,4;1008,1;;25;24,4;25,5;25;24,5;24;97;92;97;14;4;2,1;
2026/02/21;0700 UTC;,2;1007,8;1008,1;1007,8;;24,5;24,1;25;24,5;24,5;24;97;97;97;25;4,3;2,6;
2026/02/21;0800 UTC;0;1007,8;1008;1007,8;;24,3;23,7;24,7;24,3;24,2;23,7;97;97;97;17;5,1;2,9;
2026/02/21;0900 UTC;0;1008,5;1008,5;1007,8;;24,3;23,4;24,3;24,1;23,7;23,4;97;95;95;16;4,8;1,2;
2026/02/21;1000 UTC;0;1009,2;1009,2;1008,5;;25,2;24,1;25,2;24,2;24,1;23,3;95;93;94;358;3,4;2,3;
2026/02/21;1100 UTC;0;1009,3;1009,4;1009,2;;26,1;24,8;26,1;25,2;24,9;24;94;93;93;356;3,4;1,3;
2026/02/21;1200 UTC;0;1010;1010;1009,3;;27,4;25,2;27,4;26;25,3;24,6;93;87;88;316;2,8;1,5;
2026/02/21;1300 UTC;0;1010,3;1010,4;1010;;28,3;24,3;28,3;27,3;25,2;23,9;88;78;79;213;2,5;1,2;
2026/02/21;1400 UTC;0;1010;1010,4;1010;;29;24,8;29,4;28,2;25,7;24,1;82;77;78;146;4,9;3,9;
2026/02/21;1500 UTC;0;1009,9;1010,1;1009,9;;28;25,5;29,5;27,9;26;24,7;88;77;86;135;7,8;6,3;
2026/02/21;1600 UTC;0;1009,4;1009,9;1009,4;;28,7;24,7;28,7;27,8;25,7;24,2;87;79;79;133;8,6;6,4;
2026/02/21;1700 UTC;0;1008,9;1009,4;1008,9;;28,4;24,9;29;28;25,6;24,5;85;77;81;144;8,6;6,9;
2026/02/21;1800 UTC;0;1008,3;1008,9;1008,3;;28,9;25;29;28,1;25,6;24,7;84;78;80;131;8,9;6,8;
2026/02/21;1900 UTC;0;1008,7;1008,8;1008;;27,9;24,7;28,9;27,8;25,4;24,1;84;77;83;128;9,7;7,3;
2026/02/21;2000 UTC;0;1008,9;1009;1008,5;;27,9;25,3;28,2;27,7;25,3;24,3;86;82;85;135;10,1;7,5;
2026/02/21;2100 UTC;0;1009,4;1009,4;1008,8;;27,5;24,1;28;27,5;25,4;24;86;81;82;109;10,3;5,7;
2026/02/21;2200 UTC;0;1009,9;1010;1009,4;;24;21,9;27,7;24;24,4;21,9;88;80;88;356;9,5;4,5;
2026/02/21;2300 UTC;,4;1010,5;1010,5;1009,6;;22,7;21,2;24;22,5;22,3;21,1;94;88;92;80;8,5;2,8;
2026/02/22;0000 UTC;,4;1011,4;1011,4;1010,5;;22,6;21,8;22,8;22,6;21,9;21,3;95;92;95;1;5;3,1;
2026/02/22;0100 UTC;0;1012,2;1012,2;1011,4;;22,8;22;22,9;22,5;22,2;21,7;96;95;95;337;4,8;1,7;
2026/02/22;0200 UTC;0;1011,6;1012,2;1011,6;;23,1;22,5;23,1;22,8;22,5;22;96;95;96;336;3,5;,9;
2026/02/22;0300 UTC;0;1011;1011,6;1011;;22,7;22,2;23,2;22,7;22,6;22,2;97;96;97;25;3,9;1,3;
2026/02/22;0400 UTC;,2;1010,7;1011;1010,6;;22,5;22;22,8;22,5;22,3;22;97;97;97;24;3;1,7;
2026/02/22;0500 UTC;0;1010,6;1010,7;1010,5;;22,7;22,1;22,7;22,5;22,1;22;97;97;97;38;3;2,3;
2026/02/22;0600 UTC;0;1010,2;1010,6;1010,2;;22,8;22,2;22,8;22,7;22,2;22;97;96;96;6;3;1,7;
2026/02/22;0700 UTC;0;1009,8;1010,2;1009,7;;22,8;22,3;22,9;22,8;22,3;22,2;97;96;97;346;2,2;1,7;
2026/02/22;0800 UTC;0;1010;1010;1009,8;;22,7;22,2;22,9;22,6;22,3;22,1;97;97;97;12;2,3;1,6;
2026/02/22;0900 UTC;0;1010,2;1010,2;1010;;23,4;22,9;23,4;22,7;22,9;22,2;97;97;97;350;2,6;1,9;
2026/02/22;1000 UTC;0;1010,7;1010,7;1010,2;;24,3;23,7;24,3;23,4;23,7;22,9;97;96;96;358;2,9;1,7;
2026/02/22;1100 UTC;0;1011,3;1011,3;1010,7;;26,9;23,7;26,9;24,3;24,1;22,8;96;81;83;336;3,5;1,1;
2026/02/22;1200 UTC;0;1011,7;1011,8;1011,3;;27,6;24,1;27,6;26,8;24,4;23,1;83;77;81;235;3,1;2,1;
2026/02/22;1300 UTC;0;1011,8;1011,8;1011,7;;27,8;22,8;28,2;27,1;24,3;22,3;82;71;74;198;2,9;2,1;
2026/02/22;1400 UTC;0;1011,3;1011,8;1011,3;;28,2;23,8;28,7;27,8;24,2;21,6;78;68;77;180;3,8;2,8;
2026/02/22;1500 UTC;0;1010,9;1011,3;1010,9;;28,3;24,2;29,2;27,9;24,8;23,3;80;75;78;175;4,8;3,4;
2026/02/22;1600 UTC;0;1010,6;1010,9;1010,6;;28,7;24,2;28,7;27,9;24,5;23;80;73;76;181;5,2;3,8;
2026/02/22;1700 UTC;0;1009,9;1010,6;1009,9;;28,1;24,5;28,8;27,8;24,7;23,5;83;75;81;166;5,8;4;
2026/02/22;1800 UTC;0;1009;1009,9;1009;;28,8;24,2;29,2;27,9;25,4;24,2;82;76;76;168;5,9;4,8;
2026/02/22;1900 UTC;0;1009,1;1009,1;1008,8;;28;23,8;29,1;28;24,7;23,7;80;75;78;155;6;4,6;
2026/02/22;2000 UTC;0;1008,8;1009,1;1008,5;;27,6;24,9;28,6;27,5;25,1;24;86;78;85;153;6,9;5,1;
2026/02/22;2100 UTC;0;1009;1009,1;1008,7;;27,5;24,9;27,7;27,4;25,3;24,7;88;84;86;140;7,3;6,2;
2026/02/22;2200 UTC;0;1009;1009,2;1008,9;;27,3;24,4;27,5;27,3;25;24;86;82;84;124;8;4,7;
2026/02/22;2300 UTC;0;1009,4;1009,4;1009;;27,1;24,4;27,4;27,1;24,8;24,1;86;83;85;107;6,9;2;
2026/02/23;0000 UTC;,2;1009,9;1009,9;1009,4;;26,4;24,9;27,2;26,4;24,9;24,4;91;85;91;87;3,8;1,9;
2026/02/23;0100 UTC;,2;1010,4;1010,4;1009,9;;25,9;24,9;26,4;25,9;25;24,9;94;91;94;4;2,4;1,3;
2026/02/23;0200 UTC;,2;1010,2;1010,4;1010,2;;24,6;23,8;26;24,6;25,1;23,8;96;94;95;15;3,8;2,6;
2026/02/23;0300 UTC;0;1009,9;1010,4;1009,9;;24,6;23,9;24,6;24,5;23,9;23,7;96;95;96;13;3,7;1,4;
2026/02/23;0400 UTC;0;1009,3;1009,9;1009,3;;24,8;24,3;24,9;24,6;24,3;23,9;97;96;97;24;3,7;2,1;
2026/02/23;0500 UTC;0;1008,9;1009,3;1008,9;;24,7;24,2;24,8;24,7;24,3;24,2;97;97;97;28;2,9;1,5;
2026/02/23;0600 UTC;0;1008,4;1009;1008,3;;24,8;24,3;24,8;24,6;24,3;24,1;97;97;97;34;2,9;1,6;
2026/02/23;0700 UTC;0;1008,4;1008,5;1008,3;;24,7;24,3;24,8;24,7;24,4;24,3;97;97;97;12;3,4;2,1;
2026/02/23;0800 UTC;0;1008,4;1008,5;1008,4;;24,7;24,4;24,8;24,7;24,4;24,3;98;97;98;43;3,6;2,4;
2026/02/23;0900 UTC;0;1008,6;1008,6;1008,3;;24,7;24,3;24,8;24,7;24,4;24,3;98;97;97;27;3,4;1,6;
2026/02/23;1000 UTC;0;1009;1009;1008,5;;25;24,5;25;24,7;24,5;24,3;97;97;97;17;3,3;1,3;
2026/02/23;1100 UTC;0;1009,2;1009,2;1009;;26,2;25,3;26,2;24,9;25,5;24,5;98;95;95;341;2,5;1,5;
2026/02/23;1200 UTC;0;1009,6;1009,6;1009,2;;27,4;24,3;27,5;26,2;25,6;23,6;95;81;83;231;3,5;2,6;
2026/02/23;1300 UTC;0;1009,7;1009,8;1009,6;;27,8;23,8;28,2;27,3;25;23,5;84;78;79;228;3,5;2;
2026/02/23;1400 UTC;0;1009,4;1009,7;1009,4;;29,1;24,9;29,3;27,7;25,4;23,6;81;78;78;219;4,8;3,7;
2026/02/23;1500 UTC;0;1009;1009,5;1009;;28,9;24,6;29,5;28,3;25,4;24;80;76;78;208;5,4;4,2;
2026/02/23;1600 UTC;0;1008,1;1009;1008,1;;29,3;24,5;29,6;28,5;25,5;24;81;75;76;166;6,9;5,1;
2026/02/23;1700 UTC;0;1007,6;1008,1;1007,5;;29;24,5;29,7;29;25,6;23,9;79;73;76;146;7,7;6,2;
2026/02/23;1800 UTC;0;1007,1;1007,6;1007,1;;28,2;23,8;29,5;28,2;25;23,7;79;74;77;136;7,8;6,1;
2026/02/23;1900 UTC;0;1007,2;1007,2;1007;;27,7;23,9;28,2;27,7;24,4;23,1;81;75;80;97;7,9;3,3;
2026/02/23;2000 UTC;,8;1006,9;1007,2;1006,8;;26,4;24,6;27,7;26,3;24,7;23,8;90;80;89;93;5,9;2,5;
2026/02/23;2100 UTC;0;1007,1;1007,1;1006,9;;26,4;24,3;26,7;26,4;24,5;24,2;89;87;88;90;6,8;3,5;
2026/02/23;2200 UTC;0;1007,6;1007,6;1007,1;;26,5;24,5;26,5;26,4;24,5;24,2;89;88;89;98;6;3,3;
2026/02/23;2300 UTC;,6;1008,1;1008,2;1007,6;;26,1;24,8;26,6;26,1;24,8;24,4;93;88;93;355;5,4;,8;
2026/02/24;0000 UTC;4,2;1008,7;1008,7;1008,1;;25,3;24,7;26,1;25,3;25;24,6;96;93;96;15;4,4;2,6;
2026/02/24;0100 UTC;0;1008,4;1008,8;1008,3;;24,5;23,9;25,3;24,5;24,7;23,8;96;96;96;330;5,5;1,8;
2026/02/24;0200 UTC;0;1008,3;1008,5;1008,3;;24,5;24;24,5;24,5;24;23,9;97;96;97;25;2,4;,5;
2026/02/24;0300 UTC;0;1007,6;1008,3;1007,6;;24,4;23,9;24,5;24,4;24,1;23,9;97;97;97;308;2,3;1,6;
2026/02/24;0400 UTC;0;1007,4;1007,6;1007,3;;24,3;23,8;24,5;24,3;24;23,8;97;97;97;2;3,3;2,4;
2026/02/24;0500 UTC;0;1007,1;1007,5;1007,1;;24,3;23,9;24,4;24,2;23,9;23,8;98;97;98;20;3,3;1,5;
2026/02/24;0600 UTC;0;1006,5;1007,1;1006,5;;24,1;23,7;24,3;24,1;23,9;23,7;98;98;98;2;2,6;1,6;
2026/02/24;0700 UTC;0;1006,2;1006,5;1006,2;;23,8;23,4;24,1;23,8;23,7;23,4;98;98;98;48;2,6;1,9;
2026/02/24;0800 UTC;0;1006,1;1006,2;1006;;23,8;23,4;23,8;23,7;23,5;23,3;98;97;97;88;2,6;1,7;
2026/02/24;0900 UTC;0;1006,4;1006,4;1006,1;;23,7;23,3;24;23,7;23,5;23,3;97;97;97;22;3,3;2,2;
2026/02/24;1000 UTC;0;1006,9;1006,9;1006,4;;24,2;23,5;24,2;23,7;23,5;23,2;97;96;96;21;3,9;1,9;
2026/02/24;1100 UTC;0;1007,2;1007,2;1006,7;;25,6;24,6;25,7;24,2;24,7;23,6;96;94;94;344;2,6;1,3;
2026/02/24;1200 UTC;0;1007,4;1007,4;1007,2;;27,8;24,3;27,8;25,6;25;23,5;94;78;81;229;2,6;,5;
2026/02/24;1300 UTC;0;1007,4;1007,5;1007,4;;28;24,5;28,3;27,3;24,8;23,3;82;77;81;185;2,6;2;
2026/02/24;1400 UTC;0;1006,9;1007,4;1006,9;;28,6;24,4;28,8;27,6;24,5;23,1;81;75;78;153;4,7;3,2;
2026/02/24;1500 UTC;0;1006,5;1007;1006,5;;28,9;24,2;29;28,3;24,8;23,6;79;75;76;143;5,1;3,9;
2026/02/24;1600 UTC;0;1005,7;1006,5;1005,7;;29,1;24,2;29,3;28,3;25;23,6;78;73;75;142;7;5,4;
2026/02/24;1700 UTC;0;1004,9;1005,7;1004,9;;29,5;24,5;29,8;28,8;25,4;23,9;79;73;75;129;7,3;5,1;
2026/02/24;1800 UTC;0;1003,8;1004,9;1003,8;;30,5;24,9;30,7;29,2;25,3;23,7;77;69;72;108;9,6;5,5;
2026/02/24;1900 UTC;0;1003,6;1003,8;1003,6;;29,1;25;30,6;29;25,4;24,2;79;71;79;102;9,8;5,9;
2026/02/24;2000 UTC;0;1003,7;1003,8;1003,6;;28,3;24,8;29,5;28,3;25,5;24,7;82;78;81;103;10,4;4,1;
2026/02/24;2100 UTC;0;1003,9;1003,9;1003,5;;27,5;24,7;28,3;27,5;25;24,7;85;81;85;82;8,1;3,2;
2026/02/24;2200 UTC;0;1004,3;1004,3;1003,8;;27,2;24,7;27,5;27,1;24,8;24,5;86;85;86;78;7,5;2,9;
2026/02/24;2300 UTC;0;1005,2;1005,2;1004,3;;27;24,5;27,3;27;24,7;24,5;87;85;86;15;5,4;1,8;
2026/02/25;0000 UTC;0;1005,5;1005,6;1005,1;;26,2;24,2;27;26,2;24,6;24,1;88;85;88;4;3,4;2,3;
2026/02/25;0100 UTC;0;1005,2;1005,6;1005,2;;26,1;24,3;26,4;26;24,4;23,9;90;87;90;55;3;,8;
2026/02/25;0200 UTC;0;1004,9;1005,3;1004,9;;25,7;24,2;26,1;25,7;24,5;24,1;92;90;92;6;1,2;,7;
2026/02/25;0300 UTC;0;1004,4;1004,9;1004,4;;24,8;23,9;25,9;24,7;24,6;23,7;95;90;95;6;2,3;1,7;
2026/02/25;0400 UTC;0;1004,2;1004,4;1004,2;;24,7;23,9;24,8;24,7;24;23,8;95;95;95;22;2,8;1,8;
2026/02/25;0500 UTC;0;1003,4;1004,2;1003,4;;24,1;23,4;24,7;24,1;23,9;23,3;96;95;96;352;2,5;1,8;
2026/02/25;0600 UTC;0;1002,8;1003,4;1002,8;;23,9;23,2;24,1;23,9;23,4;23,1;96;96;96;6;2,7;2;
2026/02/25;0700 UTC;0;1003,1;1003,1;1002,7;;23,8;23,2;23,9;23,8;23,3;23,2;96;96;96;41;2,8;2,3;
2026/02/25;0800 UTC;0;1003,1;1003,1;1002,9;;23,7;22,9;23,8;23,6;23,2;22,9;96;96;96;29;3,1;2,3;
2026/02/25;0900 UTC;0;1003,9;1003,9;1003,1;;23,9;22,9;24;23,6;23;22,8;96;94;94;36;3,3;1,9;
2026/02/25;1000 UTC;0;1004,2;1004,3;1003,8;;26,5;23,9;26,5;23,9;24,1;22,9;94;86;86;84;3;,6;
2026/02/25;1100 UTC;0;1004,5;1004,5;1004,2;;27,8;23,4;27,8;26,4;24,1;23;85;76;77;185;2;1,4;
2026/02/25;1200 UTC;0;1004,6;1004,7;1004,5;;28,4;23,7;28,6;27,6;24;23,2;79;75;76;182;2,9;2;
2026/02/25;1300 UTC;0;1004,4;1004,7;1004,3;;28,6;24,4;28,8;27,9;24,8;23,7;81;76;78;151;5,2;3,8;
2026/02/25;1400 UTC;0;1003,6;1004,4;1003,6;;28,6;25,1;28,8;28,1;25,3;24,2;82;78;82;148;6,1;5;
2026/02/25;1500 UTC;0;1002,7;1003,6;1002,7;;28,4;25,1;28,8;28,1;25,4;24,6;83;80;82;148;7,1;6,4;
2026/02/25;1600 UTC;0;1002,1;1002,7;1002;;28,9;24,8;29,1;28,3;25,3;24,5;83;78;78;149;7,8;6,3;
2026/02/25;1700 UTC;0;1001,4;1002,1;1001,4;;29,3;24,9;29,5;28,6;25,4;24,5;81;76;77;140;7,4;6;
2026/02/25;1800 UTC;0;1000,9;1001,5;1000,9;;29,5;24,7;29,8;28,9;25,3;24,4;79;74;75;137;7,9;6;
2026/02/25;1900 UTC;0;1000,6;1001;1000,6;;29,3;24,6;29,9;29,1;24,9;24,1;77;73;76;122;8,1;5,6;
2026/02/25;2000 UTC;0;1000,5;1000,6;1000,4;;28,4;24,9;29,5;28,3;25,1;24,4;81;76;81;118;7,6;3,7;
2026/02/25;2100 UTC;0;1000,6;1000,6;1000,4;;27,6;24,6;28,4;27,6;24,9;24,3;84;81;84;111;5,8;3,2;
2026/02/25;2200 UTC;0;1001,2;1001,2;1000,6;;27,1;24,7;27,6;27,1;24,7;24,4;86;84;86;88;5;1,6;
2026/02/25;2300 UTC;0;1001,6;1001,6;1001,2;;27;24,7;27,1;26,9;24,8;24,6;88;86;87;103;6,4;3,2;
2026/02/26;0000 UTC;0;1002,3;1002,3;1001,6;;27;24,8;27,1;26,9;24,9;24,6;88;87;88;129;6,4;1,1;
2026/02/26;0100 UTC;0;1001,8;1002,3;1001,8;;26,7;24,6;27;26,6;24,7;24,2;89;86;89;132;3,7;1,2;
2026/02/26;0200 UTC;0;1001,4;1001,8;1001,3;;26,1;24,6;26,6;25,9;24,6;24,3;92;89;92;51;2,1;,4;
2026/02/26;0300 UTC;0;1001;1001,5;1001;;25,6;24,4;26,3;25,6;24,9;24,3;93;91;93;2;3;1,1;
2026/02/26;0400 UTC;0;1000,9;1001,2;1000,9;;25,4;24,2;25,6;25,3;24,4;24,2;94;93;93;12;2,9;1,6;
2026/02/26;0500 UTC;,8;1000,4;1000,9;1000,4;;25,7;24,9;25,7;25,3;24,9;24,2;95;93;95;342;3;2;
2026/02/26;0600 UTC;,2;999,9;1000,4;999,9;;25,4;24,9;25,8;25,4;25,1;24,8;97;95;97;7;3;1,5;
2026/02/26;0700 UTC;0;1000,1;1000,2;999,8;;25,6;25,1;25,6;25,4;25,1;24,8;97;97;97;356;4,4;3;
2026/02/26;0800 UTC;0;1000,3;1000,3;1000,1;;25;24,5;25,6;25;25,1;24,5;97;97;97;12;4,4;2,5;
2026/02/26;0900 UTC;0;1000,4;1000,4;1000,2;;24,9;24,2;25;24,8;24,5;24,1;97;96;96;311;4,7;1,9;
2026/02/26;1000 UTC;,2;1001,2;1001,2;1000,4;;25,3;24,6;25,3;24,8;24,6;24,1;96;95;96;345;4,2;1,9;
2026/02/26;1100 UTC;0;1001,9;1001,9;1001,2;;25,7;24,5;25,7;25,3;24,8;24,1;96;93;93;322;2,9;1,3;
2026/02/26;1200 UTC;,2;1002,4;1002,4;1001,9;;25,9;24,6;26;25,5;24,8;24,3;94;92;92;286;3,5;2,3;
2026/02/26;1300 UTC;0;1002,8;1002,8;1002,4;;27;24;27,1;25,9;25,4;23,9;93;83;84;254;4,3;3,3;
2026/02/26;1400 UTC;,2;1002,9;1003,1;1002,8;;26,6;23,7;27;26,5;24,9;23,1;89;81;84;261;4,8;2,6;
2026/02/26;1500 UTC;,2;1002,3;1002,9;1002,3;;28,3;24,5;28,4;26,5;25,5;23,6;90;80;80;283;3,5;1,1;
2026/02/26;1600 UTC;0;1002;1002,3;1002;;28,4;24,3;28,7;28;25,5;23,6;85;75;78;221;3,3;2,3;
2026/02/26;1700 UTC;0;1002,1;1002,1;1001,9;;26,5;24,9;28,7;26,4;24,9;23,6;91;76;91;168;9,2;6,4;
2026/02/26;1800 UTC;0;1001,5;1002,1;1001,4;;26,1;24,2;26,8;26,1;25;23,9;91;87;89;139;7,5;4;
2026/02/26;1900 UTC;,4;1001,3;1001,5;1001,2;;26,1;24,4;26,1;25,6;24,4;23,8;92;88;90;80;5,1;,6;
2026/02/26;2000 UTC;,6;1001,2;1001,3;1001;;25,7;24,9;26,1;25,6;25;24,4;96;90;95;346;1,9;1,2;
2026/02/26;2100 UTC;0;1001,9;1001,9;1001,2;;25,4;24,9;25,8;25,4;25,1;24,8;97;95;97;44;3;2;
2026/02/26;2200 UTC;4;1002,8;1002,8;1001,9;;25;24,6;25,4;25;24,8;24,6;97;97;97;2;4,9;3,6;
2026/02/26;2300 UTC;21,8;1003,8;1003,8;1002,8;;24,1;23,7;25;24,1;24,6;23,7;98;97;98;328;4,9;1,1;
2026/02/27;0000 UTC;9,6;1004,2;1004,2;1003,7;;23,9;23,6;24,1;23,9;23,7;23,6;98;98;98;1;3,9;2,8;
2026/02/27;0100 UTC;31,2;1004,7;1004,9;1004,2;;24,2;24;24,5;23,9;24,3;23,6;99;98;99;62;4,4;1,8;
2026/02/27;0200 UTC;12,2;1004,7;1004,8;1004,6;;23,9;23,8;24,2;23,9;24;23,7;99;99;99;352;4,4;2,6;
2026/02/27;0300 UTC;8,8;1004,3;1004,7;1004,3;;23,8;23,6;23,9;23,7;23,8;23,5;99;99;99;32;4,4;1,8;
2026/02/27;0400 UTC;1,4;1003,8;1004,4;1003,8;;26,1;24,7;26,3;23,7;25,9;23,6;99;89;92;176;9,2;7,3;
2026/02/27;0500 UTC;,4;1003,4;1003,8;1003,3;;25,4;24,3;26,1;25,3;25;23,9;95;92;94;167;12,5;7,1;
2026/02/27;0600 UTC;1,4;1003;1003,4;1002,9;;26,1;24,4;26,1;25,2;24,9;23,9;96;90;90;174;13;8,6;
2026/02/27;0700 UTC;,2;1003,2;1003,2;1002,9;;26,7;23,4;26,7;26,1;24,5;23,1;90;81;82;192;13;10;
2026/02/27;0800 UTC;0;1003,6;1003,6;1003,2;;26,7;23,3;26,8;26,1;24,1;23,2;86;81;82;195;12,7;10,9;
2026/02/27;0900 UTC;0;1004,3;1004,3;1003,6;;26,7;23,3;26,8;26,4;23,9;22,8;86;80;82;199;12,8;9,6;
2026/02/27;1000 UTC;0;1005,3;1005,3;1004,3;;26,7;23,3;26,8;26,5;23,9;23;84;81;82;191;12,3;10,1;
2026/02/27;1100 UTC;0;1006,5;1006,5;1005,3;;26,8;23,3;26,9;26,5;23,9;23;84;80;81;190;12,9;10,5;
2026/02/27;1200 UTC;0;1006,8;1006,9;1006,4;;26,7;22,9;26,9;26,6;23,7;22,8;84;79;80;193;13,1;10,6;
2026/02/27;1300 UTC;0;1007,4;1007,4;1006,8;;27;22,6;27,2;26,7;23,4;22,3;81;76;77;195;13,3;10,6;
2026/02/27;1400 UTC;0;1007,9;1007,9;1007,4;;27,5;22,7;27,6;26,8;23,2;22;80;73;75;198;13;9,8;
2026/02/27;1500 UTC;0;1007,9;1007,9;1007,8;;27,4;22,2;27,9;27,3;23,5;21,5;77;70;73;212;11,5;9,1;
2026/02/27;1600 UTC;0;1007,6;1007,9;1007,6;;27,6;23;28,2;27,2;23,5;21,9;76;71;76;209;11,5;8,9;
2026/02/27;1700 UTC;0;1007,3;1007,6;1007,3;;27,4;22,8;28;27,2;23,5;22,3;78;74;76;209;11;8,2;
2026/02/27;1800 UTC;0;1007,1;1007,4;1007,1;;26,7;22,6;27,4;26,6;23,6;21,7;81;74;78;203;12,8;9,5;
2026/02/27;1900 UTC;0;1006,9;1007,1;1006,9;;26,7;22,3;27,1;26,4;23,4;21,5;80;74;77;210;12;9,3;
2026/02/27;2000 UTC;0;1007,4;1007,4;1006,9;;26,7;22,2;27;26,2;23;21,4;81;74;77;203;12,3;10,1;
2026/02/27;2100 UTC;0;1007,9;1008;1007,4;;25,5;22,9;26,7;25,3;23,2;21,6;86;75;86;160;12,4;8,9;
2026/02/27;2200 UTC;0;1008,5;1008,6;1007,9;;25,6;22,3;26,2;24,2;22,9;21,5;87;78;82;197;15,4;7,6;
2026/02/27;2300 UTC;0;1009,2;1009,5;1008,6;;24,9;21,3;25,6;23,4;23;20,5;87;79;81;167;16,2;4,7;
2026/02/28;0000 UTC;,2;1009,9;1009,9;1009,2;;26,2;21,3;26,5;24,5;22,4;20,8;86;72;75;187;11,1;8,7;
2026/02/28;0100 UTC;0;1010,1;1010,1;1009,9;;26,2;19,8;26,5;26;21,6;19,5;76;67;68;191;11,1;8,1;
2026/02/28;0200 UTC;0;1010;1010,1;1010;;26;20,8;26,4;25,8;21,4;19,4;74;66;73;198;10;6,6;
2026/02/28;0300 UTC;0;1009,4;1010;1009,4;;26,2;20,4;26,3;25,8;21,6;19,9;75;69;71;198;8,9;7,1;
2026/02/28;0400 UTC;0;1008,8;1009,4;1008,8;;25,9;20,5;26,3;25,1;21,8;19,4;81;67;72;200;8,1;6,4;
2026/02/28;0500 UTC;0;1008,2;1008,8;1008,2;;24,9;21,3;26;24,8;21,5;19,1;80;67;80;244;8,8;4,8;
2026/02/28;0600 UTC;0;1007,9;1008,2;1007,9;;25,7;20,1;26,1;24,9;21,5;19,9;81;70;72;192;7,3;6;
2026/02/28;0700 UTC;0;1007,9;1008;1007,8;;25,6;20,8;26;25,3;21,2;20,1;76;71;75;205;7,8;4,9;
2026/02/28;0800 UTC;,2;1007,9;1008,1;1007,9;;25;21,4;25,8;23,4;22,1;20,3;90;73;80;173;7,2;5,4;
2026/02/28;0900 UTC;0;1008,4;1008,4;1007,9;;23,3;21,6;25,2;23;21,9;20,3;91;75;90;200;7,1;2,3;
2026/02/28;1000 UTC;0;1008,8;1008,8;1008,4;;22,9;21,5;23,3;22,7;22;21,3;93;90;92;304;4,5;2,4;
2026/02/28;1100 UTC;0;1009,3;1009,3;1008,8;;24,3;21;24,3;22,8;21,9;20,9;92;82;82;256;6,1;2,8;
2026/02/28;1200 UTC;0;1009,8;1009,8;1009,3;;25;21,1;25,2;24,4;21,9;20,7;83;78;79;257;8,2;4,1;
2026/02/28;1300 UTC;0;1010,1;1010,2;1009,7;;25;19,9;25,7;24,5;21,6;18,2;80;68;73;232;10,5;4,4;
2026/02/28;1400 UTC;0;1010,1;1010,2;1010;;26,7;20,5;26,7;25;21,8;18,9;79;64;69;219;9,6;6,7;
2026/02/28;1500 UTC;0;1010;1010,2;1010;;26,9;17,9;27,4;25,9;21,3;16,9;75;54;58;206;8,7;6,9;
2026/02/28;1600 UTC;0;1009,6;1010;1009,6;;27,1;18,3;27,5;26,7;19,4;17,1;63;55;59;210;9,3;7,2;
2026/02/28;1700 UTC;0;1009,3;1009,6;1009,3;;26,9;18,9;27,7;26,7;19,6;17,7;64;57;62;211;9,4;6,6;
2026/02/28;1800 UTC;0;1008,9;1009,3;1008,9;;27;20,9;27,5;26,7;20,9;18;69;58;69;217;9,7;7,4;
2026/02/28;1900 UTC;0;1009;1009;1008,8;;26,6;20,3;27;26,5;20,6;19,2;69;63;68;223;9,6;7,2;
2026/02/28;2000 UTC;0;1009,2;1009,2;1008,9;;26,4;20,4;26,9;26,2;20,5;19,1;71;63;70;196;9,5;7,4;
2026/02/28;2100 UTC;0;1009,4;1009,4;1009,1;;25,9;20,6;26,5;25,7;21;19,2;74;65;72;194;9,5;8;
2026/02/28;2200 UTC;0;1009,8;1009,8;1009,4;;25,4;20,1;26,2;25,1;21,5;19,6;78;70;72;185;10,3;6,8;
2026/02/28;2300 UTC;0;1010,4;1010,4;1009,8;;25,7;21,5;26;25;21,7;19,2;80;69;78;216;10,8;8,3;
2026/03/01;0000 UTC;0;1010,9;1010,9;1010,4;;25,9;20;26;25,4;21,5;19,2;78;67;70;185;10,4;7,4;
2026/03/01;0100 UTC;0;1011,2;1011,2;1010,9;;25,9;19,9;26;25,8;20,5;19,5;72;68;70;197;9;6,6;
2026/03/01;0200 UTC;0;1011;1011,2;1011;;25,8;19,6;26;25,7;20,4;19,3;72;67;69;195;8,4;5,6;
2026/03/01;0300 UTC;,6;1010,6;1011;1010,4;;25,3;21;25,9;25,3;21;19;77;67;77;203;9,8;5,6;
2026/03/01;0400 UTC;1,8;1010,1;1010,6;1010,1;;23,9;20,5;25,3;23,2;21,6;20;86;77;81;209;11,5;6,9;
2026/03/01;0500 UTC;0;1009,6;1010,1;1009,5;;24;19,9;24,3;23,5;21,1;19,4;83;76;78;201;10,6;3,8;
2026/03/01;0600 UTC;0;1009,3;1009,6;1009,2;;22,3;20,5;24,3;22,3;20,6;19,5;90;76;90;295;4,8;2,6;
2026/03/01;0700 UTC;6,2;1009,2;1009,5;1009,1;;22,2;19,7;23;21,8;21,5;19,2;92;84;86;219;9,5;4,1;
2026/03/01;0800 UTC;0;1009,5;1009,5;1009,1;;22,5;20,7;24,8;22,2;21,1;19,2;89;72;89;288;8,5;4,1;
2026/03/01;0900 UTC;0;1009,8;1009,8;1009,4;;22;20,9;22,5;21,8;21;20,4;94;89;93;134;6,2;1,7;
2026/03/01;1000 UTC;0;1010,2;1010,2;1009,8;;25,1;19;25,2;22;21,2;18,3;94;66;69;223;7,8;5,9;
2026/03/01;1100 UTC;0;1010,7;1010,7;1010,2;;24,5;20,7;25,4;23,8;21,3;19,2;84;69;80;280;8,2;4,3;
2026/03/01;1200 UTC;0;1011,1;1011,1;1010,7;;25,7;19,7;25,7;24,5;21,4;19,2;81;68;70;213;8;6,1;
2026/03/01;1300 UTC;0;1011,3;1011,3;1011,1;;24,9;20,9;26,1;24,8;21,2;19;79;66;79;248;8,2;6,4;
2026/03/01;1400 UTC;,2;1011,3;1011,4;1011,2;;23,7;20,6;25,7;23,7;21,2;20;83;74;83;204;9,1;7,1;
2026/03/01;1500 UTC;0;1011;1011,4;1011;;24,1;19,8;24,3;23,1;21,2;19,8;87;77;77;180;9,2;6,4;
2026/03/01;1600 UTC;0;1010,5;1011;1010,5;;25;21;25,3;24;21,3;18,5;83;68;79;212;8,7;3;
2026/03/01;1700 UTC;0;1010,2;1010,6;1010,2;;24,4;20,2;25,4;24,1;21,4;18,8;84;68;78;156;10,6;7,3;
2026/03/01;1800 UTC;0;1009,8;1010,2;1009,7;;25,9;19,3;25,9;24,2;21,3;19,2;79;67;67;168;9,1;4,9;
2026/03/01;1900 UTC;0;1009,6;1009,8;1009,6;;25,8;18,8;26,1;25,5;20;18,2;70;64;65;185;7,6;5,4;
2026/03/01;2000 UTC;0;1009,9;1009,9;1009,6;;26;18,6;26,3;25,7;19,7;17,6;67;59;64;189;8,3;6,2;
2026/03/01;2100 UTC;0;1010,3;1010,3;1009,9;;25,5;18,5;26;25,5;19,6;17,6;70;60;65;199;8,3;5,9;
2026/03/01;2200 UTC;0;1010,6;1010,6;1010,2;;25,4;18,5;25,7;25,4;19,6;18,2;70;64;66;190;7,8;5,7;
2026/03/01;2300 UTC;0;1010,9;1011;1010,6;;25,5;19,2;25,5;25,3;19,3;18,2;69;64;68;201;7,8;4,4;
2026/03/02;0000 UTC;1,8;1011,5;1011,5;1010,9;;24,8;19,4;25,5;22,8;20,8;18,3;88;66;72;181;7,5;4,6;
2026/03/02;0100 UTC;0;1011,5;1011,7;1011,5;;25;18,7;25,1;23,9;19,8;17,9;75;65;68;201;6,1;3,5;
2026/03/02;0200 UTC;0;1011,4;1011,5;1011,3;;21,1;19,4;25;21,1;19,4;17,7;90;64;90;16;5,3;1,7;
2026/03/02;0300 UTC;0;1011,1;1011,4;1011,1;;20,3;19,3;21,1;20,3;19,6;19,3;94;90;94;15;4,2;2,5;
2026/03/02;0400 UTC;,4;1010,2;1011,1;1010,2;;20,8;19,7;21;20,2;19,8;19,2;95;92;94;349;3,9;1,8;
2026/03/02;0500 UTC;0;1009,9;1010,2;1009,8;;20,1;19,3;20,8;20,1;19,8;19,3;96;94;96;16;3;2,2;
2026/03/02;0600 UTC;0;1009,7;1009,9;1009,7;;20;19,4;20,2;19,9;19,5;19,2;96;96;96;6;4;2,7;
2026/03/02;0700 UTC;0;1009,7;1009,7;1009,6;;20;19,4;20;20;19,4;19,4;96;96;96;4;3,6;2,7;
2026/03/02;0800 UTC;0;1009,9;1009,9;1009,6;;20;19,4;20,1;19,9;19,5;19,3;97;96;96;17;4,4;3,2;
2026/03/02;0900 UTC;0;1010,2;1010,2;1009,9;;19,8;19,2;20,1;19,8;19,5;19,2;97;96;97;6;4,4;2,9;
2026/03/02;1000 UTC;0;1010,9;1010,9;1010,2;;21,1;20,3;21,1;19,8;20,3;19,2;97;95;95;17;4,6;3,1;
2026/03/02;1100 UTC;0;1011,3;1011,3;1010,9;;23,9;20,8;23,9;21;21,3;20,2;95;82;83;14;4,6;2,2;
2026/03/02;1200 UTC;0;1011,7;1011,7;1011,3;;25,3;20,1;26,5;23,9;21,5;19,7;84;70;73;228;4,5;1,4;
2026/03/02;1300 UTC;0;1012;1012;1011,7;;26,4;21,1;26,4;25;21,1;19,9;77;69;73;242;4,3;2,6;
2026/03/02;1400 UTC;0;1011,7;1012;1011,7;;25,9;20;26,8;25,8;21;19,8;73;67;70;218;5;3,6;
2026/03/02;1500 UTC;0;1011,4;1011,7;1011,4;;26,4;19,3;27,1;25,6;21;18,7;72;63;65;206;5,6;4,2;
2026/03/02;1600 UTC;0;1011,1;1011,4;1011,1;;26,4;20,4;26,7;25,9;20,8;19,3;71;65;69;208;5,6;3,6;
2026/03/02;1700 UTC;0;1010,7;1011,1;1010,7;;26,2;20;27,1;26;21;18,7;71;63;69;192;5,6;4,2;
2026/03/02;1800 UTC;0;1010,6;1010,7;1010,6;;26,5;19,9;26,8;25,8;20,5;19,2;71;64;67;204;5,8;4,1;
2026/03/02;1900 UTC;0;1010,6;1010,6;1010,5;;26;21,3;26,8;25,7;21,6;19,4;75;67;75;188;6,9;5,4;
2026/03/02;2000 UTC;0;1010,6;1010,7;1010,6;;25,8;20,9;26,2;25,4;21,9;20,3;79;72;74;169;6,7;3,3;
2026/03/02;2100 UTC;0;1010,7;1010,7;1010,6;;25,2;20,1;25,8;25,2;21;19,4;75;70;73;166;4,8;3,1;
2026/03/02;2200 UTC;0;1010,8;1010,8;1010,6;;25,2;20,2;25,4;25,1;20,6;19,7;75;72;74;149;5,7;4,3;
2026/03/02;2300 UTC;0;1011,5;1011,5;1010,8;;24,3;21,7;25,3;24,3;22,1;19,5;86;71;85;157;8,1;6,4;
2026/03/03;0000 UTC;0;1012,1;1012,1;1011,5;;23,6;20,6;24,5;23,6;22;20,6;87;84;84;66;8,2;2,1;
2026/03/03;0100 UTC;0;1012;1012,2;1012;;23,2;20,1;23,6;23,2;20,5;19,8;84;80;83;29;3,7;1,6;
2026/03/03;0200 UTC;0;1011,7;1012;1011,7;;22,6;20,7;23,2;22,6;20,8;20,1;89;83;89;7;2,9;1,6;
2026/03/03;0300 UTC;0;1011,7;1011,8;1011,6;;22,3;20,9;22,6;22,3;20,9;20,6;92;89;92;346;2,5;1,6;
2026/03/03;0400 UTC;0;1011;1011,7;1011;;21,9;20,5;22,4;21,9;20,9;20,5;92;91;92;3;4,3;2,7;
2026/03/03;0500 UTC;0;1010,6;1011;1010,5;;21,1;20,2;21,9;21,1;20,6;20,1;94;92;94;346;4,3;1,2;
2026/03/03;0600 UTC;0;1010,2;1010,6;1010,2;;20,8;20,1;21,3;20,7;20,4;19,9;96;94;95;17;2,8;1,8;
2026/03/03;0700 UTC;0;1010,2;1010,3;1010,1;;20,7;20;20,9;20,7;20,2;20;96;95;96;36;3;1,9;
2026/03/03;0800 UTC;0;1010,5;1010,5;1010,2;;20,6;20;20,8;20,3;20,2;19,7;97;96;97;10;2,5;1,6;
2026/03/03;0900 UTC;0;1010,9;1010,9;1010,5;;20,2;19,6;20,6;20,2;20;19,6;97;96;97;4;2,9;1,9;
2026/03/03;1000 UTC;0;1011,6;1011,6;1010,9;;21,5;20,9;21,5;20,2;20,9;19,6;97;96;96;34;2,6;1,3;
2026/03/03;1100 UTC;0;1012,3;1012,3;1011,6;;23;21,7;23;21,5;21,8;20,9;96;92;92;11;2,4;1,5;
2026/03/03;1200 UTC;0;1012,6;1012,6;1012,3;;24,8;20,9;24,8;23;21,8;20,9;92;79;79;2;2,4;,9;
2026/03/03;1300 UTC;0;1012,6;1012,7;1012,6;;25,9;19,8;26,7;24,8;21,2;19,8;79;69;69;204;2,8;2,1;
2026/03/03;1400 UTC;0;1012,3;1012,7;1012,3;;26,5;20,8;26,8;25,8;21,1;19,7;72;68;71;185;3,8;2,6;
2026/03/03;1500 UTC;0;1012;1012,3;1012;;26,7;20,9;27,3;26,4;21,6;20,4;72;68;71;162;5,6;4,3;
2026/03/03;1600 UTC;0;1011,6;1012;1011,6;;27,4;22,1;27,5;26,6;22,3;20,7;74;69;73;162;6;4,6;
2026/03/03;1700 UTC;0;1010,9;1011,6;1010,9;;27,1;21,5;27,5;26,4;22;20,9;74;69;72;146;6,8;5,4;
2026/03/03;1800 UTC;0;1010,7;1011;1010,6;;27;22,1;27,3;26,4;22,1;21;75;70;75;140;7,2;5,4;
2026/03/03;1900 UTC;0;1010,2;1010,7;1010,2;;26,6;21;27;26,4;22;20,8;75;71;71;138;8;5,4;
2026/03/03;2000 UTC;0;1010,5;1010,5;1010,2;;26,2;20,3;26,9;26,2;21,4;20,3;74;69;70;137;8,3;5,5;
2026/03/03;2100 UTC;0;1010,6;1010,8;1010,5;;25,9;20,5;26,2;25,9;21,4;20,4;75;70;72;129;8,3;6,3;
2026/03/03;2200 UTC;0;1010,7;1010,7;1010,6;;25,6;20,2;25,9;25,6;20,9;20,2;74;72;72;103;7,8;3,2;
2026/03/03;2300 UTC;0;1011,4;1011,4;1010,7;;25,7;20,3;25,9;25,6;20,8;20,2;74;71;72;107;6;3,6;
2026/03/04;0000 UTC;0;1011,9;1011,9;1011,4;;25,7;20,9;25,9;25,6;20,9;20;75;71;75;98;6,5;3,5;
2026/03/04;0100 UTC;0;1012,1;1012,2;1011,9;;25,6;20,9;25,8;25,6;21,1;20,8;76;75;75;85;6,4;2,2;
2026/03/04;0200 UTC;0;1012,3;1012,3;1012;;24,7;20,5;25,7;24,7;20,8;20,5;78;74;78;350;5,9;,8;
2026/03/04;0300 UTC;0;1012,1;1012,5;1012,1;;24,4;20,9;25,1;23,9;21,2;20,5;84;76;81;343;1,6;,6;
2026/03/04;0400 UTC;0;1012,1;1012,2;1012,1;;22,5;20,9;24,5;22,5;21,1;20,7;91;81;91;8;2,4;1,7;
2026/03/04;0500 UTC;0;1011,4;1012,1;1011,4;;22,1;20,7;22,7;22,1;21;20,5;92;90;92;359;2,5;1,8;
2026/03/04;0600 UTC;0;1010,8;1011,4;1010,8;;22,1;20,7;22,2;22;20,8;20,7;93;92;92;38;3;2,4;
2026/03/04;0700 UTC;0;1010,6;1010,8;1010,5;;21,6;20,5;22,1;21,6;20,7;20,4;93;91;93;3;3;1,5;
2026/03/04;0800 UTC;0;1010,7;1010,7;1010,4;;21,5;20,6;21,7;21,4;20,7;20,3;95;93;95;346;2,2;1,5;
2026/03/04;0900 UTC;0;1011,1;1011,1;1010,7;;21,2;20,3;21,5;21,1;20,7;20,3;95;95;95;20;3,4;1,8;
2026/03/04;1000 UTC;0;1011,8;1011,8;1011,1;;22,7;21,4;22,7;21,2;21,4;20,4;95;92;92;32;2,7;1,1;
2026/03/04;1100 UTC;0;1012,2;1012,2;1011,8;;25,4;20,8;25,5;22,7;22;20,8;92;76;76;360;2,5;,9;
2026/03/04;1200 UTC;0;1012,5;1012,6;1012,2;;26,7;21,2;26,7;25,3;21,9;20,4;80;71;72;326;3,1;1,1;
2026/03/04;1300 UTC;0;1012,7;1012,7;1012,5;;26,4;21;26,8;25,7;21,3;20,3;75;69;72;183;3,1;2,2;
2026/03/04;1400 UTC;0;1012,4;1012,7;1012,4;;27,6;21,2;27,6;26,3;21,3;20,2;73;66;68;155;4,6;3,2;
2026/03/04;1500 UTC;0;1011,7;1012,4;1011,7;;29,2;21,8;29,2;27,3;21,8;20,5;69;61;64;122;6,3;4,1;
2026/03/04;1600 UTC;0;1011,3;1011,7;1011,3;;28,5;20,4;29,5;27,8;21,7;20,1;69;61;61;126;6,8;4,4;
2026/03/04;1700 UTC;0;1010,8;1011,3;1010,8;;28,3;21,2;29,9;28,2;21,4;20,3;66;58;65;122;7,8;5,5;
2026/03/04;1800 UTC;0;1010,6;1010,8;1010,6;;28,5;21,4;29,1;27,7;21,8;20,8;70;62;65;108;8,4;6;
2026/03/04;1900 UTC;0;1010,8;1010,8;1010,6;;27,7;21,5;28,8;27,6;21,9;20,6;69;63;69;115;9,5;5,2;
2026/03/04;2000 UTC;0;1011,1;1011,1;1010,7;;26,8;21,3;28;26,7;21,7;21;72;67;72;119;8,6;5,2;
2026/03/04;2100 UTC;0;1011,3;1011,3;1011,1;;26,3;20,5;26,8;26,3;21,3;20,3;72;70;71;117;8,6;5,2;
2026/03/04;2200 UTC;0;1011,4;1011,5;1011,2;;25,9;20,1;26,3;25,9;20,9;20;73;70;70;104;8,1;4,6;
2026/03/04;2300 UTC;0;1011,8;1011,8;1011,4;;26;20;26,2;25,9;20,3;19,8;70;68;70;97;9;4,6;
2026/03/05;0000 UTC;0;1012,4;1012,4;1011,8;;26;20;26,1;26;20,1;19,9;70;69;69;95;9,2;4,4;
2026/03/05;0100 UTC;0;1012,5;1012,6;1012,4;;25,8;21;26;25,8;21;20,1;75;69;75;75;8,6;4,3;
2026/03/05;0200 UTC;0;1012,3;1012,6;1012,3;;25,2;21,1;25,8;25,2;21,3;20,9;78;75;78;18;8,3;1,9;
2026/03/05;0300 UTC;0;1012,4;1012,5;1012,3;;24,2;20,7;25,2;24,2;21,1;20,7;81;78;81;76;3,8;1,4;
2026/03/05;0400 UTC;0;1012,3;1012,4;1012,2;;24,1;19,8;24,2;23,5;20,9;19,8;85;77;77;31;3;2;
2026/03/05;0500 UTC;0;1011,9;1012,3;1011,9;;23,1;20,4;24,2;23,1;20,8;19,6;86;75;85;8;3;1,5;
2026/03/05;0600 UTC;0;1011,7;1011,9;1011,6;;22,5;20,4;23,4;22,5;20,5;20,1;88;83;88;6;2,6;2;
2026/03/05;0700 UTC;0;1011,6;1011,7;1011,5;;22,2;20,3;22,5;22,1;20,5;20,3;90;88;89;26;2,8;2;
2026/03/05;0800 UTC;0;1011,8;1011,8;1011,6;;21,9;20,3;22,3;21,9;20,5;20,2;91;89;91;16;2,8;1,8;
2026/03/05;0900 UTC;0;1012,2;1012,2;1011,8;;21,9;20,3;22,3;21,7;20,7;20,1;92;89;91;19;3,6;2;
2026/03/05;1000 UTC;0;1012,8;1012,8;1012,2;;24,4;21,4;24,4;21,8;21,7;20,3;91;83;83;42;2,9;1,3;
2026/03/05;1100 UTC;0;1012,9;1012,9;1012,8;;26,4;20,9;26,9;24,4;21,5;20,2;83;67;72;164;2,2;1,8;
2026/03/05;1200 UTC;0;1012,9;1013;1012,9;;27,6;21;27,9;26,2;21,5;20,3;73;66;67;127;4,6;3,5;
2026/03/05;1300 UTC;0;1013,3;1013,3;1012,9;;28,1;21;28,1;27,4;21,4;20,5;69;65;65;124;6,3;4,6;
2026/03/05;1400 UTC;0;1013,4;1013,5;1013,3;;28,3;21,5;28,8;27,9;22;20,6;68;63;67;131;6,5;5,1;
2026/03/05;1500 UTC;0;1012,9;1013,4;1012,9;;28,8;21,4;29;28;22,4;21;69;63;64;123;7,6;5,7;
2026/03/05;1600 UTC;0;1012,2;1012,9;1012,2;;29,6;22;30,4;28,4;22,6;21,2;68;61;64;105;8,6;5,8;
2026/03/05;1700 UTC;0;1011,6;1012,2;1011,6;;28,9;22,3;30,1;28,9;22,4;21,3;67;61;67;103;10,8;6,8;
2026/03/05;1800 UTC;0;1011,6;1011,6;1011,5;;27,7;23,1;29,3;27,6;23,3;21,8;76;66;76;108;11,2;6,9;
2026/03/05;1900 UTC;0;1011;1011,6;1011;;28,1;22,9;28,3;27,4;23,2;22,7;77;72;73;98;12,4;7;
2026/03/05;2000 UTC;0;1011,2;1011,2;1010,9;;26,9;22,3;28,1;26,8;22,9;22,3;78;73;76;103;12,4;7,7;
2026/03/05;2100 UTC;0;1011,5;1011,5;1011,2;;26,6;22,1;26,9;26,5;22,5;21,8;77;75;77;101;12,3;7;
2026/03/05;2200 UTC;0;1011,3;1011,5;1011;;26,3;22,1;26,6;26,3;22,3;22;78;77;78;100;13;7,8;
2026/03/05;2300 UTC;0;1011,9;1012;1011,3;;26,4;22,3;26,4;26,3;22,5;22,1;79;78;78;96;13,4;7,2;
2026/03/06;0000 UTC;0;1013;1013;1011,9;;26,1;22,3;26,4;26,1;22,5;22,3;80;78;80;42;12,5;2,7;
2026/03/06;0100 UTC;0;1013,2;1013,3;1013;;26;22,5;26,4;26;22,5;22,3;81;79;81;18;6,6;2;
2026/03/06;0200 UTC;0;1013,1;1013,4;1013;;25,6;22,7;26;25,4;22,7;22,4;85;81;84;73;3,1;,4;
2026/03/06;0300 UTC;0;1013,1;1013,3;1013,1;;24,9;23,1;25,8;24,6;23,4;22,6;90;84;90;345;1,2;,6;
2026/03/06;0400 UTC;0;1012,6;1013,1;1012,5;;24;22,5;24,9;23,9;23,1;22,2;92;89;91;1;1,6;,9;
2026/03/06;0500 UTC;0;1012,5;1012,6;1012,4;;23,9;22,7;24,6;23,7;23,2;22,4;94;91;94;36;2;1,5;
2026/03/06;0600 UTC;0;1011,8;1012,5;1011,8;;23,5;22,4;23,9;23,5;22,7;22,4;93;93;93;23;2,4;1,6;
2026/03/06;0700 UTC;0;1011,4;1011,8;1011,4;;23,3;22,2;23,5;23,1;22,4;22;94;93;94;57;2,4;1;
2026/03/06;0800 UTC;0;1011,8;1011,8;1011,4;;23,5;22,4;23,7;23;22,5;21,8;94;92;93;31;3,1;1,2;
2026/03/06;0900 UTC;0;1012,2;1012,3;1011,8;;23;22;23,5;22,9;22,3;21,7;94;92;94;7;2,6;1,9;
2026/03/06;1000 UTC;0;1012,7;1012,7;1012,2;;25,2;23,2;25,2;23;23,2;22;95;88;88;48;2,8;,8;
2026/03/06;1100 UTC;0;1013,2;1013,2;1012,8;;26,9;22,6;26,9;25,2;23,5;22,2;88;77;77;162;1,9;,7;
2026/03/06;1200 UTC;0;1013,3;1013,6;1013,2;;27,1;22,4;27,7;26,6;23,3;22,1;79;75;75;156;3,4;2,3;
2026/03/06;1300 UTC;0;1013,6;1013,6;1013,3;;28;22,7;28,3;27,1;23,1;22,2;77;71;73;149;5,4;4;
2026/03/06;1400 UTC;0;1013;1013,6;1013;;28,1;22,7;29;27,7;23,5;22,4;75;71;73;145;6,4;5,6;
2026/03/06;1500 UTC;0;1012,5;1013;1012,5;;28,9;22,2;29,8;27,9;23,5;22,1;75;65;67;134;7,3;5,7;
2026/03/06;1600 UTC;0;1011,8;1012,5;1011,8;;27,7;23,4;29,5;27,6;23,9;22,4;79;67;77;125;9;6,8;
2026/03/06;1700 UTC;0;1011,1;1011,8;1011,1;;29,8;24;30,5;27,7;24,4;22,5;77;66;71;105;9,9;5,1;
2026/03/06;1800 UTC;0;1010,4;1011,1;1010,4;;28,7;23,6;30;28,5;24,5;23,4;76;70;74;97;11,2;6,4;
2026/03/06;1900 UTC;0;1010,2;1010,4;1010,2;;28,3;23,3;29,1;28,2;24;23,3;76;72;75;73;11,5;5;
2026/03/06;2000 UTC;0;1010,2;1010,3;1010;;27,1;23;28,4;27,1;23,5;22,9;78;74;78;97;10,8;5,8;
2026/03/06;2100 UTC;0;1010,5;1010,5;1010,1;;26,5;23,2;27,2;26,5;23,2;22,9;82;78;82;97;11;6,2;
2026/03/06;2200 UTC;0;1010,3;1010,6;1010,2;;26,3;23,3;26,6;26,3;23,3;23;83;82;83;91;11,3;5,3;
2026/03/06;2300 UTC;0;1011,1;1011,1;1010,3;;26,2;23,5;26,3;26,2;23,5;23,3;85;83;85;67;11,3;3,8;
2026/03/07;0000 UTC;0;1011,2;1011,6;1011,1;;26,2;23,6;26,4;26,2;23,6;23,3;86;83;86;88;7,8;2,7;
2026/03/07;0100 UTC;0;1011,5;1011,5;1011,2;;25,8;23,6;26,2;25,7;23,6;23,4;88;86;88;91;4,7;1,7;
2026/03/07;0200 UTC;0;1011,8;1011,8;1011,5;;25,8;23,9;25,9;25,8;24;23,6;89;88;89;87;3,9;1,8;
2026/03/07;0300 UTC;0;1011,5;1011,8;1011,5;;25,9;24;25,9;25,8;24;23,8;89;89;89;83;3,9;2,2;
2026/03/07;0400 UTC;0;1011,2;1011,6;1011,2;;25,4;23,8;25,9;25,4;24;23,7;91;89;91;62;3,3;1,5;
2026/03/07;0500 UTC;0;1011;1011,3;1010,9;;25;23,6;25,4;24,9;23,8;23,5;92;91;92;36;2,3;1,1;
2026/03/07;0600 UTC;0;1010,3;1011;1010,3;;24,8;23,6;25;24,7;23,7;23,5;93;92;93;80;1,6;1,1;
2026/03/07;0700 UTC;0;1010;1010,3;1010;;24,8;23,8;24,9;24,6;23,8;23,4;94;93;94;356;1,6;1;
2026/03/07;0800 UTC;0;1010,2;1010,2;1010;;24,4;23,5;24,9;24,4;23,8;23,5;95;94;95;16;2,9;1,8;
2026/03/07;0900 UTC;0;1010,4;1010,4;1010,2;;24,4;23,5;24,4;24,3;23,6;23,4;95;95;95;37;2,9;1,5;
2026/03/07;1000 UTC;0;1010,8;1010,8;1010,4;;25;24,1;25;24,4;24,1;23,5;95;94;94;122;2;,4;
2026/03/07;1100 UTC;0;1011,2;1011,3;1010,8;;26,6;23,8;26,6;25,1;24,6;23,5;94;84;84;146;1,8;1,2;
2026/03/07;1200 UTC;0;1010,9;1011,2;1010,9;;27,1;24,6;27,4;26,4;24,9;23,4;88;83;86;184;2,4;1,6;
2026/03/07;1300 UTC;0;1010,4;1010,9;1010,4;;28,8;24,4;28,9;27;24,9;24;86;77;77;166;3,7;2,6;
2026/03/07;1400 UTC;0;1009,7;1010,4;1009,7;;28,6;25,2;29;28;25,2;24,1;82;75;82;139;5,5;4,3;
2026/03/07;1500 UTC;0;1008,6;1009,7;1008,6;;30,6;24,8;31;28,4;25,6;24,2;82;69;71;119;5,7;4,2;
2026/03/07;1600 UTC;0;1007,8;1008,6;1007,8;;30,2;25;30,6;29,2;25,7;24,4;80;70;74;130;5,7;4,5;
2026/03/07;1700 UTC;0;1007,4;1007,8;1007,2;;30,4;24,3;31,7;29,8;25,8;24,3;75;67;70;119;7;4,8;
2026/03/07;1800 UTC;0;1007;1007,4;1007;;30,2;24,8;30,8;29,3;25,2;24,1;76;69;73;108;6,7;3,5;
2026/03/07;1900 UTC;0;1007,1;1007,3;1006,3;;29,4;23,8;30,2;29,1;24,6;23,5;75;70;72;69;6,9;2,8;
2026/03/07;2000 UTC;0;1008,4;1008,5;1006,7;;27,4;21,7;29,4;27,4;24,9;21,7;82;71;71;305;11,8;5,8;
2026/03/07;2100 UTC;,6;1007,1;1008,7;1007,1;;24,1;22,6;27,4;23,9;22,6;21,2;91;71;91;8;11,8;1,1;
2026/03/07;2200 UTC;,2;1008,5;1008,5;1007,1;;24,3;23;24,5;24,1;23,2;22,6;94;91;93;25;3;1,9;
2026/03/07;2300 UTC;0;1009,2;1009,3;1008,4;;24,3;23,1;24,4;24,2;23,2;22,8;93;92;93;32;6,2;2,4;
2026/03/08;0000 UTC;0;1009,3;1009,4;1009,1;;24,3;23,1;24,4;24,2;23,2;23;93;92;93;350;4,6;2,3;
2026/03/08;0100 UTC;0;1009,7;1009,8;1009,3;;24,6;23,4;24,7;24,3;23,4;23,1;93;92;93;312;5,2;2,9;
2026/03/08;0200 UTC;,2;1009,4;1009,8;1009,4;;24;23,1;24,6;24;23,4;23,1;95;93;95;356;5,6;2,9;
2026/03/08;0300 UTC;0;1009,1;1009,4;1009;;23,8;22,6;24;23,8;23,1;22,6;95;93;93;11;5,3;3,4;
2026/03/08;0400 UTC;0;1008,5;1009,1;1008,5;;23,9;22,5;23,9;23,7;22,6;22,4;93;92;92;32;5,1;2,7;
2026/03/08;0500 UTC;0;1007,7;1008,5;1007,7;;24,2;22;24,4;23,9;22,5;22;92;87;87;20;4,3;2,8;
2026/03/08;0600 UTC;0;1006,6;1007,7;1006,6;;24,2;21,9;24,4;24,1;22;21,8;88;86;87;14;6,3;3,6;
2026/03/08;0700 UTC;0;1006,3;1006,6;1006,2;;24,4;22,2;24,5;24,2;22,2;21,8;88;86;88;359;6,4;3,2;
2026/03/08;0800 UTC;0;1006,1;1006,3;1006,1;;24,7;22,3;24,7;24,3;22,3;22,2;88;86;87;11;5,6;3,8;
2026/03/08;0900 UTC;0;1006,3;1006,4;1006;;24,7;22,4;24,7;24,5;22,5;22,3;89;87;87;6;6,6;4,1;
2026/03/08;1000 UTC;0;1007,1;1007,1;1006,2;;25,6;22,4;25,7;24,7;22,5;22,3;87;82;82;6;8,4;4,4;
2026/03/08;1100 UTC;0;1008,4;1008,4;1007,1;;27,3;22,8;27,3;25,5;22,9;22,4;83;76;77;6;9,4;4,4;
2026/03/08;1200 UTC;0;1009,1;1009,1;1008,4;;28,7;23;28,7;27,1;23,8;22,7;78;71;71;347;7,4;3,8;
2026/03/08;1300 UTC;0;1009,4;1009,4;1009,1;;28,4;25;30,5;28,3;25,2;23;82;68;82;250;7,4;3;
2026/03/08;1400 UTC;0;1009,1;1009,4;1009,1;;28,5;25,3;29,4;28,2;26;24,9;84;80;83;241;6,2;4,6;
2026/03/08;1500 UTC;0;1008,8;1009,1;1008,7;;29;25;29,2;28,3;25,6;24,7;84;78;79;249;6,2;3,8;
2026/03/08;1600 UTC;0;1008,6;1008,8;1008,6;;28,8;24,9;30,1;28,5;25,2;24,5;82;73;80;237;6;4,1;
2026/03/08;1700 UTC;0;1008,1;1008,6;1008,1;;29;24,9;29,9;28,6;25,5;24,3;80;74;79;218;5,4;3,4;
2026/03/08;1800 UTC;0;1008,4;1008,5;1008;;28,4;25,6;29,2;28,2;25,9;24,5;86;78;85;203;6;4,5;
2026/03/08;1900 UTC;0;1008,5;1008,6;1008,3;;28,1;24,6;28,5;27,8;25,8;24,6;85;82;82;208;6,1;3,2;
2026/03/08;2000 UTC;0;1008,7;1008,7;1008,2;;28;24;28,3;27,9;24,8;23,6;82;76;79;210;7,8;5,5;
2026/03/08;2100 UTC;0;1009,4;1009,4;1008,7;;27,6;24,7;28,2;27,5;24,7;24;84;79;84;202;6,8;4,5;
2026/03/08;2200 UTC;0;1009,8;1009,8;1009,4;;27,3;24,8;27,6;27,3;25,1;24,4;87;84;87;213;5,4;4,3;
2026/03/08;2300 UTC;0;1010,2;1010,2;1009,7;;27,1;25;27,4;27,1;25,3;24,9;89;87;88;183;5;2,7;
2026/03/09;0000 UTC;0;1011,2;1011,2;1010,2;;27,2;25;27,2;27;25,3;24,9;90;88;88;151;3,3;1,8;
2026/03/09;0100 UTC;0;1011,6;1011,6;1011,1;;26,5;24,9;27,4;26,5;25,1;24,6;91;86;91;344;2,5;1;
2026/03/09;0200 UTC;,2;1011,7;1012,3;1011,6;;25;23,9;26,6;24,6;25,1;23;94;86;94;239;10,5;4;
2026/03/09;0300 UTC;2,2;1012,2;1012,3;1011,7;;24,1;23,3;25;24,1;23,9;23,2;95;93;95;341;5,6;1,5;
2026/03/09;0400 UTC;,6;1011,3;1012,2;1011,3;;23,8;23,2;24,1;23,8;23,3;23,1;96;95;96;312;4,1;1,5;
2026/03/09;0500 UTC;,2;1011,1;1011,6;1011,1;;23,8;23;24,1;23,7;23,4;22,9;96;95;95;278;6,6;3,5;
2026/03/09;0600 UTC;0;1010,9;1011,2;1010,9;;24;23,2;24,1;23,8;23,2;23;96;95;95;347;6,6;1;
2026/03/09;0700 UTC;0;1011;1011;1010,7;;24,2;23,5;24,2;24;23,7;23,2;97;95;96;294;5,6;2,2;
2026/03/09;0800 UTC;0;1011;1011;1010,9;;25,6;22,9;25,7;24,1;23,8;22,9;96;85;85;240;7;5,1;
2026/03/09;0900 UTC;0;1011,9;1011,9;1011;;25,4;23,4;25,8;25,3;23,6;22,8;89;84;89;255;7,1;4,8;
2026/03/09;1000 UTC;0;1012,9;1012,9;1011,9;;25,6;23,3;25,7;24,7;23,9;23,1;93;87;87;245;7;5,6;
2026/03/09;1100 UTC;0;1013,8;1013,8;1012,9;;24,6;23,1;26;24,6;23,6;22,9;92;84;91;211;8,4;7;
2026/03/09;1200 UTC;1;1014,7;1014,7;1013,8;;25,1;23,5;25,9;24,3;24;22,7;92;86;91;215;8,4;3,4;
2026/03/09;1300 UTC;1,2;1015,1;1015,1;1014,7;;24,5;23,7;25,1;24,2;23,9;23,1;95;91;95;258;7,1;2,5;
2026/03/09;1400 UTC;,8;1015,1;1015,3;1015,1;;24,3;23,3;24,9;24,3;24;23,3;95;93;94;219;6,7;4,4;
2026/03/09;1500 UTC;1,2;1014,7;1015,1;1014,7;;24,8;23,3;25,1;24,3;24,3;23;96;91;91;224;6,7;2,1;
2026/03/09;1600 UTC;0;1014,1;1014,7;1014,1;;26,5;23,1;26,6;24,8;24,2;22,5;92;81;81;176;6;3,9;
2026/03/09;1700 UTC;0;1013,8;1014,1;1013,8;;26,7;23,1;27;25,7;23,7;22,5;85;78;80;172;8,3;6,6;
2026/03/09;1800 UTC;0;1013,7;1013,9;1013,7;;26,6;21,8;26,8;26,4;23,4;21,8;83;75;75;148;8,8;7,2;
2026/03/09;1900 UTC;0;1013,7;1013,8;1013,7;;26,5;22;26,8;26,4;22,9;21,8;79;75;76;148;8,7;6,8;
2026/03/09;2000 UTC;0;1013,8;1013,8;1013,6;;26,5;22,4;26,7;26,4;22,7;21,6;79;75;78;134;8,2;6;
2026/03/09;2100 UTC;0;1014;1014,1;1013,8;;26,3;21,9;26,7;26,2;22,6;21,7;79;75;77;131;7,6;4,9;
2026/03/09;2200 UTC;,2;1014,7;1014,7;1014;;26,2;22,7;26,5;25,3;23,2;21,8;86;76;81;131;9;4,9;
2026/03/09;2300 UTC;0;1015;1015,1;1014,7;;25,6;21,9;26,3;25,6;22,6;21,9;81;78;80;99;6,3;2,4;
2026/03/10;0000 UTC;2,8;1015,5;1015,5;1015;;23,9;22,6;25,6;23,9;22,7;21,8;93;80;92;8;9,1;2,1;
2026/03/10;0100 UTC;0;1015,6;1015,7;1015,5;;23,7;23;23,9;23,7;23;22,6;96;92;96;337;4,2;2,6;
2026/03/10;0200 UTC;,2;1015,6;1015,7;1015,6;;23,5;22,9;23,8;23,5;23;22,8;97;96;97;8;4,6;2,7;
2026/03/10;0300 UTC;3,4;1015,4;1015,7;1015,4;;22,9;22,4;23,5;22,9;23;22,4;97;97;97;314;4,8;2,6;
2026/03/10;0400 UTC;2,8;1014,8;1015,4;1014,8;;22,9;22,5;23;22,9;22,6;22,4;98;97;98;293;3,6;1,4;
2026/03/10;0500 UTC;,2;1014,2;1014,9;1014,2;;23,1;22,8;23,2;22,8;22,8;22,5;98;98;98;53;2,7;1,4;
2026/03/10;0600 UTC;0;1013,7;1014,2;1013,5;;23,2;22,9;23,2;23,1;22,9;22,7;98;98;98;351;2,1;1,3;
2026/03/10;0700 UTC;,2;1013,7;1013,8;1013,7;;23,2;22,9;23,2;23,1;22,9;22,8;98;98;98;19;2;1;
2026/03/10;0800 UTC;,2;1013,8;1013,9;1013,7;;23,1;22,8;23,2;23,1;22,9;22,8;98;98;98;15;1,9;1,3;
2026/03/10;0900 UTC;0;1014,4;1014,4;1013,8;;23;22,7;23,1;22,9;22,8;22,6;98;98;98;31;2,6;1,5;
2026/03/10;1000 UTC;0;1015,3;1015,3;1014,4;;23,4;23,2;23,4;23;23,2;22,7;99;98;98;4;2,3;1,5;
2026/03/10;1100 UTC;0;1015,9;1015,9;1015,3;;23,8;23,5;23,8;23,4;23,5;23,1;99;98;98;6;3;1,9;
2026/03/10;1200 UTC;0;1016,3;1016,3;1015,9;;24,4;23,7;24,8;23,7;24,4;23,4;98;96;96;336;3,2;2,2;
2026/03/10;1300 UTC;0;1016,3;1016,4;1016,2;;24,3;22,6;25;24,3;23,6;22,5;96;89;90;236;4,6;3,4;
2026/03/10;1400 UTC;,2;1016,5;1016,5;1016,3;;23,8;22,9;24,6;23,8;23,3;22,6;95;90;95;145;10,4;7,5;
2026/03/10;1500 UTC;1;1015,9;1016,5;1015,9;;23,6;22,8;23,8;23;22,9;21,5;96;91;96;138;11,2;6,7;
2026/03/10;1600 UTC;,8;1015,5;1016;1015,5;;22,9;21,7;23,7;22,9;22,8;21,5;96;92;93;112;9,3;5;
2026/03/10;1700 UTC;1;1014,6;1015,5;1014,6;;23,6;22,6;23,7;22,9;22,8;21,7;95;93;94;118;8,3;4,2;
2026/03/10;1800 UTC;0;1014,5;1014,7;1014,4;;22,6;21,7;23,7;22,5;22,7;21,6;95;94;95;89;7,4;2,2;
2026/03/10;1900 UTC;0;1014,1;1014,5;1014,1;;23,3;22,1;23,3;22,6;22,2;21,6;95;93;93;97;7,7;3,5;
2026/03/10;2000 UTC;,2;1014;1014,1;1013,9;;23,2;22,2;23,8;23,2;22,8;22,1;95;93;94;98;9,6;3;
2026/03/10;2100 UTC;,2;1013,8;1014;1013,7;;23,2;22,3;23,6;23,1;22,5;22,2;94;93;94;100;10,6;6,2;
2026/03/10;2200 UTC;1,4;1014;1014;1013,8;;22,9;22,1;23,4;22,8;22,6;22,1;95;94;95;93;10,6;5,2;
2026/03/10;2300 UTC;1,2;1014,3;1014,5;1014;;22,6;21,8;22,9;22,4;22,1;21,7;96;95;96;76;9,9;3,7;
2026/03/11;0000 UTC;,2;1014,7;1014,7;1014,3;;22,8;21,8;22,8;22,6;21,9;21,7;96;94;94;63;8,9;2,9;
2026/03/11;0100 UTC;,2;1014,3;1014,7;1014,3;;22,7;21,9;22,8;22,7;21,9;21,8;95;94;95;41;7,2;1;
2026/03/11;0200 UTC;0;1014,2;1014,3;1014,1;;22,6;21,7;22,7;22,5;21,9;21,7;96;94;94;43;2,7;1,8;
2026/03/11;0300 UTC;0;1013,8;1014,2;1013,8;;22,6;21,4;22,6;22,5;21,7;21,4;94;93;93;82;2,7;1,3;
2026/03/11;0400 UTC;0;1013,3;1013,8;1013,3;;22,6;21,4;22,8;22,5;21,5;21,2;93;91;93;39;2,8;1,3;
2026/03/11;0500 UTC;0;1012,8;1013,3;1012,8;;22,5;21,5;22,7;22,5;21,6;21,4;94;92;94;9;2,1;1;
2026/03/11;0600 UTC;1,8;1012,3;1012,8;1012,3;;22,5;21,8;22,6;22,4;21,8;21,5;96;94;96;78;2,6;,4;
2026/03/11;0700 UTC;1,2;1012,3;1012,3;1012,2;;22,5;22;22,6;22,4;22,1;21,7;97;96;97;290;1,1;,7;
2026/03/11;0800 UTC;,6;1012,6;1012,6;1012,3;;22,4;21,9;22,5;22,3;22,1;21,9;97;97;97;256;1,7;,6;
2026/03/11;0900 UTC;1;1013;1013;1012,6;;22;21,5;22,4;22;21,9;21,5;97;97;97;314;1,8;,7;
2026/03/11;1000 UTC;0;1013,6;1013,6;1013;;22,4;21,8;22,4;22;21,9;21,5;97;97;97;81;1,7;1;
2026/03/11;1100 UTC;,6;1014,3;1014,3;1013,6;;22,5;21,8;22,6;22,3;21,9;21,6;97;95;96;85;2,5;1;
2026/03/11;1200 UTC;6;1014,5;1014,6;1014,3;;22,6;22;22,9;22,5;22,3;21,8;97;96;97;91;4;2,3;
2026/03/11;1300 UTC;3;1014,6;1014,7;1014,5;;22,8;22,2;23,1;22,6;22,5;22;97;96;96;96;6,2;3,2;
2026/03/11;1400 UTC;,6;1014,5;1014,6;1014,5;;23;22,2;23,1;22,7;22,4;21,9;96;95;95;80;7,1;2,5;
2026/03/11;1500 UTC;0;1013,7;1014,5;1013,7;;23,3;21,8;23,3;22,9;22,2;21,5;95;91;91;95;7,3;3,3;
2026/03/11;1600 UTC;0;1013,1;1013,7;1013,1;;23,3;21,8;23,7;23,3;22,4;21,7;93;90;91;85;7,7;3,1;
2026/03/11;1700 UTC;0;1012,5;1013,1;1012,5;;22,9;21,6;23,4;22,9;21,9;21,4;92;91;92;86;5,9;2,9;
2026/03/11;1800 UTC;,8;1012,1;1012,6;1012,1;;22,7;21,9;22,9;22,5;21,9;21,6;95;92;95;86;6,5;2,9;
2026/03/11;1900 UTC;,4;1012;1012,1;1012;;22,5;21,7;22,8;22,5;22;21,7;96;95;95;82;5,6;2,5;
2026/03/11;2000 UTC;0;1011,9;1012;1011,9;;22,6;21,7;22,6;22,5;21,8;21,6;95;95;95;88;5,2;2,5;
2026/03/11;2100 UTC;,2;1012;1012,1;1011,8;;22,5;21,7;22,6;22,4;21,8;21,6;95;95;95;87;4,3;1,3;
2026/03/11;2200 UTC;,4;1012,3;1012,3;1012;;22,4;21,8;22,5;22,3;21,8;21,7;97;95;97;43;2,5;1;
2026/03/11;2300 UTC;0;1012,9;1012,9;1012,3;;22,4;21,8;22,5;22,3;21,9;21,7;97;96;96;76;2,4;1,2;
2026/03/12;0000 UTC;0;1013,2;1013,2;1012,9;;22,4;21,9;22,5;22,4;21,9;21,7;97;96;97;9;3,1;2;
2026/03/12;0100 UTC;0;1013,4;1013,6;1013,2;;22,5;22;22,5;22,4;22,1;21,9;97;97;97;83;2,8;,3;
2026/03/12;0200 UTC;,4;1013,4;1013,5;1013,4;;22,5;22,1;22,5;22,4;22,1;22;98;97;98;316;,9;,2;
2026/03/12;0300 UTC;,2;1012,1;1013,4;1012,1;;22,3;21,9;22,5;22,3;22,1;21,9;98;97;98;41;1,7;1,3;
2026/03/12;0400 UTC;0;1011,5;1012,1;1011,5;;22,2;21,7;22,3;22,1;21,9;21,6;98;97;97;92;2,5;,8;
2026/03/12;0500 UTC;0;1011;1011,5;1011;;22,2;21,7;22,3;22,2;21,9;21,7;97;97;97;281;1,8;1,1;
2026/03/12;0600 UTC;0;1010,7;1011;1010,7;;22,2;21,8;22,3;22,2;21,9;21,7;97;97;97;47;1,5;1;
2026/03/12;0700 UTC;0;1010,9;1011,1;1010,8;;22,1;21,7;22,2;22,1;21,8;21,7;98;97;98;43;1,9;,8;
2026/03/12;0800 UTC;0;1010,8;1010,9;1010,5;;22;21,7;22,1;22;21,8;21,6;98;98;98;351;2,1;,8;
2026/03/12;0900 UTC;0;1011,2;1011,2;1010,8;;22;21,7;22,1;22;21,8;21,7;98;98;98;360;2,6;1,2;
2026/03/12;1000 UTC;0;1011,7;1011,7;1011,2;;22,2;21,9;22,2;22;21,9;21,7;98;98;98;54;3,2;,4;
2026/03/12;1100 UTC;1;1012;1012;1011,7;;22,5;22,1;22,6;22,2;22,2;21,9;98;98;98;21;1,6;,8;
2026/03/12;1200 UTC;,8;1012,2;1012,2;1012;;23;22,5;23,1;22,4;22,7;22,1;98;97;97;45;3,5;,8;
2026/03/12;1300 UTC;,6;1012;1012,3;1012;;23,7;23,2;23,8;23;23,2;22,4;97;96;97;354;2,9;1,4;
2026/03/12;1400 UTC;,8;1011,2;1012;1011,2;;23,8;23,2;23,9;23,5;23,3;22,8;97;96;96;39;2,1;1,1;
2026/03/12;1500 UTC;1;1010,2;1011,2;1010,2;;24,2;23,3;24,3;23,7;23,5;22,9;96;94;95;44;2;,6;
2026/03/12;1600 UTC;0;1009,5;1010,2;1009,5;;24,2;23,1;24,8;24;23,8;22,9;95;93;93;185;2,4;1,7;
2026/03/12;1700 UTC;,2;1008,1;1009,5;1008,1;;24,4;23;24,6;24,2;23,5;22,8;94;91;92;141;3,5;2,5;
2026/03/12;1800 UTC;0;1007,3;1008,1;1007,2;;25;23,2;25,4;24,4;24;23,1;93;89;89;86;4,6;2,3;
2026/03/12;1900 UTC;,2;1006,8;1007,3;1006,8;;24,6;23,5;25;24,5;23,8;23;94;89;94;106;4,4;1,7;
2026/03/12;2000 UTC;0;1007;1007;1006,8;;24,7;23,4;25;24,5;23,8;23,3;94;92;93;156;3,2;,5;
2026/03/12;2100 UTC;0;1006,9;1007,1;1006,8;;24,3;23,3;24,7;24,3;23,5;23,3;94;93;94;126;2,3;1,4;
2026/03/12;2200 UTC;0;1006,9;1007,1;1006,8;;24;23,4;24,3;24;23,4;23,2;96;94;96;102;1,9;,5;
2026/03/12;2300 UTC;0;1007,6;1007,6;1006,9;;23,8;23,4;24;23,7;23,4;23;97;96;97;21;2,8;2,1;
2026/03/13;0000 UTC;0;1008,3;1008,3;1007,6;;23,7;23,3;23,8;23,7;23,4;23,3;98;97;98;30;3,1;1,5;
2026/03/13;0100 UTC;,2;1008;1008,4;1008;;23,7;23,3;23,7;23,6;23,4;23,2;98;98;98;27;2,6;,8;
2026/03/13;0200 UTC;0;1007,4;1008;1007,4;;23,7;23,4;23,7;23,5;23,4;23,2;98;98;98;342;5,4;2,5;
2026/03/13;0300 UTC;0;1006,5;1007,4;1006,5;;23,7;23,2;23,8;23,6;23,4;23,1;98;97;97;14;6,2;1,6;
2026/03/13;0400 UTC;0;1005,9;1006,5;1005,9;;23,6;22,8;23,7;23,6;23,1;22,8;97;95;95;360;6,1;2,7;
2026/03/13;0500 UTC;0;1004,7;1005,9;1004,7;;24;22,7;24,1;23,6;22,8;22,6;95;92;92;358;5,1;1,9;
2026/03/13;0600 UTC;0;1004,3;1004,7;1004,3;;24,4;22,4;24,4;24;22,6;22,4;92;89;89;348;7,2;4,6;
2026/03/13;0700 UTC;0;1003,8;1004,3;1003,7;;24,7;22,1;24,7;24,2;22,4;22,1;89;86;86;357;8,6;4,9;
2026/03/13;0800 UTC;0;1005,1;1005,1;1003,8;;24,6;22,1;24,8;24,5;22,1;22;86;85;86;343;8,6;3,9;
2026/03/13;0900 UTC;0;1005,2;1005,2;1005;;24,5;22,1;24,7;24,4;22,2;22,1;87;85;87;310;7;3,6;
2026/03/13;1000 UTC;0;1005,9;1005,9;1005,2;;25,1;22,3;25,1;24,4;22,5;22;88;85;85;332;6;3,6;
2026/03/13;1100 UTC;0;1006,6;1006,7;1005,9;;25;23,7;25,3;24,9;23,7;22,3;92;84;92;248;5,5;3,2;
2026/03/13;1200 UTC;0;1007,2;1007,2;1006,5;;25,5;23,6;25,6;24,8;23,9;23,2;93;89;89;248;5,5;3,5;
2026/03/13;1300 UTC;0;1007,5;1007,6;1007,2;;25;23;25,7;25;23,9;23;90;87;88;238;7,3;5,6;
2026/03/13;1400 UTC;1,4;1008;1008;1007,5;;24,9;23,3;25,1;24,6;23,3;23;92;88;91;243;9;6,6;
2026/03/13;1500 UTC;,2;1008;1008,1;1007,9;;24,6;22,8;25;24,6;23,4;22,8;92;90;90;231;9,4;7,4;
2026/03/13;1600 UTC;,2;1007,6;1008,1;1007,5;;24,6;23;24,8;24,5;23,1;22,8;91;89;91;235;9,8;7,4;
2026/03/13;1700 UTC;,2;1007;1007,6;1007;;24,6;22,9;24,7;24,6;23,2;22,9;91;90;90;236;9,3;6,8;
2026/03/13;1800 UTC;0;1006,9;1007;1006,8;;24,8;23,3;24,9;24,5;23,4;22,8;91;90;91;247;8,5;5,8;
2026/03/13;1900 UTC;,2;1007,2;1007,2;1006,9;;24,4;23;24,9;24,4;23,3;23;92;90;92;249;11,3;8,7;
2026/03/13;2000 UTC;3,4;1007,6;1007,6;1007,1;;23,9;23,2;24,4;23,7;23,6;23;97;92;96;268;11,3;4,9;
2026/03/13;2100 UTC;,6;1007,8;1007,9;1007,5;;24,1;23,3;24,1;23,6;23,3;22,9;96;95;95;257;9;6,5;
2026/03/13;2200 UTC;0;1008,6;1008,6;1007,8;;23,9;22,6;24,4;23,3;23,2;22,3;96;91;92;279;9;3,5;
2026/03/13;2300 UTC;0;1009;1009;1008,6;;23,4;22,5;23,9;23,4;22,7;22,5;95;92;94;288;5,8;3,1;
2026/03/14;0000 UTC;0;1009,5;1009,5;1009;;23,3;22,5;23,4;23,2;22,5;22,3;95;94;95;321;5,4;2,1;
2026/03/14;0100 UTC;0;1009,1;1009,6;1009,1;;23;22,4;23,4;23;22,6;22,4;96;95;96;353;3,2;2;
2026/03/14;0200 UTC;0;1008,8;1009,2;1008,7;;22,5;21,9;23;22,5;22,4;21,9;97;96;97;360;3,7;2;
2026/03/14;0300 UTC;0;1008,3;1008,8;1008,3;;22,2;21,7;22,5;22,1;21,9;21,7;97;97;97;356;3,8;2,6;
2026/03/14;0400 UTC;0;1007,8;1008,4;1007,8;;21,8;21,4;22,2;21,8;21,7;21,4;98;97;97;15;4,2;2,2;
2026/03/14;0500 UTC;0;1007,3;1007,8;1007,3;;21,8;21,3;21,9;21,8;21,5;21,3;98;97;97;17;3,8;2,1;
2026/03/14;0600 UTC;0;1007,1;1007,3;1007;;21,6;21,1;21,8;21,6;21,4;21;97;97;97;5;3,3;2,2;
2026/03/14;0700 UTC;0;1007,1;1007,3;1007,1;;21,6;21,1;21,7;21,5;21,2;21;97;97;97;28;3,3;2,2;
2026/03/14;0800 UTC;,2;1007,7;1007,7;1007,1;;21,5;20,9;21,7;21,5;21,2;20,9;97;97;97;23;3,6;2,2;
2026/03/14;0900 UTC;0;1008,2;1008,2;1007,7;;21,3;20,8;21,6;21,2;21;20,7;97;96;97;20;3,3;1,8;
2026/03/14;1000 UTC;0;1008,7;1008,7;1008;;22,3;21,7;22,3;21,3;21,7;20,8;97;96;96;10;3,1;1,9;
2026/03/14;1100 UTC;0;1009,4;1009,4;1008,7;;25,1;23;25,1;22,3;23,5;21,7;96;88;88;349;3,1;1,2;
2026/03/14;1200 UTC;0;1009,8;1009,8;1009,4;;26,3;22,8;26,4;24,9;23,3;21,7;88;78;81;259;4,3;2,6;
2026/03/14;1300 UTC;0;1009,9;1009,9;1009,7;;26,1;23;26,4;25,8;23,2;22,1;83;80;83;232;4,6;3;
2026/03/14;1400 UTC;0;1010;1010,1;1009,9;;26,4;22,8;26,6;25,9;23,3;22,4;84;79;81;230;3,9;2,5;
2026/03/14;1500 UTC;0;1009,7;1010;1009,7;;26,9;23,4;27,2;26,4;23,8;22,3;83;78;81;219;4,5;3,2;
2026/03/14;1600 UTC;0;1009,4;1009,7;1009,3;;26,4;22,7;27,1;26,3;23,5;22,3;81;77;80;202;4,8;3,8;
2026/03/14;1700 UTC;0;1008,9;1009,4;1008,9;;26,1;22,9;26,8;25,9;23,5;22,2;84;79;82;189;5,2;4,1;
2026/03/14;1800 UTC;0;1008,6;1008,9;1008,6;;26,3;22,3;26,7;26;23,5;21,9;85;77;79;197;6,1;4,6;
2026/03/14;1900 UTC;0;1008,4;1008,7;1008,4;;26;22,8;26,5;25,9;23;22;83;78;83;197;5,5;3,9;
2026/03/14;2000 UTC;0;1008,3;1008,5;1008,3;;25,7;22,7;26,2;25,6;23,2;22,3;84;81;83;192;5,1;3,1;
2026/03/14;2100 UTC;0;1008,3;1008,4;1008,3;;25,4;22,7;25,9;25,2;23,2;22,3;85;82;85;205;4,5;3,3;
2026/03/14;2200 UTC;0;1008,8;1008,8;1008,3;;25,1;22,7;25,4;25;22,8;22,3;87;84;87;191;4,3;2,3;
2026/03/14;2300 UTC;0;1009,7;1009,7;1008,8;;23,2;22;25,1;23,2;22,7;21,7;93;86;93;23;3,1;1,9;
2026/03/15;0000 UTC;0;1010,3;1010,3;1009,7;;22,4;21,5;23,3;22,3;22,1;21,5;95;93;95;26;2,8;1,6;
2026/03/15;0100 UTC;0;1010,6;1010,6;1010,3;;21,6;20,9;22,3;21,6;21,6;20,9;96;95;96;27;4,1;2,6;
2026/03/15;0200 UTC;0;1010,2;1010,6;1010,2;;21;20,4;21,6;21;20,9;20,3;96;96;96;11;4,1;1,9;
2026/03/15;0300 UTC;0;1009,7;1010,2;1009,7;;20,7;20,1;21,1;20,7;20,5;20,1;97;96;96;23;3,2;2,3;
2026/03/15;0400 UTC;0;1009,1;1009,7;1009,1;;20,4;19,8;20,8;20,4;20,2;19,8;97;96;96;29;3,4;2,4;
2026/03/15;0500 UTC;0;1008,9;1009,2;1008,8;;20,4;19,9;20,4;20,1;19,9;19,5;97;96;97;22;3,4;1;
2026/03/15;0600 UTC;0;1008,3;1008,9;1008,3;;20,3;19,8;20,4;19,8;19,9;19,3;97;97;97;32;4;2,7;
2026/03/15;0700 UTC;0;1008,3;1008,3;1008,1;;20,7;19,9;20,8;20,3;20,1;19,7;97;95;95;44;4,4;2,6;
2026/03/15;0800 UTC;0;1008,6;1008,6;1008,2;;21,2;20,1;21,2;20,7;20,1;19,9;95;93;94;46;3,8;2,7;
2026/03/15;0900 UTC;0;1009;1009,1;1008,6;;20,9;19,5;21,2;20,8;20,1;19,4;94;91;91;25;3,8;2,4;
2026/03/15;1000 UTC;0;1009,5;1009,5;1009;;22;20,3;22;20,8;20,3;19,4;92;89;90;16;4,1;2,3;
2026/03/15;1100 UTC;0;1009,8;1009,8;1009,5;;24,4;21,5;24,4;22;21,5;20,4;90;82;84;15;7,5;3,7;
2026/03/15;1200 UTC;0;1010;1010,2;1009,8;;27;21,7;27;24,3;21,8;20,9;83;72;73;5;6,5;3,6;
2026/03/15;1300 UTC;0;1010;1010,1;1010;;26,6;20,9;28,5;26;22;20,8;77;65;71;156;6,3;3,2;
2026/03/15;1400 UTC;0;1009,7;1010,1;1009,7;;27,5;23,5;27,5;26,6;23,5;21;80;69;79;147;5,7;4,1;
2026/03/15;1500 UTC;0;1009,1;1009,7;1009,1;;28,2;23,2;28,7;27,2;23,7;22,4;79;71;74;121;6,6;5;
2026/03/15;1600 UTC;0;1008,5;1009,1;1008,5;;29,3;23,6;29,9;28;23,6;22,5;75;67;71;115;8;5,8;
2026/03/15;1700 UTC;0;1008,3;1008,7;1008,3;;29,3;22,8;29,8;28,2;23,6;22,5;73;67;68;90;8,9;4,7;
2026/03/15;1800 UTC;0;1008;1008,3;1008;;29,1;22,7;29,9;28,8;23,4;22,3;70;66;69;95;8,8;4,9;
2026/03/15;1900 UTC;0;1007,8;1008;1007,6;;27,5;22,1;29,1;27,5;22,8;22,1;74;68;73;91;10,2;5,9;
2026/03/15;2000 UTC;0;1008;1008,1;1007,7;;27;22,4;27,5;27;22,6;22,1;76;73;76;84;10,2;4,2;
2026/03/15;2100 UTC;0;1008,2;1008,3;1008;;25,7;22,2;27;25,7;22,6;22;81;76;81;65;8,7;4,1;
2026/03/15;2200 UTC;0;1009;1009;1008,2;;25,3;21,8;25,7;25,3;22,2;21,7;82;80;81;73;7,1;3,3;
2026/03/15;2300 UTC;0;1009,7;1009,7;1009;;25,1;22,1;25,4;25,1;22,2;21,8;84;81;84;68;7,9;3,7;
2026/03/16;0000 UTC;0;1010,6;1010,6;1009,7;;24,2;22,2;25,1;24,2;22,4;22;89;84;89;48;6,2;2,1;
2026/03/16;0100 UTC;0;1011,1;1011,1;1010,6;;23,9;22,1;24,2;23,5;22,2;21,8;91;89;90;64;2,9;1,2;
2026/03/16;0200 UTC;0;1011,1;1011,2;1011;;23,5;22,3;23,9;23,5;22,7;22;94;90;94;65;2,4;1,7;
2026/03/16;0300 UTC;0;1010,9;1011,1;1010,9;;22,4;21,5;23,5;22,4;22,4;21,5;95;94;95;28;3;2;
2026/03/16;0400 UTC;0;1010,2;1010,9;1010,2;;22,2;21,4;22,9;22,2;22,1;21,3;96;94;95;2;2,4;1,7;
2026/03/16;0500 UTC;0;1009,9;1010,2;1009,9;;22,1;21,4;22,3;22;21,6;21,2;96;95;96;17;2,8;,9;
2026/03/16;0600 UTC;0;1009,6;1010;1009,6;;22,6;22;22,9;22,1;22,4;21,4;97;96;96;234;1,7;,4;
2026/03/16;0700 UTC;0;1009,6;1009,6;1009,5;;21,9;21,3;23,2;21,8;22,6;21;97;95;97;28;3,3;2,2;
2026/03/16;0800 UTC;0;1009,7;1009,7;1009,6;;22;21,6;22;21,6;21,6;21,1;97;96;97;12;4,2;2,8;
2026/03/16;0900 UTC;,2;1010,2;1010,2;1009,7;;22,6;21,8;22,6;22;21,9;21,6;97;95;95;16;6;3,5;
2026/03/16;1000 UTC;0;1010,8;1010,8;1010,2;;24;22,2;24;22,6;22,2;21,8;95;90;90;14;6,1;3,2;
2026/03/16;1100 UTC;0;1011,4;1011,4;1010,8;;26,4;21,9;26,4;24;22,4;21,6;90;76;76;10;6,8;4;
2026/03/16;1200 UTC;0;1011,8;1011,8;1011,4;;28,8;21,8;28,8;26,4;22,4;21,5;76;66;66;8;6,9;3,8;
2026/03/16;1300 UTC;0;1011,7;1011,8;1011,7;;31,2;21,6;31,4;28,6;22,5;21,3;67;57;57;2;7,1;2,9;
2026/03/16;1400 UTC;0;1011,4;1011,8;1011,4;;26,9;23;31,4;26,9;23,2;21,1;79;56;79;145;6,9;5,1;
2026/03/16;1500 UTC;0;1010,6;1011,4;1010,6;;28;23,2;28,2;26,6;24;23,2;83;75;75;141;7,2;5,1;
2026/03/16;1600 UTC;0;1010,1;1010,6;1010,1;;28,9;23;29,6;27,7;24;22,7;78;68;71;140;6,1;3,6;
2026/03/16;1700 UTC;0;1009,8;1010,1;1009,8;;28,6;22,9;29,2;27,9;23,6;22,5;76;70;71;125;7,8;4,9;
2026/03/16;1800 UTC;0;1009,7;1009,8;1009,6;;28,1;22,4;28,9;27,9;23,1;21,7;72;68;71;120;8,3;5,4;
2026/03/16;1900 UTC;0;1009,4;1009,7;1009,4;;28,4;23,9;28,4;27,7;23,9;22,1;77;70;77;98;7,8;4,3;
2026/03/16;2000 UTC;0;1009,5;1009,6;1009,4;;26,8;23,6;28,4;26,8;23,8;23,3;83;76;83;92;9,5;4,2;
2026/03/16;2100 UTC;0;1009,7;1009,8;1009,5;;25,7;23,6;26,8;25,7;23,7;23,5;88;83;88;29;8,6;1,3;
2026/03/16;2200 UTC;0;1010;1010;1009,7;;25,2;23,3;25,7;25,1;23,6;23,3;90;88;90;77;10,2;4,8;
2026/03/16;2300 UTC;0;1010,9;1010,9;1010;;25;23,3;25,2;25;23,3;23,2;90;89;90;65;10,3;5,2;
2026/03/17;0000 UTC;0;1012,1;1012,1;1010,9;;24,9;23,3;25,1;24,9;23,4;23,2;91;89;91;84;9,6;3,5;
2026/03/17;0100 UTC;0;1012,4;1012,4;1012,1;;24,6;23,3;24,9;24,6;23,4;23,1;92;91;92;84;7,5;2,9;
2026/03/17;0200 UTC;0;1012,4;1012,4;1012,3;;23,8;22,8;24,6;23,8;23,3;22,8;94;92;94;49;5,7;1,5;
2026/03/17;0300 UTC;0;1012,5;1012,6;1012,3;;23,5;22,6;23,8;22,9;22,8;22;95;94;95;72;3,9;2;
2026/03/17;0400 UTC;0;1011,8;1012,6;1011,8;;22,6;21,8;23,5;22,6;22,5;21,8;95;94;95;33;3,7;2,6;
2026/03/17;0500 UTC;0;1011,1;1011,9;1011,1;;22,2;21,4;22,6;22,2;21,8;21,4;96;95;95;13;3,7;2,5;
2026/03/17;0600 UTC;0;1010,6;1011,1;1010,6;;21,8;21;22,3;21,7;21,5;20,9;95;95;95;24;3,1;2,3;
2026/03/17;0700 UTC;0;1010,7;1010,7;1010,5;;21,6;20,8;21,9;21,5;21;20,7;96;95;96;15;3,4;1,5;
2026/03/17;0800 UTC;0;1010,8;1010,8;1010,7;;21,4;20,7;21,6;21,1;20,9;20,4;96;96;96;23;3,2;2,4;
2026/03/17;0900 UTC;0;1011,3;1011,3;1010,7;;21,1;20,5;21,4;21,1;20,8;20,5;97;96;97;357;3,2;1,6;
2026/03/17;1000 UTC;0;1012,2;1012,2;1011,3;;23;22,3;23;21,1;22,3;20,5;97;96;96;110;2,4;,9;
2026/03/17;1100 UTC;0;1012,6;1012,6;1012,2;;26;22,1;26,1;23;23;21,9;96;79;79;357;3,6;,9;
2026/03/17;1200 UTC;0;1012,8;1012,8;1012,6;;25,2;22,4;27,4;25,2;22,9;21,6;85;75;85;147;4,4;3,7;
2026/03/17;1300 UTC;0;1012,9;1013;1012,8;;25,4;22,7;25,7;25,1;23;22,3;86;83;85;143;6,3;5,5;
2026/03/17;1400 UTC;0;1012,4;1012,9;1012,4;;27,6;22,9;27,7;25,3;23;22,4;86;74;76;124;6,6;4,3;
2026/03/17;1500 UTC;0;1011,7;1012,4;1011,7;;28;22,3;28,2;27,1;23;21,9;76;71;71;125;5,7;4,2;
2026/03/17;1600 UTC;0;1011;1011,7;1011;;27,6;22,4;28,1;27,2;22,8;21,6;75;69;73;127;6,7;4,8;
2026/03/17;1700 UTC;0;1010,5;1011;1010,5;;28,1;22,5;28,1;27,2;22,9;21,4;75;70;72;116;7,7;4,9;
2026/03/17;1800 UTC;0;1009,5;1010,5;1009,5;;27,8;22,6;28,6;27,6;23;22,1;73;70;73;92;11,2;6;
2026/03/17;1900 UTC;0;1009,2;1009,5;1009,1;;26,9;22,7;27,8;26,9;22,9;22,2;78;72;78;92;11,5;5,6;
2026/03/17;2000 UTC;0;1009,3;1009,4;1009,1;;25,9;22,5;27;25,9;23;22,4;81;78;81;72;11,1;4,8;
2026/03/17;2100 UTC;0;1009,6;1009,6;1009,3;;24,9;22,4;25,9;24,8;22,6;22,3;86;81;86;86;11;5,1;
2026/03/17;2200 UTC;0;1010;1010;1009,6;;24,5;22,4;24,9;24,5;22,5;22,4;88;86;88;65;11;4,2;
2026/03/17;2300 UTC;0;1011,4;1011,4;1010;;24,6;22,5;24,6;24,4;22,5;22,4;89;88;88;67;7,4;1,9;
2026/03/18;0000 UTC;0;1012,3;1012,3;1011,4;;24,4;22,5;24,6;24,4;22,6;22,4;89;88;89;79;6,3;1,7;
2026/03/18;0100 UTC;0;1012,5;1012,6;1012,2;;24,3;22,2;24,5;24,2;22,5;22,2;89;88;88;57;6,8;3,3;
2026/03/18;0200 UTC;0;1012,4;1012,6;1012,4;;24,1;21,7;24,3;24,1;22,2;21,7;88;86;86;90;6,7;2,9;
2026/03/18;0300 UTC;0;1011,8;1012,4;1011,8;;23,8;21,6;24,2;23,7;21,8;21,5;88;86;88;82;5,6;2,6;
2026/03/18;0400 UTC;0;1011,2;1011,8;1011,2;;23,3;21,4;23,8;23,3;21,5;21,4;89;87;89;75;6,2;2,1;
2026/03/18;0500 UTC;0;1010,1;1011,2;1010,1;;23,4;21,5;23,5;23,3;21,6;21,4;90;89;89;92;6,2;3,6;
2026/03/18;0600 UTC;0;1009,7;1010,1;1009,7;;23,2;21,4;23,5;23,2;21,6;21,4;90;89;90;75;6,7;1,9;
2026/03/18;0700 UTC;0;1009,8;1009,8;1009,6;;22,4;21,3;23,2;22,4;21,7;21,2;94;90;93;75;2,9;,6;
2026/03/18;0800 UTC;0;1010,3;1010,3;1009,7;;22,4;21,3;23,1;22,4;21,9;21,3;94;92;93;54;2,2;,9;
2026/03/18;0900 UTC;0;1010,8;1010,8;1010,3;;22,4;21,5;22,4;22,2;21,5;21,2;95;93;95;25;2,5;1,4;
2026/03/18;1000 UTC;0;1011,4;1011,4;1010,8;;23,4;22,4;23,4;22,4;22,4;21,5;95;94;94;249;1,9;,3;
2026/03/18;1100 UTC;0;1011,5;1011,6;1011,4;;24,9;22,8;25;23,4;23;22,3;94;87;88;174;1,9;,9;
2026/03/18;1200 UTC;0;1011,4;1011,6;1011,4;;25,2;22,7;25,6;24,8;23;22,1;88;83;86;148;3,3;2,9;
2026/03/18;1300 UTC;0;1011,3;1011,5;1011,2;;25,8;22,9;26;25,2;23,1;22,5;86;83;84;161;4,6;3,5;
2026/03/18;1400 UTC;0;1010,7;1011,3;1010,7;;26,2;22,6;26,4;25,3;23,2;22,1;85;80;81;143;6,7;5,7;
2026/03/18;1500 UTC;0;1009,8;1010,7;1009,8;;27,5;22,3;27,8;25,9;23;22;81;73;73;127;7,5;4,2;
2026/03/18;1600 UTC;0;1009,2;1009,8;1009,2;;27,6;22,8;28;26,9;23,2;22,2;78;73;75;127;6,5;4,6;
2026/03/18;1700 UTC;0;1008,3;1009,2;1008,3;;28,1;23,2;28,1;27,2;23,2;22,3;77;73;75;128;6,1;4,2;
2026/03/18;1800 UTC;0;1007,7;1008,3;1007,7;;28,1;22,4;28,7;27,4;23,3;22,3;76;69;71;109;6,9;4,3;
2026/03/18;1900 UTC;0;1007,3;1007,7;1007,2;;27;22,6;28,4;26,8;22,7;21,9;77;70;77;118;7,6;5,1;
2026/03/18;2000 UTC;0;1007,5;1007,6;1007,3;;26,6;22,8;27,2;26,3;23,2;22,5;81;77;80;98;7,7;3,8;
2026/03/18;2100 UTC;0;1007,9;1007,9;1007,5;;25,2;22,5;26,6;25,2;22,8;22,4;85;79;85;105;8,1;3,8;
2026/03/18;2200 UTC;0;1008,5;1008,5;1007,9;;24,7;22,3;25,2;24,7;22,5;22,3;86;85;86;99;6,9;4,2;
2026/03/18;2300 UTC;0;1009,9;1009,9;1008,5;;24,7;22,5;24,8;24,6;22,6;22,2;88;86;87;122;7,1;3,2;
2026/03/19;0000 UTC;0;1009,9;1010;1009,8;;24,4;22,1;24,8;24,4;22,6;22,1;88;87;87;1;5,7;,9;
2026/03/19;0100 UTC;0;1009,9;1010,2;1009,9;;24,2;21,7;24,5;24,1;22,1;21,6;87;85;86;65;4,2;2;
2026/03/19;0200 UTC;0;1009,9;1010,1;1009,9;;24,2;21,6;24,4;24;21,7;21,5;86;85;85;109;4;1,8;
2026/03/19;0300 UTC;0;1009,3;1009,9;1009,3;;23,6;21,4;24,2;23,6;21,7;21,3;87;85;87;80;4,6;2,4;
2026/03/19;0400 UTC;0;1008,8;1009,3;1008,8;;23,2;21,3;23,7;23,2;21,4;21,2;89;87;89;56;4,1;1,8;
2026/03/19;0500 UTC;0;1008,3;1008,8;1008,3;;22,6;21,1;23,4;22,6;21,6;20,9;92;88;91;74;3,3;1,9;
2026/03/19;0600 UTC;0;1007,5;1008,3;1007,5;;22,8;21,4;22,9;22,6;21,5;21,1;92;91;92;71;4;1,9;
2026/03/19;0700 UTC;0;1007,5;1007,5;1007,4;;21,8;20,9;22,8;21,8;21,5;20,9;94;92;94;12;3;1,9;
2026/03/19;0800 UTC;0;1007,5;1007,6;1007,5;;22,4;21,6;22,5;21,8;21,7;20,9;96;94;95;21;2,4;,9;
2026/03/19;0900 UTC;0;1007,7;1007,8;1007,5;;22,4;21,7;22,5;21,9;21,7;21,1;96;94;96;353;2,2;1,3;
2026/03/19;1000 UTC;0;1008;1008;1007,7;;23,2;22,5;23,2;22,4;22,5;21,7;96;96;96;4;1,8;1,1;
2026/03/19;1100 UTC;0;1008,4;1008,4;1008;;26,4;23,4;26,4;23,2;23,7;22,5;96;83;84;17;2,8;1,6;
2026/03/19;1200 UTC;0;1008,4;1008,7;1008,4;;27,1;23,2;27,2;25,7;23,5;22,4;84;77;80;22;3,2;1,7;
2026/03/19;1300 UTC;0;1008;1008,5;1008;;24,6;22,4;28,2;24,6;23,6;22,2;89;75;87;147;6,3;4,8;
2026/03/19;1400 UTC;0;1007,8;1008;1007,7;;25,3;22,1;25,6;24,6;22,6;22,1;88;82;83;140;6,3;4,7;
2026/03/19;1500 UTC;0;1007,1;1007,8;1007,1;;27;22,8;27,7;25,2;23,4;22,3;84;76;78;99;6,2;3,5;
2026/03/19;1600 UTC;0;1006,6;1007,1;1006,6;;27,4;22,8;27,5;26,5;23,2;22,6;80;76;76;111;6,8;3,7;
2026/03/19;1700 UTC;0;1006,2;1006,6;1006,2;;27,4;22,8;28,2;26,4;23,3;22,1;79;73;76;94;7,1;3,1;
2026/03/19;1800 UTC;0;1005,9;1006,2;1005,8;;25,7;22,1;27,5;25,7;22,8;21,9;81;74;81;116;6,4;3,5;
2026/03/19;1900 UTC;0;1005,8;1006,1;1005,8;;25,6;23,1;25,7;25,1;23,3;22,1;87;81;86;96;6,6;3,9;
2026/03/19;2000 UTC;0;1006,2;1006,4;1005,8;;25,4;22,7;25,6;25,2;23;22,7;87;85;85;105;6,5;2,5;
2026/03/19;2100 UTC;0;1006,8;1006,8;1006,2;;25,1;22,7;25,4;25;22,8;22,5;87;85;86;110;5,4;3,3;
2026/03/19;2200 UTC;0;1007,6;1007,6;1006,8;;25,1;22,9;25,2;25;22,9;22,5;87;86;87;88;5,7;2,1;
2026/03/19;2300 UTC;0;1008,7;1008,7;1007,6;;24,9;23;25,2;24,7;23;22,6;89;87;89;102;3,8;1,8;
2026/03/20;0000 UTC;1,2;1008,6;1008,8;1008,6;;23,6;22,7;24,9;23,1;23,2;21,7;95;89;95;146;2,9;,7;
2026/03/20;0100 UTC;1;1008,8;1008,9;1008,6;;23,8;23,1;24;23,2;23,4;22,2;96;94;96;303;2,7;,6;
2026/03/20;0200 UTC;1,4;1008,3;1008,8;1008,3;;24;23,4;24,1;23,1;23,6;22,4;97;95;97;6;2,5;1,4;
2026/03/20;0300 UTC;,4;1008,1;1008,4;1008,1;;23,4;22,9;24,1;23,1;23,6;22,5;98;96;97;14;3,8;1,9;
2026/03/20;0400 UTC;,2;1007,6;1008,2;1007,6;;22,8;22,3;23,4;22,8;22,9;22,3;97;97;97;5;4,2;2,6;
2026/03/20;0500 UTC;0;1007,2;1007,6;1007,2;;22,4;21,7;22,8;22,4;22,3;21,7;97;96;96;9;5,1;2,9;
2026/03/20;0600 UTC;0;1006,8;1007,2;1006,8;;22,2;21,5;22,4;22,1;21,7;21,4;96;96;96;8;4,6;3;
2026/03/20;0700 UTC;0;1006,6;1006,8;1006,4;;22;21,4;22,2;22;21,5;21,3;96;96;96;34;4,8;2;
2026/03/20;0800 UTC;0;1006,9;1006,9;1006,5;;21,9;21;22,1;21,8;21,4;21;96;95;95;24;4,5;1,9;
2026/03/20;0900 UTC;0;1007,4;1007,4;1006,9;;22,1;21,2;22,2;21,9;21,4;21;95;94;95;20;3,7;2;
2026/03/20;1000 UTC;0;1008;1008;1007,4;;22,6;21,8;22,6;22,1;21,8;21,3;96;95;95;25;2,8;1,4;
2026/03/20;1100 UTC;0;1008,9;1008,9;1008;;23,7;22,7;23,7;22;22,7;21;95;94;94;6;2,1;,4;
2026/03/20;1200 UTC;0;1009,3;1009,3;1008,9;;23;21,5;23,8;22,7;22,8;21,3;94;91;92;197;2,5;2,1;
2026/03/20;1300 UTC;0;1009,3;1009,4;1009,3;;23,7;21,7;23,8;22,7;22;21,2;93;88;89;213;3;1,7;
2026/03/20;1400 UTC;0;1009,4;1009,4;1009,3;;24;21,8;24,2;23,6;22,3;21,3;89;86;87;220;3,5;1,3;
2026/03/20;1500 UTC;0;1009;1009,4;1009;;24;21,6;24,5;23,5;22,3;21,4;89;84;87;235;3,3;2,3;
2026/03/20;1600 UTC;0;1008,3;1009;1008,3;;24,9;22;25;24;22,1;21,3;87;82;84;217;3,2;1,7;
2026/03/20;1700 UTC;0;1007,7;1008,3;1007,7;;24,4;22,3;25;24,4;22,6;21,8;89;83;88;209;3,9;3;
2026/03/20;1800 UTC;,4;1007,7;1007,7;1007,7;;23,9;22,6;24,4;23,4;22,8;22,1;95;88;92;214;4,6;1,3;
2026/03/20;1900 UTC;0;1007,6;1007,7;1007,6;;24;22,4;24,2;23,8;22,9;22,2;93;90;91;174;2,3;,9;
2026/03/20;2000 UTC;0;1007,8;1007,8;1007,6;;24,1;22,7;24,1;23,7;22,7;22,2;92;90;92;146;2,3;,6;
2026/03/20;2100 UTC;0;1008,3;1008,3;1007,8;;23,8;22,5;24,1;23,7;22,7;22,2;93;91;92;143;1,7;,9;
2026/03/20;2200 UTC;,2;1009;1009;1008,3;;23,3;22,7;23,8;23,1;22,9;22,2;97;92;96;138;2,5;1,4;
2026/03/20;2300 UTC;2,6;1009,4;1009,4;1009;;23,4;23;23,6;23,3;23,1;22,7;98;97;98;188;3,1;2,4;
2026/03/21;0000 UTC;,2;1009,8;1009,8;1009,4;;23,4;23;23,6;23,4;23,2;23;98;98;98;142;2,9;1,8;
2026/03/21;0100 UTC;0;1010,5;1010,5;1009,7;;23,1;22,7;23,5;23,1;23,1;22,7;98;97;97;4;2,4;1,1;
2026/03/21;0200 UTC;0;1010,5;1010,5;1010,3;;22,9;22,5;23,4;22,9;23,1;22,5;98;97;98;357;1,8;,7;
2026/03/21;0300 UTC;0;1010,1;1010,5;1010,1;;22,7;22,4;23,2;22,6;22,9;22,3;98;98;98;28;1,8;1,4;
2026/03/21;0400 UTC;0;1009,9;1010,1;1009,9;;22,2;21,9;22,7;22,2;22,4;21,9;98;98;98;20;2,8;1,4;
2026/03/21;0500 UTC;,2;1009,4;1009,9;1009,4;;22;21,7;22,3;21,9;22,1;21,6;99;98;99;13;2,5;1,9;
2026/03/21;0600 UTC;0;1009;1009,5;1009;;21,7;21,5;22;21,7;21,8;21,5;99;99;99;31;3;1,8;
2026/03/21;0700 UTC;0;1008,7;1009;1008,7;;21,4;21,2;22,1;21,4;21,9;21,2;99;99;99;3;3,1;1,6;
2026/03/21;0800 UTC;0;1009;1009;1008,7;;21,5;21,3;21,7;21,3;21,5;21,1;99;99;99;348;2,7;1,9;
2026/03/21;0900 UTC;0;1009,6;1009,6;1009;;21,5;21,3;21,6;21,3;21,4;21,1;99;99;99;4;2,9;1,6;
2026/03/21;1000 UTC;0;1009,8;1009,8;1009,5;;22,8;22,6;22,8;21,5;22,6;21,4;99;99;99;37;2,4;1,3;
2026/03/21;1100 UTC;0;1010,4;1010,4;1009,8;;25,4;24;25,4;22,8;24,6;22,7;99;92;92;27;2,4;1,3;
2026/03/21;1200 UTC;0;1010,7;1010,7;1010,4;;24,9;23,2;26,1;24,9;24;23;92;85;90;197;2,1;1,5;
2026/03/21;1300 UTC;0;1010,7;1010,9;1010,7;;25,9;23,5;26,2;24,9;24,1;23;91;85;87;154;3,6;2,9;
2026/03/21;1400 UTC;0;1010,9;1011,1;1010,7;;26,4;23,6;26,8;25,8;24,3;23,2;88;83;84;155;5,1;4,3;
2026/03/21;1500 UTC;0;1010,7;1010,9;1010,7;;26,6;23,9;26,6;26;24;23;86;83;85;151;6;5,1;
2026/03/21;1600 UTC;0;1010,5;1010,7;1010,5;;26,4;23;26,9;26,2;23,7;22,6;85;80;82;148;6,5;5,5;
2026/03/21;1700 UTC;0;1010,3;1010,5;1010,2;;26,7;23,2;27;26,2;23,5;22,3;84;76;81;141;7,5;6,3;
2026/03/21;1800 UTC;0;1010,1;1010,3;1010;;27,2;22,9;27,5;26,5;23,2;22,1;81;73;77;135;8;5,8;
2026/03/21;1900 UTC;0;1010;1010,2;1009,9;;26,9;23,1;27,2;26,4;23,3;22,2;82;76;80;133;7,9;5,4;
2026/03/21;2000 UTC;0;1009,9;1010;1009,8;;26,3;22,7;27;26,3;23,4;22,6;83;78;80;108;7,5;2,8;
2026/03/21;2100 UTC;0;1010,4;1010,4;1009,9;;25,3;21,8;26,5;25,3;23;21,6;81;77;81;101;6,2;3,1;
2026/03/21;2200 UTC;0;1011,1;1011,1;1010,4;;24,7;22,1;25,2;24,6;22,2;21,8;86;81;85;88;5;2,6;
2026/03/21;2300 UTC;0;1011,4;1011,4;1011,1;;24,1;21,4;24,8;24,1;22;21,3;85;82;85;39;5,1;1,6;
2026/03/22;0000 UTC;0;1012,2;1012,2;1011,4;;23,7;21,5;24,8;23,4;21,7;21;89;81;88;46;5,1;1,1;
2026/03/22;0100 UTC;0;1012,3;1012,4;1012,1;;24;21,3;24;23,4;21,6;21,2;88;85;85;99;3;1,2;
2026/03/22;0200 UTC;0;1011,8;1012,3;1011,7;;22,4;21;24,1;22,4;21,5;21;92;85;92;28;3,8;2,3;
2026/03/22;0300 UTC;0;1011,5;1011,8;1011,4;;22;20,7;22,4;21,8;21;20,7;94;92;93;32;3,3;2,6;
2026/03/22;0400 UTC;0;1011;1011,5;1011;;21,5;20,8;22,2;21,4;20,8;20,5;95;92;95;2;3,3;2,3;
2026/03/22;0500 UTC;0;1010,5;1011;1010,5;;21,1;20,4;21,5;21;20,8;20,4;96;95;96;2;2,9;2,2;
2026/03/22;0600 UTC;0;1010,2;1010,5;1010,2;;21,1;20,4;21,4;21;20,7;20,3;96;96;96;17;3,1;2,1;
2026/03/22;0700 UTC;0;1010,4;1010,5;1010,2;;21,4;20,7;21,4;20,7;20,8;20,1;97;96;96;26;3,1;2,4;
2026/03/22;0800 UTC;0;1010,6;1010,6;1010,3;;21,2;20,6;21,4;20,9;20,7;20,3;97;96;97;30;3,1;2,1;
2026/03/22;0900 UTC;0;1010,5;1010,7;1010,4;;21,6;20,7;21,6;20,8;20,8;20,1;97;95;95;34;3,6;2,6;
2026/03/22;1000 UTC;0;1010,8;1010,8;1010,4;;23,9;21,7;23,9;21,6;21,7;20,7;95;88;88;41;4,6;2,4;
2026/03/22;1100 UTC;0;1011,5;1011,5;1010,8;;26,5;21,9;26,6;23,9;22,4;21,6;88;75;76;29;3,3;1,9;
2026/03/22;1200 UTC;0;1011,6;1011,7;1011,5;;26,3;22,4;27,5;25,9;22,6;21,6;81;72;79;153;3,7;2,5;
2026/03/22;1300 UTC;0;1011,7;1011,7;1011,6;;26,9;22,3;27,4;26,3;22,9;21,8;80;74;76;138;5,2;3,9;
2026/03/22;1400 UTC;0;1011,3;1011,7;1011,3;;27,7;22,1;27,9;26,8;23,3;22,1;79;72;72;129;6,5;4,8;
2026/03/22;1500 UTC;0;1010,8;1011,4;1010,8;;28,6;22,3;28,8;27,3;23,2;21,9;76;68;69;129;7,5;4,7;
2026/03/22;1600 UTC;0;1010;1010,8;1010;;28,7;22,5;28,8;27,4;22,8;21,4;73;67;69;110;8,1;5,3;
2026/03/22;1700 UTC;0;1009,6;1010;1009,5;;28,2;21,7;29,1;28,1;22,9;21,3;71;65;68;100;9,8;4,7;
2026/03/22;1800 UTC;0;1009,5;1009,7;1009,5;;27,1;22,3;28,6;27;22,9;21,6;76;66;75;117;10,3;5,9;
2026/03/22;1900 UTC;0;1009,6;1009,6;1009,5;;26,8;22,4;27,7;26,6;22,7;21,8;77;70;77;113;8,9;4,5;
2026/03/22;2000 UTC;0;1010,1;1010,1;1009,5;;25,9;22,3;27,3;25,8;22,6;22;81;73;81;110;8;4,1;
2026/03/22;2100 UTC;0;1010,3;1010,3;1010;;25,1;22,3;25,9;25,1;22,6;22,2;85;81;85;109;8,9;4,9;
2026/03/22;2200 UTC;0;1011,1;1011,1;1010,2;;24,7;22,1;25,1;24,7;22,2;22;86;84;86;88;8;2,3;
2026/03/22;2300 UTC;0;1011,5;1011,5;1011,1;;24,4;22,4;24,7;24,3;22,6;22,1;89;86;89;55;4,7;2,4;
2026/03/23;0000 UTC;0;1011,9;1011,9;1011,5;;24,4;21,6;24,4;24,2;22,4;21,6;89;85;85;64;4,7;1,3;
2026/03/23;0100 UTC;0;1012,2;1012,2;1011,9;;24,1;21,4;24,6;23,9;21,7;21,3;86;84;85;55;4,4;,8;
2026/03/23;0200 UTC;0;1012,2;1012,3;1012,2;;23,5;21,1;24,3;23,4;21,4;20,9;87;82;87;14;2,6;1,1;
2026/03/23;0300 UTC;0;1012,2;1012,2;1012,1;;22,3;21,2;23,8;22,3;21,6;20,8;93;86;93;51;2,3;1,3;
2026/03/23;0400 UTC;0;1012;1012,3;1012;;21,9;21;22,7;21,9;21,3;20,7;94;91;94;328;3,8;2,4;
2026/03/23;0500 UTC;0;1011,5;1012;1011,5;;21,1;20,3;21,9;21,1;21;20,3;95;94;95;354;3,6;1,8;
2026/03/23;0600 UTC;0;1011,4;1011,5;1011,3;;20,9;20,1;21,2;20,9;20,4;20,1;96;95;95;5;3,2;2;
2026/03/23;0700 UTC;0;1011,1;1011,4;1011;;21;20,3;21,1;20,8;20,4;20,1;96;95;96;24;3,8;2,7;
2026/03/23;0800 UTC;0;1011,4;1011,4;1011,1;;21;20,3;21,2;20,9;20,5;20,3;96;96;96;33;3,6;2,3;
2026/03/23;0900 UTC;0;1011,8;1011,8;1011,4;;20,9;20,2;21,2;20,7;20,4;19,9;96;95;96;17;3,3;2,4;
2026/03/23;1000 UTC;0;1012,2;1012,2;1011,8;;22,6;21,6;22,6;20,8;21,6;20,2;96;94;94;8;3,5;2,2;
2026/03/23;1100 UTC;0;1012,3;1012,3;1012,1;;25,7;22,3;25,7;22,6;22,7;21,5;94;81;81;3;3,8;2,4;
2026/03/23;1200 UTC;0;1012,5;1012,5;1012,3;;24,9;21,9;27,5;24,7;22,6;20,6;85;69;83;144;4;3,4;
2026/03/23;1300 UTC;0;1012;1012,5;1012;;25,8;21,7;26;24,5;22,2;21,3;85;77;78;154;4,7;4;
2026/03/23;1400 UTC;0;1011,5;1012;1011,5;;25,6;22;26,3;25,2;22,5;21,6;82;77;81;143;6,5;5,3;
2026/03/23;1500 UTC;0;1010,9;1011,5;1010,9;;27,6;21,9;28,1;25,7;22,6;21,4;81;70;71;115;9,1;6,5;
2026/03/23;1600 UTC;0;1010,1;1010,9;1010,1;;28;22,3;28,9;27,5;22,6;21,8;73;67;71;104;9,6;5,2;
2026/03/23;1700 UTC;0;1009,3;1010,1;1009,2;;28,5;21,9;29,2;27,3;22,9;21,5;74;66;67;106;10,2;5,9;
2026/03/23;1800 UTC;0;1009,1;1009,3;1009;;26,9;22,5;28,8;26,9;23;21,5;77;66;77;108;12,1;8;
2026/03/23;1900 UTC;0;1009;1009,3;1008,9;;26,7;21,6;27,4;26,7;22,7;20,5;77;66;73;102;12,2;7,5;
2026/03/23;2000 UTC;0;1008,5;1009;1008,5;;25,4;20,8;26,7;25,4;21,9;20,3;76;71;76;93;12,5;6;
2026/03/23;2100 UTC;0;1009;1009;1008,5;;24,5;20,4;25,5;24,5;20,9;20,2;78;74;78;75;9,6;1,6;
2026/03/23;2200 UTC;0;1009,5;1009,5;1008,9;;23,4;20;24,5;22,3;20,6;19;85;77;81;159;3,3;1,5;
2026/03/23;2300 UTC;0;1009,8;1009,8;1009,5;;22,7;20,2;23,4;22,6;20,3;19,6;86;80;86;88;2;1,3;
2026/03/24;0000 UTC;0;1010,6;1010,6;1009,8;;22,3;20;22,8;22;20,5;19,4;90;85;87;104;5,1;2,9;
2026/03/24;0100 UTC;0;1010,8;1010,9;1010,6;;21,8;20,5;23;21,8;20,9;20;92;85;92;43;5,1;1,8;
2026/03/24;0200 UTC;0;1010,8;1010,9;1010,7;;21,4;20,3;21,8;21,4;20,6;20,2;94;92;94;353;4,4;2;
2026/03/24;0300 UTC;0;1010,8;1010,8;1010,5;;21,5;20,4;21,5;21,2;20,5;20,2;95;93;93;44;3,5;2,5;
2026/03/24;0400 UTC;0;1010,5;1010,8;1010,4;;21,6;20;21,8;20,6;20,5;19,3;94;90;90;104;3;2;
2026/03/24;0500 UTC;0;1010,1;1010,5;1010,1;;21,3;20,2;21,9;20,8;20,6;19;93;89;93;69;2,7;1,8;
2026/03/24;0600 UTC;0;1009,8;1010,1;1009,7;;21,5;20,1;21,6;21,2;20,4;20;93;91;92;52;4,5;2,4;
2026/03/24;0700 UTC;0;1009,6;1010;1009,6;;20,6;19,7;21,5;20,6;20;19,6;95;92;95;24;3,7;2,2;
2026/03/24;0800 UTC;0;1009,9;1009,9;1009,6;;20,5;19,6;20,9;20,5;19,9;19,6;95;93;94;347;3,6;1,6;
2026/03/24;0900 UTC;0;1010,1;1010,1;1009,7;;20,4;19,6;20,5;20,2;19,8;19,5;96;94;96;16;4;2,5;
2026/03/24;1000 UTC;0;1010,5;1010,5;1010,1;;22,1;21;22,1;20,4;21;19,7;96;93;93;351;4,2;2,4;
2026/03/24;1100 UTC;0;1011;1011;1010,5;;25,4;21,3;25,4;22,1;21,9;21;93;78;78;357;4,9;2,9;
2026/03/24;1200 UTC;0;1011,1;1011,3;1011;;27,8;20,7;28,1;25,4;21,7;20,5;78;64;66;46;4,9;1,7;
2026/03/24;1300 UTC;0;1011;1011,3;1011;;24,6;20,4;28,4;23,6;21,6;19,2;83;62;77;147;5,5;2,7;
2026/03/24;1400 UTC;0;1010,4;1011;1010,4;;23,9;19,5;25,5;23,6;20,6;18,9;79;72;77;145;3,7;2,9;
2026/03/24;1500 UTC;0;1009,6;1010,4;1009,6;;26,2;21;26,3;23,4;21,3;19,2;82;73;73;134;7,4;4,4;
2026/03/24;1600 UTC;0;1008,8;1009,6;1008,8;;26,7;20,2;26,9;23;21,1;18,9;79;67;68;146;7,4;3;
2026/03/24;1700 UTC;0;1007,9;1008,8;1007,9;;25,1;19,6;26,7;24,6;20,7;19,2;75;67;72;143;7,4;3,9;
2026/03/24;1800 UTC;0;1007,4;1007,9;1007,4;;27,7;19,7;28,3;24,8;21,3;19,7;75;61;62;132;5,8;2,9;
2026/03/24;1900 UTC;0;1007,4;1007,4;1007,2;;28,3;19,6;29,1;25,9;20,9;19;67;59;59;90;9,3;5,4;
2026/03/24;2000 UTC;0;1007,4;1007,4;1007,2;;27,5;20,7;28,3;27,3;20,7;19,2;67;59;66;68;10,3;4,3;
2026/03/24;2100 UTC;0;1007,8;1007,8;1007,3;;27;20,7;27,6;27;20,8;20,6;69;66;69;74;7,7;3,6;
2026/03/24;2200 UTC;0;1008,5;1008,5;1007,8;;24,4;20;27;24,4;21,2;19,7;77;69;76;223;6,1;1,2;
2026/03/24;2300 UTC;0;1009,2;1009,2;1008,5;;23;19,9;25,6;22,9;21,1;19,3;85;73;83;356;2,3;1,1;
2026/03/25;0000 UTC;0;1010,1;1010,1;1009,2;;24;21,9;24,1;23;22,3;20,1;90;83;88;5;3,2;1,6;
2026/03/25;0100 UTC;0;1010,3;1010,4;1010,1;;23,8;21,9;24,3;23,8;22,2;21,4;89;85;89;6;2,9;1,8;
2026/03/25;0200 UTC;0;1010,7;1010,8;1010,2;;23,1;21,9;23,9;23,1;22,2;21,9;93;89;93;337;3,5;1,6;
2026/03/25;0300 UTC;0;1010,9;1011;1010,7;;22,7;21,6;23,3;22,7;22;21,5;93;92;93;357;3,3;2;
2026/03/25;0400 UTC;0;1010,9;1011,1;1010,8;;22,1;21,3;22,9;21,3;21,9;19,8;95;90;95;345;3,1;1,8;
2026/03/25;0500 UTC;0;1010,7;1010,9;1010,7;;22,4;21,5;22,6;22,1;21,8;21,3;95;95;95;32;3,1;2,6;
2026/03/25;0600 UTC;0;1010,7;1010,9;1010,7;;23,2;21,3;23,2;22,3;21,5;21,2;95;89;89;33;4,6;3;
2026/03/25;0700 UTC;0;1010,6;1010,7;1010,5;;24;20,9;24;23,2;21,4;20,8;89;83;83;38;6,1;2,1;
2026/03/25;0800 UTC;0;1011,2;1011,2;1010,6;;24;21;24,1;23,2;21,2;20,6;87;82;83;25;4,2;2,7;
2026/03/25;0900 UTC;0;1011,7;1011,8;1011,2;;23,1;21;24;22,9;21;20,6;88;83;88;56;4,2;1,5;
2026/03/25;1000 UTC;0;1012,4;1012,4;1011,7;;22,6;20,1;25;22,5;21,7;19,7;89;78;86;107;3,9;1;
2026/03/25;1100 UTC;0;1013;1013;1012,4;;28,3;22;28,3;22,6;22,6;20,2;88;68;69;352;5,2;3,1;
2026/03/25;1200 UTC;0;1013,2;1013,3;1013;;30,6;21,9;30,6;28,3;22,3;21,2;69;59;60;1;7;3,8;
2026/03/25;1300 UTC;0;1013,2;1013,3;1013,1;;31,8;20,1;31,9;30,6;21,3;19,9;60;50;50;359;11,6;6,2;
2026/03/25;1400 UTC;0;1012,9;1013,3;1012,9;;33,4;20,2;33,4;31,7;20,9;19,2;52;45;46;20;10;1,5;
2026/03/25;1500 UTC;0;1012,6;1012,9;1012,6;;26,6;20,8;33,5;25,1;20,9;19,4;75;45;70;139;6,2;3,8;
2026/03/25;1600 UTC;0;1012,1;1012,6;1012,1;;30,4;20,9;31,1;26,1;21,8;19,8;70;56;57;120;6,3;4;
2026/03/25;1700 UTC;0;1011,4;1012,1;1011,4;;33;21,2;33,5;30,4;22,1;20,6;58;49;50;96;6,6;4,1;
2026/03/25;1800 UTC;0;1011,4;1011,4;1011,3;;29,1;21;33,2;28,5;21,5;20,2;64;49;62;119;8,5;5,7;
2026/03/25;1900 UTC;0;1011,3;1011,5;1011,3;;29,6;20,8;30,5;28,8;21,6;20,5;64;56;59;119;8,7;4,9;
2026/03/25;2000 UTC;0;1011,3;1011,3;1011,1;;29,3;20,7;30,5;29,2;21,3;20,7;61;57;60;66;9;3,6;
2026/03/25;2100 UTC;0;1012;1012;1011,3;;25,2;21,4;29,3;25,2;21,4;20,2;80;59;80;191;7,5;3,4;
2026/03/25;2200 UTC;0;1012,6;1012,6;1012;;23,4;22,1;25,2;23,4;22,4;21,5;93;80;93;232;7,5;3,8;
2026/03/25;2300 UTC;0;1013,5;1013,5;1012,6;;23,4;22,1;23,5;23,4;22,3;22,1;93;92;92;216;5;,7;
2026/03/26;0000 UTC;0;1013,9;1013,9;1013,5;;23,2;22,1;23,6;23,1;22,3;21,8;93;92;93;16;3;2,2;
2026/03/26;0100 UTC;0;1014,1;1014,2;1013,8;;23,4;22,2;23,6;23,2;22,4;22,1;94;93;93;26;3,5;1,7;
2026/03/26;0200 UTC;0;1014;1014,2;1013,9;;23,4;22,1;23,5;23,2;22,4;22,1;94;93;93;10;3,3;2,1;
2026/03/26;0300 UTC;0;1013,9;1014;1013,9;;23,3;22;23,4;23,3;22,1;21,8;93;91;92;356;4;1,5;
2026/03/26;0400 UTC;0;1013,6;1013,9;1013,6;;23;21,9;23,4;23;22,2;21,8;94;92;93;351;2,3;,9;
2026/03/26;0500 UTC;0;1013;1013,5;1013;;22,6;21,5;23,1;22,6;22;21,5;94;93;94;19;2,3;1,7;
2026/03/26;0600 UTC;0;1012,4;1013;1012,4;;22,7;21,5;22,9;22,5;21,8;21,4;94;93;93;36;3;1,5;
2026/03/26;0700 UTC;0;1012,4;1012,4;1012,2;;23,2;22;23,4;22,4;22;21,2;94;91;93;65;2,5;1,5;
2026/03/26;0800 UTC;0;1012,8;1012,8;1012,4;;23,5;22,1;23,5;23,1;22,2;21,9;94;92;92;91;2,5;1,7;
2026/03/26;0900 UTC;0;1013,4;1013,4;1012,8;;23;21,9;23,8;22,7;22,2;21,4;94;89;94;17;3,6;2,6;
2026/03/26;1000 UTC;0;1014,2;1014,2;1013,4;;23,6;22,3;23,7;22,8;22,7;21,8;94;93;93;116;3,6;1,5;
2026/03/26;1100 UTC;0;1015,1;1015,1;1014,2;;24,9;22,8;25,2;23,6;23,3;22,2;93;86;88;140;2,3;1,3;
2026/03/26;1200 UTC;0;1015,4;1015,4;1015,1;;26,5;23,1;26,6;24,8;23,5;22,7;89;82;82;139;4,1;2,5;
2026/03/26;1300 UTC;0;1015,3;1015,5;1015,3;;27,5;23,3;27,9;26,3;23,7;22,7;84;75;78;149;4,9;3,5;
2026/03/26;1400 UTC;0;1015;1015,3;1015;;;;31;27,3;24,4;22,8;84;65;77;142;6,6;5,6;
2026/03/26;1500 UTC;;1014,5;1015;1014,5;;27,1;23;28,7;27,1;23,9;22,8;78;72;78;140;6,6;5,5;
2026/03/26;1600 UTC;0;1013,9;1014,5;1013,9;3052,5;29,7;23,3;30,9;27,1;24,2;22,9;79;64;68;130;6,9;4,4;
2026/03/26;1700 UTC;0;1013,3;1013,9;1013,3;2950,8;30,2;22,6;30,3;29,4;23,5;22;70;62;64;117;7;4,7;
2026/03/26;1800 UTC;0;1013,1;1013,3;1013;2445,7;29,2;22,2;30,3;29;22,8;22;67;63;66;124;7,1;5,1;
2026/03/26;1900 UTC;0;1012,8;1013,1;1012,8;1749,6;29;21,3;29,4;28,5;22,6;21,2;70;62;63;107;7,2;3,5;
2026/03/26;2000 UTC;0;1012,5;1012,8;1012,5;931,9;29,1;21;29,6;28,9;21,3;20,8;64;60;62;82;8,1;4;
2026/03/26;2100 UTC;0;1012,9;1012,9;1012,5;198,3;27,6;21,4;29,1;27,6;21,4;20,9;69;62;69;53;7,7;2,6;
2026/03/26;2200 UTC;0;1013,5;1013,5;1012,9;0;26,1;22,5;27,7;26,1;22,5;21,3;81;68;81;290;5;2,7;
2026/03/26;2300 UTC;0;1014,3;1014,3;1013,5;0;25,2;22,8;26,1;25,1;23,3;22,5;89;81;86;271;5;1,6;
2026/03/27;0000 UTC;0;1014,9;1015;1014,3;0;24,5;22,9;25,2;24,4;22,9;22,4;91;86;91;48;3,6;1,8;
2026/03/27;0100 UTC;0;1015,3;1015,3;1014,9;0;24,3;23;24,6;24,2;23,2;22,8;93;91;93;117;3,4;,8;
2026/03/27;0200 UTC;0;1015,2;1015,3;1015,2;0;23,5;22,8;24,3;23,5;23,1;22,7;96;93;95;350;1,7;,7;
2026/03/27;0300 UTC;0;1015;1015,2;1015;0;23,1;22,6;23,7;23,1;23;22,4;97;95;97;354;2,4;1,9;
2026/03/27;0400 UTC;0;1014,6;1015;1014,6;,4;23;22,4;23,3;23;22,8;22,4;97;96;96;9;3,1;1,8;
2026/03/27;0500 UTC;0;1014,3;1014,6;1014,3;0;23,4;22,8;23,4;22,9;22,8;22,3;96;95;96;117;2,8;,9;
2026/03/27;0600 UTC;0;1014,1;1014,3;1014;0;22,8;21,9;23,6;22,8;22,9;21,9;96;94;95;9;1,3;,5;
2026/03/27;0700 UTC;0;1014,1;1014,1;1014;0;23,3;22,6;23,5;22,6;22,9;21,9;97;95;96;53;1,9;,9;
2026/03/27;0800 UTC;0;1014,4;1014,4;1014,1;0;21,9;21,3;23,4;21,9;22,7;21,3;97;94;97;20;2,4;1,7;
2026/03/27;0900 UTC;0;1015,1;1015,1;1014,4;1,5;22;21,2;22,6;21,9;22;21,1;97;94;95;7;3,2;2;
2026/03/27;1000 UTC;0;1016;1016;1015,1;238,4;24;22,9;24;21,9;22,9;21,2;96;93;93;11;3,2;1,9;
2026/03/27;1100 UTC;0;1016,9;1016,9;1016;1012,6;26,5;23,1;26,5;24;23,5;22,9;93;81;82;6;3,4;2,2;
2026/03/27;1200 UTC;0;1017,3;1017,3;1016,9;1818,8;28,2;21,4;28,3;26,5;23,2;21,4;82;66;67;4;5,9;3;
2026/03/27;1300 UTC;0;1017,4;1017,5;1017,3;2533,7;27,6;23,5;29,9;27,4;23,5;20,5;79;59;78;107;5;2,1;
2026/03/27;1400 UTC;0;1017,3;1017,5;1017,3;3084,1;26,2;23,3;27,6;25,9;23,7;23;85;78;84;144;8;5,3;
2026/03/27;1500 UTC;0;1016,6;1017,3;1016,6;3282,7;27,3;22,9;27,5;26,1;23,8;22,9;85;77;77;136;8,2;6,7;
2026/03/27;1600 UTC;0;1015,7;1016,6;1015,7;3206,8;28,4;22,4;29;27,1;23,8;22,1;79;69;70;122;7,9;5,8;
2026/03/27;1700 UTC;0;1015,1;1015,6;1015,1;2910,9;28,9;20,8;29;27,9;22,8;20;73;60;62;115;8;5,4;
2026/03/27;1800 UTC;0;1014,8;1015,1;1014,8;2386,3;30;22;30,2;28,5;22;20,6;64;60;62;96;8;3,9;
2026/03/27;1900 UTC;0;1015;1015;1014,8;1728,3;27,8;22,1;30,1;27,8;22,3;21,3;71;60;71;91;9,8;5,2;
2026/03/27;2000 UTC;0;1015;1015;1014,9;956,4;26,5;21,9;27,8;26,5;22,2;21,7;76;71;76;88;10,4;4,8;
2026/03/27;2100 UTC;0;1015,2;1015,2;1014,9;207,3;25,3;21,2;26,5;25,2;21,9;21,2;79;76;78;92;11,2;6,9;
2026/03/27;2200 UTC;0;1015,7;1015,7;1015,2;0;25,2;21,2;25,4;24,9;21,3;21;80;77;78;94;13,1;7,7;
2026/03/27;2300 UTC;0;1016,4;1016,4;1015,6;0;24,6;21,9;25,3;24,6;21,9;21,3;85;78;85;93;13,9;6,9;
2026/03/28;0000 UTC;0;1016,9;1016,9;1016,4;0;24,7;21,6;25;24,6;22;21,6;85;82;83;173;11,5;,8;
2026/03/28;0100 UTC;0;1017,2;1017,3;1016,9;0;24,6;21,2;25;24,4;21,6;21,1;84;79;81;360;8,5;1,6;
2026/03/28;0200 UTC;0;1017,3;1017,4;1017,2;0;24,3;20,8;24,9;23,5;21,2;20,4;85;79;81;111;4,2;1,4;
2026/03/28;0300 UTC;0;1017,2;1017,3;1017,2;0;23,2;20,8;24,4;23;20,9;20,6;87;81;86;105;2,9;2,3;
2026/03/28;0400 UTC;0;1016,6;1017,2;1016,6;0;22,6;21,1;24;22,5;21,1;19,7;91;81;91;346;2,8;,8;
2026/03/28;0500 UTC;0;1016,5;1016,7;1016,5;0;22;20,5;22,7;21,9;21,2;20,2;92;89;91;86;1,5;,7;
2026/03/28;0600 UTC;0;1016,1;1016,5;1016,1;0;21,9;20,5;22,7;21,9;21,2;20,5;94;90;92;47;2,3;1,8;
2026/03/28;0700 UTC;0;1016,1;1016,1;1016;0;21,2;20,4;21,9;20,1;20,7;18,9;96;90;96;357;2,3;1,3;
2026/03/28;0800 UTC;0;1016,6;1016,6;1016;0;20,9;20;22;20,5;20,9;19,3;96;92;95;51;2,5;1,5;
2026/03/28;0900 UTC;0;1017;1017;1016,6;1,7;20,9;19,9;21,2;20,5;20,4;19,7;96;94;94;36;2,8;1,8;
2026/03/28;1000 UTC;0;1017,6;1017,6;1017;293,4;21,9;20,1;22,9;20,4;21,4;19,2;96;88;90;105;2,8;,3;
2026/03/28;1100 UTC;0;1018,4;1018,4;1017,6;1120,5;23,1;20,4;25,8;21,9;22,3;20,3;91;77;85;120;1,7;1;
2026/03/28;1200 UTC;0;1018,7;1018,7;1018,4;1819,4;24,5;21,3;24,7;23,1;21,3;20,5;88;79;83;163;3,5;2;
2026/03/28;1300 UTC;0;1018,6;1018,7;1018,6;2605,2;24,5;21,1;24,7;23,9;21,9;20,8;86;81;81;145;6,4;5,1;
2026/03/28;1400 UTC;0;1018,6;1018,7;1018,6;2931,8;24,9;21,5;25,1;23,7;21,9;20,7;86;80;81;139;6,9;6,4;
2026/03/28;1500 UTC;0;1017,8;1018,6;1017,8;3322;24,6;21,3;24,9;24,1;21,8;21,2;85;81;82;147;7;5,4;
2026/03/28;1600 UTC;0;1016,7;1017,8;1016,7;3238,7;28,1;21,8;28,1;24,5;21,9;20,7;83;68;69;123;6,9;5;
2026/03/28;1700 UTC;0;1016;1016,7;1016;2942,6;29,1;22,8;29,1;27,7;22,8;21,4;71;67;69;100;8,1;5;
2026/03/28;1800 UTC;0;1015,6;1016;1015,6;2400,3;27,9;22,4;29,2;26,8;23;21,5;75;68;72;112;9,1;5,1;
2026/03/28;1900 UTC;0;1015,7;1015,8;1015,5;1666,8;26,5;22,3;28,2;26,5;22,7;21,6;77;69;77;107;9,4;5,9;
2026/03/28;2000 UTC;0;1016;1016;1015,7;835,6;25,8;22,2;26,8;25,8;22,5;22;81;76;81;99;9,7;5;
2026/03/28;2100 UTC;0;1016,2;1016,2;1015,9;156,9;24,6;21,6;25,8;24,6;22,2;21,6;84;80;83;93;9,8;5;
2026/03/28;2200 UTC;0;1016,7;1016,7;1016,2;0;24,7;21;24,8;24,4;21,6;21;84;80;80;74;9,9;4;
2026/03/28;2300 UTC;0;1017,4;1017,4;1016,7;0;24,7;22,5;24,7;24,4;22,7;21;89;80;88;86;10;5,4;
2026/03/29;0000 UTC;0;1017,9;1017,9;1017,4;0;25,1;22;25,1;24,7;22,5;21,9;88;83;83;76;10,5;3,5;
2026/03/29;0100 UTC;0;1018,1;1018,2;1017,9;0;23,7;21,9;25,1;23,7;22,1;21,6;90;83;90;98;6,9;3,6;
2026/03/29;0200 UTC;0;1018,3;1018,3;1018,1;0;23,2;21,5;23,7;23,2;22;21,4;91;89;90;108;6,2;3,5;
2026/03/29;0300 UTC;0;1018;1018,3;1018;0;23;21,5;23,4;23;21,8;21,4;91;90;91;82;5;2,3;
2026/03/29;0400 UTC;0;1017;1018;1016,9;0;22,6;21;23,5;22,6;21,8;20,9;92;88;90;30;4,1;1,7;
2026/03/29;0500 UTC;0;1016,5;1017;1016,5;0;21,3;20,6;22,6;20,2;21,5;18,8;97;89;96;155;4,6;1,6;
2026/03/29;0600 UTC;0;1016,1;1016,5;1016,1;0;21,2;20,5;22,2;20,8;21,5;20;97;93;96;14;4,6;1,4;
2026/03/29;0700 UTC;0;1016,1;1016,1;1015,9;0;20,6;20;21,3;20,6;20,7;19,8;97;95;96;56;2,7;1,3;
2026/03/29;0800 UTC;0;1016;1016,2;1015,9;0;20,5;20;21;19,4;20,4;18,4;97;93;97;10;3;2,2;
2026/03/29;0900 UTC;0;1016,4;1016,4;1016;1,3;20,7;20,1;20,9;20,3;20,4;19,6;97;96;97;27;3,5;2,1;
2026/03/29;1000 UTC;0;1016,6;1016,6;1016,3;288,6;22,1;21,3;22,1;19,8;21,3;19;97;94;96;3;3,1;1,8;
2026/03/29;1100 UTC;0;1017,3;1017,3;1016,6;1107,3;22,6;20,4;25,7;21,8;22,7;20;96;76;87;129;2,3;1,1;
2026/03/29;1200 UTC;0;1017,8;1017,9;1017,3;1921,1;22,3;20,7;22,8;22,2;20,8;20,2;91;87;91;148;3,7;3,2;
2026/03/29;1300 UTC;0;1017,4;1017,8;1017,4;2592,9;22,9;20,4;22,9;22,2;20,9;20,1;91;86;86;147;5,6;4,9;
2026/03/29;1400 UTC;0;1016,9;1017,4;1016,9;3056,5;23,2;19,6;23,8;22,8;20,6;19,6;86;79;80;142;7,3;6,6;
2026/03/29;1500 UTC;0;1016;1016,9;1016;3281,2;24,2;18,9;24,3;23,1;20,2;18,9;81;72;72;138;7,1;5,3;
2026/03/29;1600 UTC;0;1015,4;1016;1015,4;3247,2;23,9;19,6;25,1;23,4;19,7;18,7;77;70;77;140;7,5;6,5;
2026/03/29;1700 UTC;0;1014,6;1015,4;1014,6;2951,4;27,8;20,1;27,8;23,5;20,9;19,2;78;63;63;118;7,6;4,1;
2026/03/29;1800 UTC;0;1013,9;1014,6;1013,9;2425,5;27,2;20,2;29,3;27,1;20,7;19,8;67;58;66;119;7,2;4,9;
2026/03/29;1900 UTC;0;1014;1014;1013,8;1739,9;25,9;20,6;27,7;25,4;20,8;19,5;73;65;73;127;7,5;5,3;
2026/03/29;2000 UTC;0;1014,5;1014,6;1013,9;917,6;24;20,4;25,8;24;20,7;19,9;82;72;80;126;7,5;4,7;
2026/03/29;2100 UTC;0;1014,3;1014,5;1014,2;174,9;24,4;21,8;24,5;23,7;21,8;20,4;86;80;85;81;6,7;1,7;
2026/03/29;2200 UTC;0;1014,9;1014,9;1014,3;0;24,4;21,9;24,6;24,3;21,9;21,7;86;85;86;73;6,8;2,2;
2026/03/29;2300 UTC;0;1015,5;1015,5;1014,9;0;24,5;22,3;24,6;23,9;22,3;21,2;88;85;88;52;5,7;2,5;
2026/03/30;0000 UTC;0;1016;1016;1015,5;0;24,7;22,2;24,9;24,4;22,4;22,1;88;85;86;54;6,3;2,5;
2026/03/30;0100 UTC;0;1016,1;1016,3;1016;0;23,2;20,9;24,7;23,2;22,5;20,9;90;86;87;86;4,7;1;
2026/03/30;0200 UTC;0;1016,3;1016,3;1016,1;0;20,5;19,6;23,2;20,4;21,7;19,4;96;86;95;151;3,7;1,6;
2026/03/30;0300 UTC;0;1015,9;1016,3;1015,9;0;21,1;20,7;21,2;20,5;20,7;19,9;97;95;97;270;2,6;,5;
2026/03/30;0400 UTC;0;1015;1015,9;1015;0;21;20,4;21,7;20,4;21,3;19,7;98;96;97;223;1,6;,6;
2026/03/30;0500 UTC;0;1014,6;1015;1014,6;0;21,1;20,8;21,8;20,5;21,5;20,1;98;97;98;7;1,6;1,2;
2026/03/30;0600 UTC;0;1014;1014,6;1014;0;21,5;21,2;21,5;20,3;21,2;19,8;98;97;98;9;1,6;,8;
2026/03/30;0700 UTC;0;1013,3;1014;1013,3;0;21,1;20,8;21,5;20,7;21,2;20,3;98;97;98;38;2,7;2,2;
2026/03/30;0800 UTC;0;1013,3;1013,3;1013;0;20,9;20,5;21,3;20,7;20,9;20,3;98;98;98;17;3,6;2,5;
2026/03/30;0900 UTC;0;1013,4;1013,5;1013,3;1,5;21,5;21,1;21,8;20,9;21,4;20,5;98;97;97;29;3,5;1,8;
2026/03/30;1000 UTC;0;1013,4;1013,6;1013,4;254,7;22,8;22,3;22,8;21,1;22,3;20,6;98;97;97;11;3,2;1,1;
2026/03/30;1100 UTC;0;1013,7;1013,7;1013,4;990,5;25,5;22,9;25,5;22,8;23,6;22,5;97;85;85;25;2,8;1,6;
2026/03/30;1200 UTC;0;1014;1014;1013,7;1531,2;22,6;21,4;26,6;22,6;23,1;21;93;78;93;146;5,8;5;
2026/03/30;1300 UTC;0;1013,8;1014;1013,8;2267,6;23,7;21,4;24,3;22,5;21,9;21,2;94;84;87;143;6,7;6;
2026/03/30;1400 UTC;0;1013,3;1013,9;1013,3;2864,3;24,9;21,4;26,3;23,6;22,3;20,8;88;75;81;143;7;4,6;
2026/03/30;1500 UTC;0;1012,7;1013,4;1012,7;2904;25;21,2;26,5;24,8;22;20,9;81;75;80;134;6,6;3,6;
2026/03/30;1600 UTC;0;1012;1012,7;1012;3085,7;25,8;21,2;27,9;24,9;22,2;20,7;81;69;76;129;6,9;4,7;
2026/03/30;1700 UTC;0;1011,3;1012;1011,3;2968,5;27,6;21;27,7;25,8;22,2;20,8;77;67;67;123;7,1;4,6;
2026/03/30;1800 UTC;0;1011,4;1011,5;1011,3;1909,2;26,8;20,8;27,6;26,5;21;20,4;71;67;69;120;6,9;4,1;
2026/03/30;1900 UTC;0;1011,2;1011,4;1011,2;1876,3;27,1;20,4;27,3;26,6;20,9;20;70;65;67;114;6,3;3,9;
2026/03/30;2000 UTC;0;1011,1;1011,4;1011,1;931,4;25,4;20,9;27,1;25,2;20,9;20;77;66;76;111;5,8;3,2;
2026/03/30;2100 UTC;0;1011,9;1011,9;1011,1;106,9;23,3;21,7;25,4;23,3;21,7;20,6;90;75;90;211;4,7;2;
2026/03/30;2200 UTC;0;1012,3;1012,3;1011,9;,1;23,1;21,7;23,5;23;21,8;21,5;92;90;92;195;3;1,8;
2026/03/30;2300 UTC;0;1012,6;1012,6;1012,3;2,6;23,2;21,7;23,3;23,1;21,8;21,6;92;91;91;220;3,3;2,3;
2026/03/31;0000 UTC;0;1012,7;1012,7;1012,6;0;22,7;21,6;23,2;22,6;21,7;21,4;94;91;94;126;2,6;1,3;
2026/03/31;0100 UTC;0;1012,4;1012,7;1012,3;0;22,8;21,9;22,8;22,6;21,9;21,5;95;93;95;116;1,8;,6;
2026/03/31;0200 UTC;0;1012;1012,4;1012;0;22,6;21,8;22,9;22,5;22,1;21,6;95;94;95;105;2;,7;
2026/03/31;0300 UTC;0;1011,7;1012;1011,7;0;22,8;22,1;22,8;22,3;22,1;21,4;96;95;96;49;1,6;,6;
2026/03/31;0400 UTC;0;1010,7;1011,7;1010,7;0;22,5;21,8;22,9;22,2;22,1;21,4;96;95;96;33;2,2;1,4;
2026/03/31;0500 UTC;0;1010,1;1010,7;1010;0;22;21,4;22,5;21,9;21,8;21,3;96;96;96;357;2,5;,8;
2026/03/31;0600 UTC;0;1009,5;1010,1;1009,5;0;22,4;21,8;22,4;21,9;21,8;21,2;97;96;96;37;2,1;1,7;
2026/03/31;0700 UTC;0;1009,4;1009,5;1009,4;0;22,5;21,7;22,6;22,4;21,9;21,7;96;95;95;299;2,1;,5;
2026/03/31;0800 UTC;0;1009,4;1009,5;1009,3;0;22,6;21,7;22,8;22,5;21,9;21,7;95;94;95;10;2,7;1,9;
2026/03/31;0900 UTC;0;1009,8;1009,8;1009,4;,1;22,5;21,4;22,6;22,4;21,7;21,4;95;94;94;29;2,9;1,5;
2026/03/31;1000 UTC;0;1010,4;1010,4;1009,8;95,6;23,2;21,7;23,2;22,4;21,7;21,3;94;91;92;336;2,1;,1;
2026/03/31;1100 UTC;0;1011;1011;1010,4;267;23,9;22;23,9;23,2;22,1;21,5;92;88;89;117;3,4;2,5;
2026/03/31;1200 UTC;0;1011,4;1011,4;1011;793,9;24,3;22,7;24,7;23,9;22,7;21,9;91;85;90;157;5,5;4,5;
2026/03/31;1300 UTC;,2;1011,5;1011,5;1011,4;599;23,4;22,5;24,5;23,3;22,7;22,3;95;89;95;150;5,5;4,3;
2026/03/31;1400 UTC;,4;1011,8;1011,9;1011,4;371,3;22,8;21,8;23,4;22,6;22,6;21,7;95;94;94;148;7;6;
2026/03/31;1500 UTC;0;1011,4;1011,9;1011,4;759,9;22,8;21,7;23;22,6;21,9;21,4;94;93;94;153;8,2;6,7;
2026/03/31;1600 UTC;,4;1010,4;1011,4;1010,4;708,3;22,5;21,6;22,8;22,2;21,7;21,4;96;93;95;136;8,2;5,4;
2026/03/31;1700 UTC;,8;1010,1;1010,4;1010,1;391,3;22,4;21,7;22,6;22,3;21,8;21,5;96;94;96;138;6,6;3,8;
2026/03/31;1800 UTC;,6;1010,3;1010,3;1009,9;151,4;22,2;21,6;22,6;22,2;22;21,6;97;96;97;42;4,6;2,2;
2026/03/31;1900 UTC;3,4;1009,9;1010,8;1009,7;22,6;21,8;21,3;22,2;21,7;21,7;21,2;97;96;97;86;6,6;1,1;
2026/03/31;2000 UTC;,8;1009,9;1010,2;1009,9;152,9;22,4;21,9;22,4;21,7;21,9;21,1;97;97;97;351;2,7;,7;
2026/03/31;2100 UTC;0;1010,2;1010,2;1009,9;83,1;22;21,6;22,4;22;21,9;21,6;97;97;97;32;4,3;2,1;
2026/03/31;2200 UTC;0;1011,1;1011,2;1010,2;6,3;22,4;21,9;22,4;22;22;21,5;98;97;97;144;3,4;,5;
2026/03/31;2300 UTC;0;1011,4;1011,5;1011,1;2,2;22;21,6;22,5;21,9;22;21,4;97;97;97;152;1,9;,3;
