REGIAO:;SE
UF:;RJ
ESTACAO:;RIO DE JANEIRO - VILA MILITAR
CODIGO (WMO):;A621
LATITUDE:;-22,86138888
LONGITUDE:;-43,41138888
ALTITUDE:;30,43
DATA DE FUNDACAO:;13/04/07
Data;Hora UTC;PRECIPITAÇÃO TOTAL, HORÁRIO (mm);PRESSAO ATMOSFERICA AO NIVEL DA ESTACAO, HORARIA (mB);PRESSÃO ATMOSFERICA MAX.NA HORA ANT. (AUT) (mB);PRESSÃO ATMOSFERICA MIN. NA HORA ANT. (AUT) (mB);RADIACAO GLOBAL (Kj/m²);TEMPERATURA DO AR - BULBO SECO, HORARIA (°C);TEMPERATURA DO PONTO DE ORVALHO (°C);TEMPERATURA MÁXIMA NA HORA ANT. (AUT) (°C);TEMPERATURA MÍNIMA NA HORA ANT. (AUT) (°C);TEMPERATURA ORVALHO MAX. NA HORA ANT. (AUT) (°C);TEMPERATURA ORVALHO MIN. NA HORA ANT. (AUT) (°C);UMIDADE REL. MAX. NA HORA ANT. (AUT) (%);UMIDADE REL. MIN. NA HORA ANT. (AUT) (%);UMIDADE RELATIVA DO AR, HORARIA (%);VENTO, DIREÇÃO HORARIA (gr) (° (gr));VENTO, RAJADA MAXIMA (m/s);VENTO, VELOCIDADE HORARIA (m/s);
2026/01/01;0000 UTC;0;1008,1;1008,1;1007,7;0;27,4;22,8;27,8;26,8;23,4;22,6;81;74;76;128;1,7;1;
2026/01/01;0100 UTC;0;1008,3;1008,3;1008;0;25,7;23,6;27,6;25,7;23,6;22,7;88;75;88;27;1,7;0;
2026/01/01;0200 UTC;0;1008;1008,5;1008;0;25,5;23,7;25,9;25,5;23,9;23,5;90;88;90;33;0;0;
2026/01/01;0300 UTC;0;1007,7;1008;1007,7;0;26,4;23,7;26,5;25,4;24,1;23,7;91;85;85;11;2,1;,7;
2026/01/01;0400 UTC;0;1007,1;1007,6;1007,1;0;26,9;23,6;27,1;26;23,9;23,5;88;81;82;7;3,1;,8;
2026/01/01;0500 UTC;0;1006,2;1007,1;1006,2;0;26,7;23,8;27;26,7;23,8;23,5;84;82;84;348;3,4;1,1;
2026/01/01;0600 UTC;0;1005,7;1006,2;1005,7;0;26,6;24,3;26,8;26,4;24,4;23,8;88;84;87;356;4,7;1,8;
2026/01/01;0700 UTC;0;1005,2;1005,7;1005,2;0;25,9;24,1;26,6;25,9;24,3;24,1;90;87;90;7;3,6;,1;
2026/01/01;0800 UTC;0;1005,4;1005,4;1005,2;0;25,6;23,7;25,9;25,4;24,1;23,7;91;89;89;8;2,3;1,2;
2026/01/01;0900 UTC;0;1005,8;1005,8;1005,4;83,3;26,1;24;26,1;25,6;24,1;23,5;89;88;88;35;2,6;,5;
2026/01/01;1000 UTC;0;1006,1;1006,1;1005,7;750,4;29,2;23,5;29,2;26,1;24,7;23,2;88;70;71;339;4,2;1,9;
2026/01/01;1100 UTC;0;1006,1;1006,1;1005,9;1566,4;30,9;23,9;31,1;29,1;24,2;23;71;65;66;103;3,6;,7;
2026/01/01;1200 UTC;0;1005,8;1006,2;1005,8;2331,1;34,1;22;34,1;30,8;24,2;21,7;67;49;49;232;2;,4;
2026/01/01;1300 UTC;0;1005,5;1005,8;1005,5;3329,3;35,7;21,4;35,7;33,9;22,4;20,6;51;43;44;163;2,8;1,3;
2026/01/01;1400 UTC;0;1004,8;1005,5;1004,8;3581,5;36,3;20,5;36,6;35,7;22,1;19,9;44;38;40;344;5,8;2,7;
2026/01/01;1500 UTC;0;1004;1004,9;1004;3687,1;36,9;20,2;37,7;36,2;22,3;19,4;44;37;38;324;7;2,7;
2026/01/01;1600 UTC;0;1003,7;1004,1;1003,6;3093,6;34,9;24,2;37,8;34,4;24,9;19,7;55;37;54;235;7,4;3,1;
2026/01/01;1700 UTC;0;1002,5;1003,7;1002,5;3533;34,9;23,6;35,8;34,5;24,6;23,5;54;51;52;246;7,7;2,9;
2026/01/01;1800 UTC;0;1002,3;1002,5;1002,1;1310,3;31,5;22,8;35,4;31,5;24,3;22,6;61;52;60;209;8,8;1,6;
2026/01/01;1900 UTC;0;1002,1;1002,3;1001,7;1704,8;32,7;21,8;34,1;31;23,6;21,1;63;48;53;241;8,2;2,5;
2026/01/01;2000 UTC;0;1002,4;1002,5;1002,1;1119,1;32,8;21,6;33,4;31,7;23,1;21,6;59;52;52;211;6,5;2;
2026/01/01;2100 UTC;0;1003;1003;1002,3;217,2;31,8;21,5;32,9;31,8;21,9;21,5;56;51;54;225;4;,9;
2026/01/01;2200 UTC;0;1003,4;1003,4;1002,9;13,4;30;22,9;31,9;29,9;23,3;21,5;67;54;66;179;2,1;,1;
2026/01/01;2300 UTC;0;1003,7;1003,7;1003,2;0;29,9;23,4;30,4;29,8;23,5;22,5;69;63;69;140;3,4;1,1;
2026/01/02;0000 UTC;0;1004,1;1004,1;1003,7;0;28,9;24,4;29,9;28,7;24,7;23,4;78;68;77;134;2,8;,4;
2026/01/02;0100 UTC;0;1004,2;1004,5;1004;0;29,8;22,8;29,8;28,4;24,9;22,8;81;66;66;129;2,7;,9;
2026/01/02;0200 UTC;0;1004,1;1004,3;1004,1;0;28,1;24,4;29,8;28;24,4;22,8;80;66;80;47;2,3;0;
2026/01/02;0300 UTC;0;1003,3;1004,1;1003,3;0;28,4;24,3;28,4;27,4;25,1;23,9;87;78;78;98;2,4;1,2;
2026/01/02;0400 UTC;0;1002,9;1003,3;1002,8;0;26,9;24,9;28,6;26,8;24,9;24;89;76;89;79;2,4;,2;
2026/01/02;0500 UTC;0;1002,3;1002,9;1002,3;0;27,1;24,7;27,3;26,6;25;24,6;90;86;87;24;1,9;,6;
2026/01/02;0600 UTC;0;1002;1002,3;1002;0;28,5;22,2;28,5;27,1;24,8;22,2;87;69;69;345;8,6;3,4;
2026/01/02;0700 UTC;0;1002,3;1002,3;1001,9;0;27;24,2;28,7;27;24,2;22,1;84;68;84;9;8,5;4;
2026/01/02;0800 UTC;0;1002,5;1002,5;1002,2;0;26,8;23,1;27;26,8;24,1;23,1;85;80;81;353;8;2,1;
2026/01/02;0900 UTC;0;1002,8;1002,8;1002,5;43,8;26,9;23;26,9;26,5;23,1;22,9;81;79;79;346;5,3;2;
2026/01/02;1000 UTC;0;1003;1003;1002,7;335,7;27,6;23,3;27,6;26,9;23,7;22,9;80;77;78;93;5,3;,1;
2026/01/02;1100 UTC;0;1002,9;1003,1;1002,8;1156,2;29,9;23;29,9;27,6;24;22,6;78;65;67;337;2,9;,9;
2026/01/02;1200 UTC;0;1002,7;1003;1002,7;1624,1;31,7;22,3;32,2;29,9;23,8;22,3;68;57;58;101;3,7;1,4;
2026/01/02;1300 UTC;0;1002,2;1002,7;1002,2;2550,5;33,8;21,7;34;31,5;24;21,2;60;49;49;95;3,7;1,2;
2026/01/02;1400 UTC;0;1001,8;1002,2;1001,8;2308,8;34,3;21,4;34,7;33,4;22,7;20,6;52;45;47;123;5,1;2;
2026/01/02;1500 UTC;0;1001,6;1001,9;1001,6;1852,5;34,5;20,8;34,9;33,5;22,1;19,7;50;42;45;307;9,4;2,6;
2026/01/02;1600 UTC;0;1000,6;1001,6;1000,6;3251,8;36,4;21,1;36,5;34,2;22,2;19,8;46;40;41;291;6,4;2,3;
2026/01/02;1700 UTC;0;999,5;1000,6;999,5;3441,1;37,1;19,2;37,6;35,9;22,1;18,3;44;34;35;292;5,7;2,2;
2026/01/02;1800 UTC;0;999;999,5;999;1799,1;34,4;21,5;37,5;34,4;22,6;18,9;48;35;47;226;7,4;2,6;
2026/01/02;1900 UTC;0;998,9;999;998,7;1045,8;33,3;21,6;34,5;33,3;22,8;21,5;53;47;51;242;8,3;3,3;
2026/01/02;2000 UTC;0;999,7;999,7;998,9;611;32,3;20,2;33,3;32,3;22,2;20,1;53;47;49;243;8;2,6;
2026/01/02;2100 UTC;0;1000,6;1000,6;999,7;197,7;30,6;21,9;32,3;30,6;22,8;20,2;63;49;60;235;5,8;1,9;
2026/01/02;2200 UTC;0;1001,9;1001,9;1000,6;11,3;28,5;22,1;30,6;28,5;22,6;21,8;69;60;69;19;5;2,5;
2026/01/02;2300 UTC;,4;1003,1;1003,1;1001,9;0;25,9;22,8;28,6;25,9;22,8;21,8;83;67;83;20;6,4;2,9;
2026/01/03;0000 UTC;1,4;1004,1;1004,1;1003,1;0;25,3;24;26;25,2;24,1;22,8;93;83;93;72;5,2;,6;
2026/01/03;0100 UTC;1,8;1003,8;1004,2;1003,8;0;25;24,1;25,3;25;24,3;23,9;95;92;95;167;3,1;0;
2026/01/03;0200 UTC;,6;1003;1003,8;1003;0;25;24;25,2;24,9;24,2;23,8;95;94;94;56;1,5;0;
2026/01/03;0300 UTC;0;1002,4;1003;1002,4;0;24,8;24;25;24,8;24,2;23,9;96;94;95;81;0;0;
2026/01/03;0400 UTC;0;1001,9;1002,4;1001,9;0;24,8;24,1;25,1;24,8;24,4;24,1;96;95;96;47;0;0;
2026/01/03;0500 UTC;0;1001,9;1001,9;1001,6;0;24,7;24,1;24,9;24,7;24,3;24;96;96;96;19;1,1;,1;
2026/01/03;0600 UTC;0;1001,6;1001,9;1001,3;0;24,6;23,9;24,7;24,6;24,1;23,8;96;96;96;39;1,7;0;
2026/01/03;0700 UTC;0;1002,1;1002,1;1001,6;0;24,7;23,9;24,8;24,6;24;23,8;96;95;95;28;1,2;0;
2026/01/03;0800 UTC;0;1002,4;1002,5;1002,1;0;24,8;23,2;24,9;24,6;24;23,2;95;91;91;28;3,1;1,2;
2026/01/03;0900 UTC;0;1002,4;1002,4;1002,3;32,8;24,8;23,5;24,9;24,3;23,6;23,2;94;91;93;9;2,3;0;
2026/01/03;1000 UTC;0;1002,4;1002,5;1002,2;368;26;24,2;26;24,8;24,5;23,5;93;89;90;154;1,7;,9;
2026/01/03;1100 UTC;0;1003;1003;1002,4;770,8;27,2;24,1;27,6;26;24,7;23,8;90;83;83;39;1,7;,1;
2026/01/03;1200 UTC;0;1003,1;1003,1;1002,8;1665,6;29,3;24,5;29,3;27,1;25,3;23,6;85;75;76;73;2,3;,4;
2026/01/03;1300 UTC;0;1002,9;1003,1;1002,9;3041,3;31,4;23,2;31,6;29,3;25,3;22,6;77;60;62;231;2,6;,3;
2026/01/03;1400 UTC;0;1002,7;1002,9;1002,7;2266,8;32;23,3;32,1;30,8;23,7;22,3;64;59;60;84;3,6;,9;
2026/01/03;1500 UTC;0;1002,1;1002,7;1002,1;3840;32,9;22,5;33,4;31,6;24,5;21,7;63;52;54;334;6,1;1,8;
2026/01/03;1600 UTC;0;1001,4;1002,1;1001,4;2794,3;33;22,5;34,4;32,8;24,8;21,7;59;50;54;260;4,9;1,5;
2026/01/03;1700 UTC;0;1001;1001,4;1001;2767,9;32,4;24,7;34,3;32,3;25,2;22,5;65;53;64;239;7,9;3,3;
2026/01/03;1800 UTC;0;1001,1;1001,1;1000,8;1513,4;30,4;23;32,6;30,4;25,3;23;69;64;65;249;9,8;3,2;
2026/01/03;1900 UTC;0;1000,9;1001,2;1000,3;355,1;29,3;22,9;30,4;29;23,4;22,6;72;64;69;245;8,9;2,9;
2026/01/03;2000 UTC;0;1002;1002;1000,9;860;29,7;23,1;30,4;29,3;23,3;22,1;69;62;67;175;7,9;1,3;
2026/01/03;2100 UTC;0;1002,5;1002,5;1001,9;389,3;29,2;23;29,7;28,8;24,1;22,6;73;67;69;203;4;1,2;
2026/01/03;2200 UTC;0;1003,4;1003,4;1002,5;47,4;27,3;23,9;29,2;27,2;23,9;22,4;82;69;82;58;4,2;1,1;
2026/01/03;2300 UTC;0;1004,4;1004,4;1003,4;0;27,5;23,9;27,5;27;24,2;23,8;84;81;81;102;2,6;,4;
2026/01/04;0000 UTC;0;1004,7;1004,7;1004,3;0;26,9;24,3;27,6;26,7;24,4;23,9;86;80;86;22;2;,5;
2026/01/04;0100 UTC;0;1004,9;1004,9;1004,6;0;26,3;24,5;27;26,3;24,5;24,2;90;85;90;45;1,2;,2;
2026/01/04;0200 UTC;0;1005;1005,1;1004,8;0;26,3;24,4;26,6;26,2;24,8;24,3;91;88;89;351;1,4;,2;
2026/01/04;0300 UTC;0;1004,7;1005;1004,6;0;26,8;23,1;26,9;25,9;24,6;23,1;91;81;81;346;4,7;1,9;
2026/01/04;0400 UTC;0;1004,1;1004,7;1004,1;0;26,9;21,2;26,9;26,7;23,1;21,2;81;71;71;351;7,8;3,1;
2026/01/04;0500 UTC;0;1003,6;1004,1;1003,6;0;26,8;21;26,9;26,7;21,3;21;72;71;71;345;6,1;2,3;
2026/01/04;0600 UTC;0;1003,6;1003,8;1003,6;0;26,5;21,1;26,9;26,5;21,1;20,9;72;70;72;343;5,7;1,6;
2026/01/04;0700 UTC;0;1003,8;1003,8;1003,5;0;26,4;20,9;26,6;26,4;21,1;20,8;73;71;72;340;6,2;1,7;
2026/01/04;0800 UTC;0;1004,3;1004,3;1003,8;0;26,4;20,9;26,5;26,3;21;20,8;72;71;72;355;4,4;1,3;
2026/01/04;0900 UTC;0;1005,2;1005,2;1004,3;51;25,7;21,7;26,4;25,7;21,8;20,9;79;71;78;9;3,3;,3;
2026/01/04;1000 UTC;0;1005,9;1005,9;1005,2;237,7;27;21,6;27;25,6;22,1;21,1;81;71;72;12;3,1;1;
2026/01/04;1100 UTC;0;1006,2;1006,3;1006;1049,6;28,4;23;28,8;27;23,2;21,4;73;68;73;216;3,4;1,4;
2026/01/04;1200 UTC;0;1006,9;1007;1006,2;2080,9;28,3;22,1;29,3;28,1;23,3;21,5;74;65;69;232;7,6;2,3;
2026/01/04;1300 UTC;0;1007,3;1007,4;1006,8;2722,1;28,8;22,7;29,8;27,7;23,7;22,1;76;65;69;266;8;2,9;
2026/01/04;1400 UTC;0;1007,4;1007,6;1007,3;2426,5;29;23,2;29,8;28,2;24,1;22,5;74;68;71;249;7,7;2,1;
2026/01/04;1500 UTC;0;1007,5;1007,8;1007,4;3276,3;28,1;22,7;29,3;27,5;24;22,2;76;69;73;238;9,8;4,2;
2026/01/04;1600 UTC;0;1007,7;1007,8;1007,5;2177,2;26,7;21,8;28,3;26,4;22,7;21,4;75;70;75;249;9,9;4,2;
2026/01/04;1700 UTC;0;1007,6;1007,7;1007,3;2696,3;28,1;21,6;28,8;26,5;22,8;21,3;75;67;68;230;9,5;2,9;
2026/01/04;1800 UTC;0;1007,7;1007,8;1007,5;2255;27,3;21,8;28,3;26,8;22,2;20,8;73;67;72;247;10;3,3;
2026/01/04;1900 UTC;0;1008,1;1008,1;1007,7;811;25,9;20,2;27,3;25,9;21,2;20,2;72;69;71;238;10,9;3,2;
2026/01/04;2000 UTC;0;1008,6;1008,6;1008;185,2;25,1;20,1;25,9;25;20,4;20,1;74;71;74;252;8;2,9;
2026/01/04;2100 UTC;0;1009,5;1009,5;1008,6;61,3;24,3;20,2;25,3;24,3;20,2;19,9;78;72;78;272;7,1;2,2;
2026/01/04;2200 UTC;0;1010,7;1010,7;1009,5;,7;22,7;20,8;24,3;22,7;20,8;20;89;78;89;249;6,8;1,9;
2026/01/04;2300 UTC;0;1011,7;1011,7;1010,7;0;22,1;20,4;22,7;22,1;20,8;20,3;90;87;90;248;7,3;2,3;
2026/01/05;0000 UTC;,2;1012,3;1012,4;1011,7;0;22,2;20,2;22,3;21,8;20,4;20;91;88;88;263;8,1;2,2;
2026/01/05;0100 UTC;0;1012,8;1012,9;1012,3;0;21,8;19,8;22,2;21,7;20,1;19,8;90;88;88;236;6,4;1,3;
2026/01/05;0200 UTC;0;1012,7;1013;1012,7;0;22,1;19,6;22,2;21,7;19,9;19,6;89;85;85;262;6,1;1,7;
2026/01/05;0300 UTC;,2;1012,3;1012,8;1012,3;0;21,4;20;22,2;21,4;20;19,5;92;85;92;259;5,5;1,2;
2026/01/05;0400 UTC;,6;1012,2;1012,4;1012,2;0;21;19,9;21,5;21;20,2;19,8;93;92;93;253;6,2;1,7;
2026/01/05;0500 UTC;,4;1011,7;1012,2;1011,6;0;20,8;19,6;21;20,7;19,8;19,5;93;93;93;252;5,9;1,1;
2026/01/05;0600 UTC;0;1011,8;1011,8;1011,6;0;21,3;18,9;21,3;20,8;19,6;18,9;93;86;86;251;6,2;1,5;
2026/01/05;0700 UTC;0;1012,2;1012,2;1011,7;0;21;18,9;21,3;21;19,3;18,8;90;86;88;237;4,3;,1;
2026/01/05;0800 UTC;0;1012,6;1012,6;1012,1;,1;20,8;19,2;21,1;20,8;19,3;18,8;90;87;90;188;4;,6;
2026/01/05;0900 UTC;,2;1013,1;1013,1;1012,6;21;20,6;19,2;21;20,5;19,3;19;92;90;92;205;5,3;1;
2026/01/05;1000 UTC;0;1013,6;1013,7;1013,1;125;21,1;19;21,2;20,6;19,2;18,7;92;87;88;224;3,8;1,2;
2026/01/05;1100 UTC;0;1014;1014;1013,6;312,9;21,8;18,8;21,8;21,1;19,2;18,7;88;83;83;248;3,9;1,1;
2026/01/05;1200 UTC;0;1014,6;1014,6;1014;498,7;22,9;18,6;23;21,8;19,2;18,1;84;75;77;210;3;0;
2026/01/05;1300 UTC;0;1014,6;1014,7;1014,6;1786,7;25,6;17,9;25,6;22,9;19,4;16,8;76;62;63;235;3,7;1,5;
2026/01/05;1400 UTC;0;1014,3;1014,6;1014,3;1946,5;24;18,7;26,2;24;19,7;15,5;74;55;72;105;6;2,5;
2026/01/05;1500 UTC;0;1014,1;1014,3;1014,1;714,4;24,5;16,9;24,9;24;18,9;16,9;73;62;63;105;5,3;1,1;
2026/01/05;1600 UTC;0;1014;1014,2;1014;724,6;25,5;14,8;25,5;24,4;17,5;14,4;65;51;51;248;4,8;1,8;
2026/01/05;1700 UTC;0;1013,6;1014;1013,6;1383,7;25,6;15,2;26,4;25,3;16;14,5;54;50;53;163;4,8;1,3;
2026/01/05;1800 UTC;0;1013,3;1013,6;1013,3;823,2;25,1;16,5;26,5;25;17;14,5;60;49;59;337;3,9;0;
2026/01/05;1900 UTC;0;1013,4;1013,4;1013,3;233,2;24,4;17,6;25,6;24,2;17,9;14,6;67;51;66;233;6,1;1,8;
2026/01/05;2000 UTC;0;1013,6;1013,6;1013,3;225,9;24,2;17;24,6;24,2;17,6;16,3;66;60;64;242;4,9;1,3;
2026/01/05;2100 UTC;0;1014;1014;1013,6;113,8;24,4;17,1;24,4;24,2;17,2;16,8;65;63;64;223;2,9;,9;
2026/01/05;2200 UTC;0;1014,7;1014,7;1014;18,2;24,3;17,2;24,5;23,8;17,5;17,1;68;64;65;211;3,6;1,1;
2026/01/05;2300 UTC;0;1015,2;1015,2;1014,7;0;24,2;17,1;24,3;23,9;17,6;17;67;64;65;190;3,8;1;
2026/01/06;0000 UTC;0;1015,5;1015,5;1015,2;0;24;17,7;24,2;23,9;17,8;17,1;69;64;68;172;4,1;,6;
2026/01/06;0100 UTC;0;1015,8;1015,8;1015,5;0;24;17,3;24,1;23,9;17,8;17,3;68;66;66;200;4,5;,3;
2026/01/06;0200 UTC;0;1015,5;1015,8;1015,5;0;23,9;17,2;24;23,6;17,8;17;70;65;66;170;3,2;,9;
2026/01/06;0300 UTC;0;1014,9;1015,6;1014,9;0;23,5;17,6;23,9;23,5;17,7;17,2;70;66;70;184;3;1;
2026/01/06;0400 UTC;0;1014,5;1014,9;1014,5;0;23,4;17,8;23,5;23,3;17,9;17,6;72;69;71;186;2,8;,5;
2026/01/06;0500 UTC;0;1013,9;1014,5;1013,9;0;22,9;18,1;23,4;22,9;18,1;17,7;74;70;74;190;2,6;0;
2026/01/06;0600 UTC;0;1014,1;1014,1;1013,9;0;21,2;18,8;22,9;21,1;18,9;17,8;87;73;86;43;1,4;0;
2026/01/06;0700 UTC;0;1014,1;1014,2;1014,1;0;21,4;19;21,5;21,1;19,2;18,7;88;86;86;168;0;0;
2026/01/06;0800 UTC;0;1014,5;1014,5;1014,1;0;21,6;18,4;21,8;21,3;19,2;18,3;87;81;82;125;1,5;,1;
2026/01/06;0900 UTC;0;1014,8;1014,8;1014,4;59,6;22,5;18,1;22,5;21,4;19;18;86;76;76;130;1,3;0;
2026/01/06;1000 UTC;0;1015,3;1015,3;1014,8;335,5;24;18,8;24;22,3;19;18,1;81;71;73;190;1,1;0;
2026/01/06;1100 UTC;0;1015,6;1015,6;1015,3;989;24,8;18,2;25,3;24;18,6;17,7;73;64;67;163;3;1;
2026/01/06;1200 UTC;0;1015,9;1016;1015,6;1143,9;25,2;17,2;25,5;24,8;18,6;17;67;60;61;161;5,9;2,8;
2026/01/06;1300 UTC;0;1016,1;1016,1;1015,9;1580,2;25,5;17,3;26,3;25,2;18,2;17;62;59;61;137;6,7;2,4;
2026/01/06;1400 UTC;0;1015,8;1016,1;1015,6;2145,3;26,9;17,1;27,3;25,4;18,2;17,1;64;55;55;169;7,4;3,1;
2026/01/06;1500 UTC;0;1015;1015,8;1015;2372,6;27,1;17;28;26,8;18,6;16,1;57;50;54;150;7,1;2,8;
2026/01/06;1600 UTC;0;1014,9;1015;1014,8;1898,3;27,2;17;27,7;26,7;18,1;16,3;57;51;53;141;9;2,1;
2026/01/06;1700 UTC;0;1014,5;1014,9;1014,5;1121,7;26,6;17,7;27,2;26,4;17,7;16,7;58;53;58;128;7;2,1;
2026/01/06;1800 UTC;0;1013,8;1014,5;1013,8;1646,9;26,9;18,7;27,5;26,5;19,1;17,2;61;56;61;149;6,6;3;
2026/01/06;1900 UTC;0;1013,5;1013,8;1013,5;1698,1;27,6;17,8;28,3;26,5;19,1;17,6;62;54;55;164;7,1;2,9;
2026/01/06;2000 UTC;0;1013,4;1013,5;1013,3;641,6;26,6;16,7;27,6;26,5;17,9;16,5;57;53;55;162;6,4;2,4;
2026/01/06;2100 UTC;0;1013,6;1013,6;1013,3;236;25,9;17,3;26,7;25,9;17,7;16,7;61;54;59;128;6;2,2;
2026/01/06;2200 UTC;0;1013,9;1014,1;1013,5;66;25,5;17,8;26,1;25,3;17,9;17,3;63;58;63;173;4,8;2,1;
2026/01/06;2300 UTC;0;1014,4;1014,4;1013,9;0;25,1;18,4;25,6;25,1;18,4;17,8;66;62;66;177;4,7;1,7;
2026/01/07;0000 UTC;0;1014,6;1014,7;1014,4;0;24,6;18,7;25,1;24,6;18,8;18,4;70;66;70;167;4,9;1,5;
2026/01/07;0100 UTC;0;1015,3;1015,3;1014,6;0;23,9;18,7;24,7;23,9;18,8;18,3;72;69;72;144;4,2;,7;
2026/01/07;0200 UTC;0;1015;1015,3;1014,9;0;23,6;18,9;24,1;23,4;18,9;18,6;75;72;75;136;3,2;1;
2026/01/07;0300 UTC;0;1014,2;1015;1014,2;0;21,8;19,3;23,6;21,8;19,3;18,9;86;75;86;85;2,5;0;
2026/01/07;0400 UTC;0;1013,5;1014,2;1013,5;0;21,7;19,6;22,5;21,7;19,6;19,2;88;83;88;31;1,7;0;
2026/01/07;0500 UTC;0;1012,9;1013,5;1012,9;0;21,9;19,6;22,7;21,6;19,7;19,3;88;81;87;135;1,3;0;
2026/01/07;0600 UTC;0;1012,6;1012,9;1012,6;0;21,2;19,6;22;21,2;19,7;19,3;90;86;90;41;1,3;0;
2026/01/07;0700 UTC;0;1012,6;1012,7;1012,6;0;21,4;19,9;21,4;21,1;19,9;19,6;91;90;91;107;,9;0;
2026/01/07;0800 UTC;0;1013,1;1013,1;1012,5;0;21,9;19,9;22;21,4;20,1;19,8;91;88;89;343;,9;0;
2026/01/07;0900 UTC;0;1013,3;1013,4;1013,1;37,4;22,7;20,3;22,7;21,7;20,4;19,9;90;87;87;143;,9;,1;
2026/01/07;1000 UTC;0;1013,8;1013,8;1013,3;263,4;24,1;20,1;24,1;22,7;20,6;19,7;87;78;79;141;2,3;,5;
2026/01/07;1100 UTC;0;1014;1014,1;1013,8;907,8;25,4;20,3;25,8;24;20,4;19,7;79;71;74;118;2,7;,4;
2026/01/07;1200 UTC;0;1014,3;1014,3;1014;1209,7;26,7;20,2;26,9;25,3;20,7;19,6;74;66;68;103;2,4;,4;
2026/01/07;1300 UTC;0;1014,2;1014,3;1014,2;1239,6;27;20;27,1;26,3;20,7;19,6;69;65;65;152;3,1;1,1;
2026/01/07;1400 UTC;0;1014,1;1014,3;1014,1;1248,2;27,3;19,8;27,5;27;20,6;19,1;68;61;63;150;2,7;1,3;
2026/01/07;1500 UTC;0;1013,9;1014,1;1013,9;828,7;27,2;20,1;27,5;27,1;20,2;19,4;66;62;65;152;3,5;1,6;
2026/01/07;1600 UTC;0;1013,9;1014;1013,8;844,7;26,9;21,7;27,5;26,5;21,8;20,1;74;65;73;138;4,9;1,5;
2026/01/07;1700 UTC;0;1013,2;1013,9;1013,2;735;25,3;21,4;27;25,1;21,7;21;80;71;79;133;4,4;,9;
2026/01/07;1800 UTC;0;1012,6;1013,2;1012,6;579,7;25,5;21,1;25,7;25,2;21,8;20,8;81;75;77;121;3,3;,6;
2026/01/07;1900 UTC;0;1011,9;1012,7;1011,9;660;25,7;20,6;26,4;25,4;21,4;20,3;79;70;74;127;4,3;2;
2026/01/07;2000 UTC;0;1012;1012,1;1011,9;362,1;25;21,6;25,7;25;21,6;20,4;81;73;81;150;4,7;1,8;
2026/01/07;2100 UTC;0;1011,8;1012,1;1011,7;298,4;25,1;21,5;25,3;25;21,8;21,3;82;79;81;155;3,9;,2;
2026/01/07;2200 UTC;0;1011,8;1011,9;1011,7;46;24,7;21,4;25,2;24,4;21,5;21,2;84;79;82;210;2;0;
2026/01/07;2300 UTC;0;1012,2;1012,2;1011,6;0;23,4;21,5;24,7;23,4;21,5;21,3;89;82;89;347;,7;0;
2026/01/08;0000 UTC;0;1012,3;1012,3;1012;0;23,1;21,5;23,4;23,1;21,6;21,4;91;89;91;88;0;0;
2026/01/08;0100 UTC;0;1012,5;1012,6;1012,3;0;23,4;21,5;23,4;23,1;21,7;21,3;91;89;89;18;1,2;,1;
2026/01/08;0200 UTC;0;1012,5;1012,8;1012,5;0;23,9;20,9;24,1;23,3;21,6;20,9;89;82;83;298;3,3;,1;
2026/01/08;0300 UTC;0;1012,1;1012,5;1012;0;23,1;21,4;24,6;23,1;21,4;21;90;81;90;29;1,5;0;
2026/01/08;0400 UTC;;;;;;;;;;;;;;;;;;
2026/01/08;0500 UTC;0;1011,6;1011,7;1011,6;0;22,8;21,5;23,2;22,6;21,7;21,2;92;91;92;330;,9;0;
2026/01/08;0600 UTC;0;1011,3;1011,7;1011,3;0;22,4;21,3;22,8;22,4;21,5;21,3;93;92;93;93;,9;0;
2026/01/08;0700 UTC;0;1011,5;1011,5;1011,1;0;22,3;21,3;22,5;22,3;21,4;21,2;94;93;94;55;0;0;
2026/01/08;0800 UTC;0;1011,5;1011,6;1011,3;0;22,4;21,4;22,4;22,3;21,4;21,2;94;94;94;345;0;0;
2026/01/08;0900 UTC;0;1012,2;1012,2;1011,5;37,6;22,7;21,8;22,7;22,2;21,8;21,3;95;94;95;36;,6;0;
2026/01/08;1000 UTC;0;1012,5;1012,5;1012,2;365,2;25;22,9;25;22,7;22,9;21,8;95;88;88;128;2,3;,5;
2026/01/08;1100 UTC;0;1012,6;1012,8;1012,5;1432,9;28,4;23,3;28,4;25;23,4;22,5;88;74;74;154;2,3;,9;
2026/01/08;1200 UTC;0;1012,6;1012,7;1012,5;2225,6;30;20,6;30,9;27,6;23,3;20,3;74;55;57;114;3,6;1,4;
2026/01/08;1300 UTC;0;1012,4;1012,7;1012,4;2442,8;32,1;20;32,9;29,8;21,1;18,9;58;45;49;108;5,9;2,4;
2026/01/08;1400 UTC;0;1012;1012,4;1012;1733,4;32,4;18,7;32,7;31,8;19,9;18,2;49;43;44;56;5,3;1,8;
2026/01/08;1500 UTC;0;1011,4;1012;1011,4;1826,4;33,3;20,1;33,3;32,3;20,1;18,5;47;43;46;51;5,1;2,3;
2026/01/08;1600 UTC;0;1010,9;1011,4;1010,9;2147,4;34,4;19,1;34,4;33;20,6;18,8;47;40;41;179;5,1;,7;
2026/01/08;1700 UTC;0;1010,6;1010,9;1010,5;2319,2;34,8;17,8;35,4;33,6;19;17,6;41;35;37;128;4,5;2;
2026/01/08;1800 UTC;0;1010;1010,6;1010;2260;34,8;18,8;35,5;34,4;19,2;16,6;40;34;39;247;4,5;,7;
2026/01/08;1900 UTC;0;1009,8;1010;1009,6;1167,7;33,2;21;35,1;33;21;16,7;49;34;49;230;4,3;1,8;
2026/01/08;2000 UTC;0;1009,9;1009,9;1009,6;960,9;32;20,3;34,1;32;21,4;20,2;50;45;50;213;4,3;1,5;
2026/01/08;2100 UTC;0;1010,3;1010,4;1009,9;298,7;30,8;20,7;32;30,8;20,7;20;55;50;55;188;3,4;,5;
2026/01/08;2200 UTC;0;1010,6;1010,6;1010,3;35,4;28,7;20,7;30,7;28,7;20,9;20,2;62;54;62;203;1,9;0;
2026/01/08;2300 UTC;0;1011,1;1011,1;1010,6;0;25,8;21,4;28,7;25,8;21,5;20,6;77;62;76;32;,8;0;
2026/01/09;0000 UTC;0;1011,3;1011,3;1010,6;0;24,8;21,3;27,5;24,7;21,4;20,7;82;67;81;37;1,7;0;
2026/01/09;0100 UTC;0;1011,7;1011,7;1011,3;0;24,4;21;25;24,3;21,2;20,8;82;79;81;36;,6;0;
2026/01/09;0200 UTC;0;1012,1;1012,2;1011,7;0;24;21,5;24,5;24;21,6;21;86;81;86;358;0;0;
2026/01/09;0300 UTC;0;1011,8;1012,1;1011,8;0;23,4;21,9;24,1;23,4;22;21,5;91;86;91;37;0;0;
2026/01/09;0400 UTC;0;1011,4;1011,8;1011,4;0;23,5;21,9;23,8;23,3;22,2;21,7;92;90;91;22;,9;0;
2026/01/09;0500 UTC;0;1011,2;1011,5;1011,2;0;22,9;21,5;23,5;22,9;21,9;21,5;92;91;92;25;,6;0;
2026/01/09;0600 UTC;0;1011,4;1011,5;1011,2;0;22,6;21,3;23,2;22,5;21,8;21,1;93;91;93;88;,6;0;
2026/01/09;0700 UTC;0;1011,7;1011,7;1011,4;0;22;20,9;22,6;22;21,3;20,9;94;92;93;83;0;0;
2026/01/09;0800 UTC;0;1012,2;1012,2;1011,7;0;22,1;21,2;22,6;22;21,7;21,1;95;93;95;56;0;0;
2026/01/09;0900 UTC;0;1012,5;1012,5;1012,2;60,1;24,1;22,9;24,1;22,1;22,9;21,2;95;93;93;153;1,9;,4;
2026/01/09;1000 UTC;0;1012,6;1012,6;1012,4;647,9;27,5;23,1;27,5;24,2;23,3;22,8;93;76;77;142;2,8;,3;
2026/01/09;1100 UTC;0;1012,5;1012,7;1012,5;1590,7;30;23,2;30;27,5;23,4;22,5;77;65;67;166;3,5;1;
2026/01/09;1200 UTC;0;1012,4;1012,5;1012,4;2355,8;32,6;23,1;32,6;30;23,3;21,8;67;56;58;28;3,5;,3;
2026/01/09;1300 UTC;0;1012,2;1012,5;1012,2;3129,9;33,8;21,2;34,4;32,5;22,6;20,8;57;46;48;154;5,5;2,3;
2026/01/09;1400 UTC;0;1011,7;1012,2;1011,7;3604,6;35,4;20,7;35,9;33,5;21,4;19,9;49;41;42;144;5,5;2;
2026/01/09;1500 UTC;0;1011,2;1011,7;1011,2;3468,6;36,6;20,5;36,6;35;21,6;19,7;44;39;39;175;4,9;2,1;
2026/01/09;1600 UTC;0;1010,6;1011,2;1010,6;3807,6;36,9;21,4;37,6;35,9;22;19,8;43;38;41;221;7,5;2,5;
2026/01/09;1700 UTC;0;1009,9;1010,6;1009,9;3593,7;36,7;19,9;37,3;35,9;22;19,9;43;37;38;236;6,4;2,8;
2026/01/09;1800 UTC;0;1009,2;1009,9;1009,2;3088,5;36,9;20,7;37,5;36,4;21,3;19,5;40;36;39;222;6;2,5;
2026/01/09;1900 UTC;0;1009,1;1009,3;1009;2363,9;35,3;20,5;37,2;35,2;21,2;20,1;43;38;42;246;7,6;2,9;
2026/01/09;2000 UTC;0;1009,2;1009,3;1009,1;1437,3;34,5;20;35,7;34,4;21,1;20;44;42;43;239;7,6;2,8;
2026/01/09;2100 UTC;0;1009,6;1009,6;1009,2;587,3;33,3;21,2;34,5;33,3;21,3;19,7;49;42;49;261;7,2;2,7;
2026/01/09;2200 UTC;0;1010,4;1010,4;1009,6;70;30,3;22,7;33,3;30,3;22,7;21,2;64;49;64;9;6,5;2,3;
2026/01/09;2300 UTC;0;1010,9;1010,9;1010,4;0;28,3;23,3;30,3;28,3;23,3;22,7;74;64;74;350;4,7;1,8;
2026/01/10;0000 UTC;0;1011,6;1011,6;1010,9;0;27,3;23,3;28,4;27,3;23,4;23,2;79;74;79;344;6;2,1;
2026/01/10;0100 UTC;0;1011,6;1011,7;1011,6;0;26,9;23;27,3;26,9;23,4;22,9;80;78;79;358;6;1,9;
2026/01/10;0200 UTC;0;1011,6;1011,7;1011,6;0;26,3;23,3;26,9;26,3;23,3;23;84;79;84;8;4,8;1,8;
2026/01/10;0300 UTC;0;1011,1;1011,6;1011,1;0;26,4;23,2;26,6;26,2;23,3;23;84;81;83;5;5,1;2,5;
2026/01/10;0400 UTC;0;1011;1011,1;1010,8;0;26,3;23,2;26,5;26,2;23,3;23,1;83;82;83;5;5,2;2;
2026/01/10;0500 UTC;0;1010,8;1011,1;1010,8;0;25,4;22,9;26,5;25,4;23,2;22,9;86;82;86;49;3,8;,3;
2026/01/10;0600 UTC;0;1010,4;1010,8;1010,4;0;24;22,6;25,5;24;23,2;22,3;92;86;91;20;2,6;0;
2026/01/10;0700 UTC;0;1010,7;1010,7;1010,3;0;23,6;22,5;24;23,5;22,8;22,3;94;91;94;78;0;0;
2026/01/10;0800 UTC;0;1011,1;1011,1;1010,7;0;24,6;22,9;24,6;23,2;23,1;22,2;95;90;90;120;2,2;,5;
2026/01/10;0900 UTC;0;1011,4;1011,4;1011,1;67,2;25,1;22,4;25,1;24,5;22,8;22,4;90;85;85;125;2,3;,4;
2026/01/10;1000 UTC;0;1011,5;1011,6;1011,3;669,7;27,3;23,1;27,3;25,1;23,3;22,5;85;78;78;129;2,7;1;
2026/01/10;1100 UTC;0;1011,6;1011,7;1011,5;1603,2;29,7;23,2;29,7;27,3;23,5;22,8;78;67;69;155;3,1;,9;
2026/01/10;1200 UTC;0;1011,8;1011,9;1011,6;2434,8;31,7;21,8;32,3;29,3;23,3;21,7;69;55;56;69;4,4;,7;
2026/01/10;1300 UTC;0;1011,3;1011,8;1011,3;3120,3;33,1;21,1;33,7;31,5;22,5;21;57;48;49;120;6,9;3,1;
2026/01/10;1400 UTC;0;1010,8;1011,3;1010,8;3676,8;34,5;20,3;35;32,6;21,9;20;51;43;44;103;6,9;2,8;
2026/01/10;1500 UTC;0;1010;1010,8;1010;3965,7;35;18,2;35,8;34,2;21,3;18,2;45;36;37;104;9,3;2,9;
2026/01/10;1600 UTC;0;1009,2;1010;1009,1;3920,3;36,2;15,9;36,9;34,9;19,5;15,9;39;30;30;98;9,3;3,7;
2026/01/10;1700 UTC;0;1008,2;1009,2;1008,1;3690,5;36,9;16,1;37,6;35,8;18,1;16;34;29;29;96;9,1;3,8;
2026/01/10;1800 UTC;0;1007,3;1008,2;1007,3;3180,7;37;16,2;37,9;36,7;17,6;16;32;29;29;125;7,2;3,7;
2026/01/10;1900 UTC;0;1006,5;1007,3;1006,5;2478;37,4;16,4;38,2;37;17,1;14,3;30;25;29;120;10,4;2,2;
2026/01/10;2000 UTC;0;1006,2;1006,6;1006,2;1587,5;36,4;17,7;37,8;36,3;18,4;16,3;34;29;33;142;6,1;2,6;
2026/01/10;2100 UTC;0;1006,1;1006,2;1006;699,1;35,3;17,8;36,5;35,2;18,5;17,4;36;33;36;109;6,1;1,8;
2026/01/10;2200 UTC;0;1006,7;1006,7;1006,1;69;33,8;15,9;35,3;33,4;18;15,7;38;34;34;69;5;1,7;
2026/01/10;2300 UTC;0;1007,4;1007,4;1006,7;0;31,4;20,2;34;31,4;20,2;15,5;51;33;51;137;5,3;2,1;
2026/01/11;0000 UTC;0;1008,6;1008,6;1007,4;0;29,7;20,6;31,4;29,7;20,6;20;58;51;58;149;4,6;1,2;
2026/01/11;0100 UTC;0;1009,1;1009,1;1008,6;0;26,7;20,8;29,7;26,7;20,8;20,4;70;58;70;100;3,1;0;
2026/01/11;0200 UTC;0;1009,4;1009,5;1009,1;0;24,6;20,9;26,7;24,4;21,1;20,4;80;70;80;20;1,3;0;
2026/01/11;0300 UTC;0;1009;1009,5;1009;0;23,1;20,6;24,6;23,1;21;20,3;86;80;86;24;,6;,1;
2026/01/11;0400 UTC;0;1008,4;1009;1008,4;0;22,7;20,6;23,4;22,6;20,9;20,3;88;84;88;97;,9;0;
2026/01/11;0500 UTC;0;1008;1008,4;1008;0;22,6;20,5;22,8;22,4;20,7;20,3;89;87;88;21;,7;0;
2026/01/11;0600 UTC;0;1008;1008,1;1007,9;0;21,8;20,2;22,7;21,7;20,5;19,9;91;87;91;23;,5;0;
2026/01/11;0700 UTC;0;1008;1008,2;1007,9;0;21,7;20,2;22;21,7;20,5;20,1;91;90;91;30;,5;0;
2026/01/11;0800 UTC;0;1008,6;1008,6;1008;0;21,3;20,2;21,7;21,1;20,2;19,9;93;91;93;22;0;0;
2026/01/11;0900 UTC;0;1009,4;1009,4;1008,6;54,2;22,7;21,3;22,7;21,1;21,3;20;94;92;92;1;,8;0;
2026/01/11;1000 UTC;0;1009,6;1009,6;1009,4;671,2;27,6;21,1;27,7;22,7;21,9;20,9;92;68;68;135;2,4;1,3;
2026/01/11;1100 UTC;0;1009,4;1009,6;1009,4;1657,4;30,8;20,6;30,8;27,6;21,4;20,2;69;54;55;96;4,5;1,8;
2026/01/11;1200 UTC;0;1009,5;1009,5;1009,4;2512,4;32,7;19;33;30,6;20,7;19;55;44;44;123;4,2;2;
2026/01/11;1300 UTC;0;1009,2;1009,6;1009,2;3207,3;34,8;17,8;35,2;32,5;19,5;17,3;46;36;36;131;6,6;2,1;
2026/01/11;1400 UTC;0;1008,7;1009,3;1008,6;3660,5;36,5;16,6;36,8;34,6;19;16,4;38;31;31;1;6,6;1,3;
2026/01/11;1500 UTC;0;1008;1008,7;1008;3947,6;36,9;15,4;38;36,2;16,6;14,8;31;26;28;112;7,9;3,9;
2026/01/11;1600 UTC;0;1007,4;1008;1007,4;3992,5;38,4;12,2;38,9;36,8;15,5;8,9;29;16;21;85;8,7;3,6;
2026/01/11;1700 UTC;0;1006,5;1007,4;1006,5;3737,2;39;14,7;39,1;37,6;14,7;10;25;18;24;122;7,8;2,9;
2026/01/11;1800 UTC;0;1005,8;1006,5;1005,8;3227,6;38,6;11,9;39,7;38,4;14,8;11,3;24;19;20;74;7,4;2,9;
2026/01/11;1900 UTC;0;1005,4;1005,8;1005,4;2502,6;38,5;17,7;39,7;38,4;18;9,4;30;17;30;213;6,5;2,4;
2026/01/11;2000 UTC;0;1005,2;1005,4;1005,1;1579,2;37,7;17,4;38,7;37,3;18,2;15,7;31;28;30;205;7,1;2,1;
2026/01/11;2100 UTC;0;1005,5;1005,5;1005,1;719,1;35,3;18,3;37,7;35,3;18,8;16,9;37;31;37;195;5,5;1,6;
2026/01/11;2200 UTC;0;1006;1006;1005,5;80,5;33;19,4;35,3;33;19,4;18,2;45;37;45;218;3,9;1,3;
2026/01/11;2300 UTC;0;1006,6;1006,6;1006;0;30,5;19,6;33;30,5;20;19,4;52;45;52;198;3;,6;
2026/01/12;0000 UTC;0;1007,5;1007,5;1006,6;0;30,6;21,5;31,8;28,8;21,5;19,7;60;51;59;117;3,4;1,6;
2026/01/12;0100 UTC;0;1007,9;1007,9;1007,5;0;28,4;21,2;30,6;28,4;21,6;21;65;59;65;118;3,3;,5;
2026/01/12;0200 UTC;0;1007,8;1008;1007,8;0;25,9;21,4;28,4;25,9;21,5;21,2;76;65;76;24;1,5;0;
2026/01/12;0300 UTC;0;1007,6;1007,8;1007,6;0;24,9;21,3;26;24,9;21,5;21,3;80;75;80;118;,7;0;
2026/01/12;0400 UTC;0;1007,1;1007,6;1007,1;0;24,1;21,2;25;24,1;21,4;21,1;84;80;84;45;,4;0;
2026/01/12;0500 UTC;0;1006,8;1007,2;1006,8;0;23,8;21,4;24,2;23,7;21,6;21,1;87;84;87;356;1,1;0;
2026/01/12;0600 UTC;0;1007;1007;1006,8;0;23,1;21,4;23,8;23,1;21,7;21,2;91;87;90;7;,5;0;
2026/01/12;0700 UTC;0;1007,4;1007,4;1007;0;22,8;21,2;23,2;22,7;21,5;21,1;91;89;91;40;,5;0;
2026/01/12;0800 UTC;0;1007,9;1007,9;1007,4;0;22,4;20,9;22,9;22,4;21,3;20,9;92;91;91;358;1,1;0;
2026/01/12;0900 UTC;0;1008,6;1008,6;1007,9;51,7;23,6;22;23,6;22,3;22;20,8;92;91;91;19;,8;0;
2026/01/12;1000 UTC;0;1009,1;1009,1;1008,6;657,8;29,4;22,1;29,4;23,6;23;21,9;91;64;65;112;1,2;,2;
2026/01/12;1100 UTC;0;1009,1;1009,2;1009;1606,5;32,6;20,1;32,6;29,3;22,1;19;65;47;48;64;3,5;1,6;
2026/01/12;1200 UTC;0;1009,1;1009,2;1009;2467,1;35;16,7;35,1;32,3;19,9;16,4;48;33;34;70;7;3,4;
2026/01/12;1300 UTC;0;1008,8;1009,2;1008,8;3182,1;36,5;16,3;36,6;34,9;18,8;15,9;38;30;30;109;8,1;3,5;
2026/01/12;1400 UTC;0;1008,4;1008,8;1008,3;3675,1;37,5;16,5;37,6;36,3;17;15,3;31;28;29;95;11;3,9;
2026/01/12;1500 UTC;0;1007,6;1008,5;1007,6;3789,7;38,6;16,6;38,9;36,9;16,9;15,6;30;27;28;69;7,2;2,1;
2026/01/12;1600 UTC;0;1007;1007,6;1007;2162,8;39,5;14,9;39,5;37;16,7;13;28;23;24;124;9,4;2,6;
2026/01/12;1700 UTC;0;1006,3;1007;1006,3;3694,5;40,1;13,4;40,7;38,9;15,9;12,8;25;20;21;128;5,7;2,6;
2026/01/12;1800 UTC;0;1005,9;1006,3;1005,8;3114,4;39,6;17,3;40,8;39;17,4;12,7;28;20;27;237;6,2;3,1;
2026/01/12;1900 UTC;0;1005,5;1005,9;1005,5;2411,6;38,3;16,9;39,8;38,3;18;16,6;29;27;28;255;7,1;2,7;
2026/01/12;2000 UTC;0;1005,4;1005,5;1005,3;1545,5;36,6;16,1;38,6;36,6;17,1;15,4;30;27;30;245;7,5;3,4;
2026/01/12;2100 UTC;0;1005,6;1005,6;1005,4;685,6;35;15,8;36,7;35;16,5;15,6;32;30;32;251;7,3;2,5;
2026/01/12;2200 UTC;0;1006,7;1006,7;1005,6;74,5;33,3;16,5;35;32,7;16,5;15,4;38;32;37;211;8,2;1,3;
2026/01/12;2300 UTC;0;1007,4;1007,4;1006,7;0;28,5;18,3;33,3;28,5;18,3;16,4;54;37;54;51;3;0;
2026/01/13;0000 UTC;0;1008,4;1008,4;1007,4;0;27,4;19;28,5;27,3;19,2;18,2;61;54;60;313;,8;0;
2026/01/13;0100 UTC;0;1008,7;1008,7;1008,4;0;26,7;20,9;27,4;26,6;20,9;19;71;60;71;29;,1;0;
2026/01/13;0200 UTC;0;1008,3;1008,7;1008,3;0;26,3;21,8;26,7;26;21,8;20,8;76;70;76;4;0;0;
2026/01/13;0300 UTC;0;1008,4;1008,6;1008,3;0;27;20,8;28;26;22,4;20,8;78;69;69;7;3,4;1;
2026/01/13;0400 UTC;0;1007,9;1008,4;1007,9;0;26,5;20,9;27,3;25,5;21,1;20,5;75;67;71;13;2,4;1,2;
2026/01/13;0500 UTC;0;1007,6;1007,9;1007,6;0;25,8;20,7;26,9;25,4;20,9;20,6;75;69;73;39;2,4;,6;
2026/01/13;0600 UTC;0;1007,3;1007,6;1007,3;0;25,4;20,6;25,8;24,9;20,9;20,5;77;73;75;15;2,1;1;
2026/01/13;0700 UTC;0;1007,6;1007,6;1007,3;0;24,1;20,7;25,6;24,1;20,7;20,4;81;74;81;146;1,6;0;
2026/01/13;0800 UTC;0;1008,3;1008,3;1007,6;0;23,6;20,7;24,2;23,6;20,9;20,6;84;81;84;77;1,2;0;
2026/01/13;0900 UTC;0;1009,3;1009,3;1008,3;52;24,8;21,1;24,8;23,6;21,3;20,7;84;80;80;26;1,1;,2;
2026/01/13;1000 UTC;0;1010;1010;1009,3;608,7;30,3;21,1;30,3;24,8;22;20,9;80;58;58;216;1,5;,4;
2026/01/13;1100 UTC;0;1010,3;1010,3;1010;1538;32,7;21,8;32,7;30,3;21,8;20,6;58;52;53;122;2,7;,6;
2026/01/13;1200 UTC;0;1010,7;1010,7;1010,3;2365;34,5;20,7;35,1;32;21,6;20,4;53;43;45;125;5,1;1,8;
2026/01/13;1300 UTC;0;1010,5;1010,7;1010,5;2849,4;34,8;22,6;35,9;34,4;22,6;20;49;41;49;278;4,7;1,6;
2026/01/13;1400 UTC;0;1011,1;1011,1;1010,5;3113,5;33,6;24,1;35,5;32,3;24,2;22,3;58;48;58;232;6,8;3;
2026/01/13;1500 UTC;0;1010,9;1011,3;1010,9;3969,2;33,5;24;34,1;32,4;24,6;23,4;61;56;57;231;7,5;2,7;
2026/01/13;1600 UTC;0;1010,9;1011;1010,6;3191,9;32,7;23,5;34,2;32;24,3;23,1;61;54;59;228;9;3,9;
2026/01/13;1700 UTC;0;1009,8;1011;1009,7;3683,2;33,5;22,8;33,6;32,4;23,7;22,6;59;54;54;230;9;4,2;
2026/01/13;1800 UTC;0;1011,1;1011,1;1009,2;1779,4;31,4;22,4;33,5;31,2;23;21,6;60;54;59;213;9,3;2,7;
2026/01/13;1900 UTC;0;1010,5;1011,4;1010,5;1540,7;31,1;22,2;32,7;31;22,9;21,6;60;54;59;236;7,7;2,6;
2026/01/13;2000 UTC;0;1010;1010,5;1009,9;646,5;31,1;21,7;31,5;30,6;22,6;21,7;61;57;58;179;6,9;1,5;
2026/01/13;2100 UTC;0;1010,4;1010,5;1009,6;417,9;29,7;21,8;31,1;29,7;22,1;21,6;62;57;62;157;5,3;2,2;
2026/01/13;2200 UTC;0;1010,9;1010,9;1010,3;59,2;28,7;21,2;29,7;28,7;21,8;21,2;64;62;64;88;6,3;,1;
2026/01/13;2300 UTC;0;1011,3;1011,3;1010,9;0;26,7;21,6;28,7;26,7;21,6;21,2;74;64;74;34;1,7;0;
2026/01/14;0000 UTC;0;1012,4;1012,4;1011,3;0;26,4;21,8;27;26,2;22;21,6;77;73;76;52;2,2;0;
2026/01/14;0100 UTC;0;1012,7;1012,8;1012,4;0;26,9;22,6;26,9;25,6;22,6;21,8;81;76;77;156;1,9;,3;
2026/01/14;0200 UTC;0;1013;1013,1;1012,7;0;26,8;22,4;27,3;25,9;22,7;22,1;81;75;77;117;1,9;,5;
2026/01/14;0300 UTC;0;1012,2;1013;1012,2;0;27,5;20,4;27,5;26,1;22,5;20,4;81;66;66;328;3;1,1;
2026/01/14;0400 UTC;0;1011,1;1012,2;1011,1;0;27;19,9;27,6;27;20,1;19,6;65;62;65;350;4,4;2;
2026/01/14;0500 UTC;0;1010,6;1011,1;1010,5;0;25,2;19,9;27;25,1;20;19,7;72;65;72;93;4,7;,2;
2026/01/14;0600 UTC;0;1010,6;1010,8;1010,5;0;25,2;21,8;25,7;25;21,9;19,7;82;70;82;163;2,5;,5;
2026/01/14;0700 UTC;0;1011,1;1011,1;1010,6;0;24;21,8;25,6;24;22,2;21,6;88;81;88;19;2,9;0;
2026/01/14;0800 UTC;0;1011,4;1011,4;1011;0;23,4;21,7;24;23,4;21,9;21,7;90;88;90;59;1;0;
2026/01/14;0900 UTC;0;1011,9;1012;1011,4;49,1;24,5;21,3;24,5;23;22;21,3;92;83;83;48;2,9;,9;
2026/01/14;1000 UTC;0;1012,3;1012,4;1011,9;605,6;27,2;19,5;27,4;24,4;21,3;19,3;83;62;63;22;2,9;1,3;
2026/01/14;1100 UTC;0;1012,3;1012,5;1012,3;1570,6;29,5;20,1;29,7;27,2;20,2;19,3;63;55;57;263;2,8;,5;
2026/01/14;1200 UTC;0;1012,3;1012,4;1012,2;2327,6;31,3;19,5;32;29,5;20,3;19,2;57;48;50;86;3,5;1,4;
2026/01/14;1300 UTC;0;1012,1;1012,4;1012,1;3104,2;33,1;19,4;33,5;31,2;20;18,7;50;44;45;59;4,7;2,2;
2026/01/14;1400 UTC;0;1011,7;1012,1;1011,6;3447,8;34,3;20,7;35,2;32,7;21;19,2;46;43;45;63;8,1;2,7;
2026/01/14;1500 UTC;0;1010,9;1011,7;1010,9;3479,3;35,1;19,8;35,5;33,7;21;19,4;46;40;41;96;8,1;2,6;
2026/01/14;1600 UTC;0;1010,1;1010,9;1010,1;3801,6;36;19;37,4;34,8;20,4;17,9;42;35;37;110;8,5;3,9;
2026/01/14;1700 UTC;0;1009,1;1010,1;1009,1;3773,5;36,8;18,1;38;35,7;19,2;17,9;37;32;34;144;7,7;1,6;
2026/01/14;1800 UTC;3,6;1008,8;1009,1;1008,6;604,5;27,1;22,3;36,8;27,1;23,3;18,1;76;33;75;212;14;3,2;
2026/01/14;1900 UTC;1,4;1009;1009,1;1008,5;701,7;25,7;20,9;29,1;25,7;24,5;20,3;82;63;75;130;15,3;2;
2026/01/14;2000 UTC;,8;1010,1;1010,3;1009;95,8;25,5;22,8;26,3;25,5;23,2;21;86;75;85;4;5,6;1,3;
2026/01/14;2100 UTC;0;1009,2;1010,1;1009,1;53,8;25,3;23,4;25,5;24,8;23,8;22,4;91;84;89;147;2,5;,7;
2026/01/14;2200 UTC;0;1009,7;1009,8;1009,2;22;25,5;23,4;26;25,3;24,2;23,3;92;86;88;25;2,3;,8;
2026/01/14;2300 UTC;0;1010,4;1010,4;1009,7;0;25,6;24;27;25,3;24;22,6;91;77;91;47;2,7;0;
2026/01/15;0000 UTC;0;1011;1011;1010,3;0;25,7;23,2;25,9;25;24;23;91;85;86;57;0;0;
2026/01/15;0100 UTC;0;1011,5;1011,5;1011;,2;26;23,2;26,3;25,7;23,7;23;88;82;85;40;3,5;,6;
2026/01/15;0200 UTC;0;1011,6;1011,6;1011,5;0;25,3;23,5;26;25,3;23,5;23;89;84;89;26;3,5;0;
2026/01/15;0300 UTC;0;1011,5;1011,6;1011,5;0;25,6;22,3;25,6;25,2;23,5;22,3;90;82;82;349;3,5;1,1;
2026/01/15;0400 UTC;0;1011;1011,5;1011;0;25,4;21,3;26,3;25,2;22,2;21;82;74;78;341;4,5;,4;
2026/01/15;0500 UTC;0;1010,8;1011;1010,8;0;26;20,6;26,4;25,4;21,5;20,4;79;70;72;360;4,6;1,2;
2026/01/15;0600 UTC;0;1010,2;1010,8;1010,2;0;24,3;21,4;26;23,9;21,6;20,6;86;72;84;236;3,3;0;
2026/01/15;0700 UTC;0;1010,5;1010,5;1010,2;0;23;21,5;24,3;23;21,7;21,4;91;84;91;122;1,8;,1;
2026/01/15;0800 UTC;0;1011,1;1011,1;1010,5;0;22,8;21,7;23,1;22,8;21,8;21,6;94;91;94;27;1;0;
2026/01/15;0900 UTC;0;1011,7;1011,7;1011,1;50,5;23,7;22,7;23,7;22,8;22,7;21,7;94;94;94;139;,8;0;
2026/01/15;1000 UTC;0;1012,3;1012,3;1011,7;556,1;26,5;22,2;26,6;23,7;23;22,1;94;77;77;139;3,4;1,7;
2026/01/15;1100 UTC;0;1012,5;1012,5;1012,3;1609,4;29,1;21,8;29,3;26,5;22,5;21,3;78;63;65;175;3,9;2;
2026/01/15;1200 UTC;0;1012,7;1012,7;1012,5;2335,3;30,5;21,4;30,6;28,5;22,3;21,2;67;59;59;136;5,1;2,2;
2026/01/15;1300 UTC;0;1012,8;1012,8;1012,6;3151,5;31,8;21,1;32,2;30,2;21,6;20,4;59;52;53;95;5,3;1,4;
2026/01/15;1400 UTC;0;1012,3;1012,8;1012,3;3562,5;32,9;20,1;33,4;31,8;21,5;20,1;53;47;47;191;5,6;1,5;
2026/01/15;1500 UTC;0;1011,7;1012,3;1011,7;3974,3;35,4;20,5;35,5;32,9;21,4;19,3;48;42;42;170;6,6;2,7;
2026/01/15;1600 UTC;0;1010,9;1011,7;1010,9;3591,9;35,2;19,9;35,8;34;20,6;19,4;44;40;41;115;7,1;2,3;
2026/01/15;1700 UTC;0;1009,8;1010,9;1009,8;2788,1;35,3;19;36,1;34;20,3;18,9;44;38;38;145;6,4;2;
2026/01/15;1800 UTC;0;1009;1009,8;1009;1997,6;35,6;18,5;36,5;34,5;19,6;18;40;36;37;216;6,4;1;
2026/01/15;1900 UTC;0;1009;1009;1008,8;1502,9;34,3;19,1;36,5;34,3;19,4;18,2;41;36;41;149;5,9;1,9;
2026/01/15;2000 UTC;0;1009,6;1009,6;1008,8;267,5;31,2;19,9;34,6;31,2;19,9;18,8;51;40;51;355;7,1;3,5;
2026/01/15;2100 UTC;2,4;1011,4;1011,4;1009,5;27,2;23,1;21;31,2;23,1;22,1;19,8;88;51;88;4;12,6;6;
2026/01/15;2200 UTC;18;1012,1;1012,5;1011,4;,9;23,7;22,4;23,8;21,9;22,5;20,5;94;88;92;348;12,6;1,1;
2026/01/15;2300 UTC;0;1012,1;1012,1;1011,9;,3;24,4;22,8;24,5;23,6;22,9;22,3;93;91;91;352;3,7;,9;
2026/01/16;0000 UTC;0;1012,6;1012,6;1012,1;,1;24,1;23;24,5;24;23,2;22,7;94;90;94;60;3;0;
2026/01/16;0100 UTC;0;1013,1;1013,1;1012,6;0;23,8;23;24,1;23,7;23,1;22,8;95;94;95;153;,6;0;
2026/01/16;0200 UTC;0;1012,9;1013,2;1012,9;0;23,5;22,8;23,9;23,5;23,2;22,8;96;95;96;81;0;0;
2026/01/16;0300 UTC;0;1012,4;1012,9;1012,4;0;23,3;22,6;23,5;23,2;22,9;22,6;96;96;96;14;,4;0;
2026/01/16;0400 UTC;0;1011,9;1012,4;1011,9;0;22,9;22,3;23,3;22,8;22,6;22,3;97;96;97;20;0;0;
2026/01/16;0500 UTC;0;1011,4;1011,9;1011,4;0;22,7;22;22,9;22,5;22,4;21,9;97;96;96;46;,9;0;
2026/01/16;0600 UTC;0;1011,2;1011,4;1011,2;0;23,1;22,5;23,1;22,7;22,5;22,1;96;96;96;22;0;0;
2026/01/16;0700 UTC;0;1011,3;1011,3;1011,2;0;22,8;22,2;23,1;22,8;22,5;22,2;97;96;96;20;0;0;
2026/01/16;0800 UTC;0;1011,5;1011,5;1011,3;0;22,6;22;22,8;22,5;22,2;21,9;97;96;97;73;0;0;
2026/01/16;0900 UTC;0;1012,1;1012,1;1011,5;76,7;23,4;22,9;23,4;22,5;22,9;22;97;97;97;89;,5;0;
2026/01/16;1000 UTC;0;1012,1;1012,2;1012;576,6;25,7;22;25,8;23,4;23,2;21,9;97;80;80;147;2;,1;
2026/01/16;1100 UTC;0;1012,5;1012,5;1012,1;1451,4;27,3;22,5;27,4;25,7;23,1;21,9;82;74;75;95;2,2;,5;
2026/01/16;1200 UTC;0;1012,5;1012,6;1012,5;2101,4;29,2;22;29,5;27,1;23,2;21,8;77;65;65;275;2,3;,4;
2026/01/16;1300 UTC;0;1012,1;1012,5;1012,1;2985,7;31,6;22,3;31,6;29;23,3;21,5;70;58;58;243;2,9;,3;
2026/01/16;1400 UTC;0;1011,6;1012,1;1011,6;3538,5;34;21,1;34;31,2;22,7;20,3;59;47;47;175;5;1,8;
2026/01/16;1500 UTC;0;1010,9;1011,7;1010,9;2998,6;34,1;20,3;34,3;33,1;21,5;19,6;49;44;45;173;5;1,1;
2026/01/16;1600 UTC;0;1010,3;1010,9;1010,3;2560;33,4;21,2;34,9;33,3;21,7;18,8;49;40;49;225;5,2;2,3;
2026/01/16;1700 UTC;0;1009,6;1010,3;1009,6;1630;33,8;20,6;34,5;33;21,6;20,2;50;44;46;224;4,9;1,2;
2026/01/16;1800 UTC;0;1008,5;1009,6;1008,5;2796,8;35,1;20,3;35,3;33,4;21,5;19,7;47;40;42;235;4,8;1,8;
2026/01/16;1900 UTC;0;1008,1;1008,5;1008,1;1331,3;32,6;20,3;35,3;32,6;21,1;20;48;42;48;221;5;2,5;
2026/01/16;2000 UTC;0;1007,9;1008,1;1007,8;376,5;32,2;20,4;32,6;31,8;20,6;19,8;51;48;50;249;5,3;1,3;
2026/01/16;2100 UTC;0;1008,2;1008,2;1007,9;489;32,2;20,3;32,9;32,2;20,8;20;51;47;49;222;3,8;1,3;
2026/01/16;2200 UTC;0;1008,4;1008,6;1008,2;65,1;29,8;21;32,3;29,8;21,1;20;59;49;59;339;3,1;,7;
2026/01/16;2300 UTC;0;1009,2;1009,2;1008,4;0;27,7;22,4;30;27,5;22,4;20,5;73;58;73;29;2,6;,7;
2026/01/17;0000 UTC;0;1009,7;1009,7;1009,2;0;28,3;22,5;28,3;27,5;22,9;22,1;74;70;71;17;2,9;,8;
2026/01/17;0100 UTC;0;1010,5;1010,5;1009,7;0;26,9;23,2;28,3;26,9;23,4;22,6;80;71;80;50;1,9;,1;
2026/01/17;0200 UTC;0;1010,2;1010,6;1010,2;0;26,9;23,2;27,5;26,8;23,4;22,7;81;75;81;31;1,4;,5;
2026/01/17;0300 UTC;0;1009,7;1010,2;1009,7;0;26;23,3;26,9;26;23,3;23;85;80;85;15;1,8;,9;
2026/01/17;0400 UTC;0;1009;1009,7;1009;0;25,1;23,2;26,2;25,1;23,4;23;90;83;90;62;1,6;,1;
2026/01/17;0500 UTC;0;1008,5;1009;1008,5;0;25,4;23,3;25,6;24,9;23,5;23,2;91;87;88;62;1,4;,1;
2026/01/17;0600 UTC;0;1007,9;1008,5;1007,9;0;25,5;22,9;26;25,3;23,3;22,8;88;83;86;121;2,1;,6;
2026/01/17;0700 UTC;0;1007,9;1008;1007,9;0;25,4;22,6;25,7;25,3;22,9;22,6;86;83;84;114;2,3;,2;
2026/01/17;0800 UTC;0;1008,1;1008,1;1007,9;0;24,8;22,8;25,5;24,8;22,8;22,5;88;84;88;92;1,5;0;
2026/01/17;0900 UTC;0;1008,5;1008,5;1008,1;70,2;24,8;22,9;24,8;24,5;22,9;22,5;90;88;89;12;,8;0;
2026/01/17;1000 UTC;0;1008,8;1008,8;1008,5;397,3;27,4;22,8;27,4;24,8;23,3;22;89;75;76;120;1,4;0;
2026/01/17;1100 UTC;0;1009,1;1009,1;1008,8;1341,3;28,8;22,1;28,8;27,4;22,9;21,8;76;67;67;98;2,1;,3;
2026/01/17;1200 UTC;0;1009;1009,1;1008,9;1779,2;31,2;22;31,2;28,8;22,6;21,2;67;58;58;133;2,8;1,1;
2026/01/17;1300 UTC;0;1009;1009,1;1008,9;2178;31,6;20,7;32,6;30,7;22,3;20,5;59;51;53;115;4,6;2,1;
2026/01/17;1400 UTC;0;1008,3;1009;1008,3;2974,9;34,1;20,1;34,2;31,4;21,3;19,6;54;44;44;98;5,3;2;
2026/01/17;1500 UTC;0;1007,5;1008,3;1007,5;3622,5;35,2;20,4;35,3;33,2;20,9;19,3;46;40;42;102;6,7;2,8;
2026/01/17;1600 UTC;0;1006,8;1007,5;1006,8;2366,3;34,6;18,8;35,4;34,1;20,7;18,3;44;39;39;113;6,5;2;
2026/01/17;1700 UTC;0;1006;1006,8;1006;2692,2;35,8;18,7;36,3;34,3;20,4;17,8;42;35;37;70;6,9;1,7;
2026/01/17;1800 UTC;0;1005,3;1006;1005,2;1724,5;33,8;21,1;36;33,8;21,7;18,5;47;36;47;239;6,4;2,7;
2026/01/17;1900 UTC;0;1005,1;1005,3;1005;1024,9;33,3;20,7;33,8;32,5;21,4;20,5;51;47;47;293;7,3;1,8;
2026/01/17;2000 UTC;0;1005,5;1005,6;1005,1;939,8;30,8;21,7;33,4;30,8;21,7;20,5;58;47;58;13;8,9;5,2;
2026/01/17;2100 UTC;0;1006,4;1006,4;1005,4;279,1;28,8;22;30,8;28,8;22;21,7;67;58;67;350;10,6;4;
2026/01/17;2200 UTC;0;1006,6;1007,1;1006,4;34,5;28;20,9;28,8;28;22;20,9;67;65;66;17;7,3;2,3;
2026/01/17;2300 UTC;0;1006,8;1006,8;1006,4;0;27,8;20,4;28;27,7;21;20,3;66;64;64;342;5,7;2,5;
2026/01/18;0000 UTC;0;1007,2;1007,2;1006,8;0;27,5;20;27,9;27,1;20,5;20;67;64;64;353;5,1;2;
2026/01/18;0100 UTC;0;1007,3;1007,5;1007,2;0;27;19,3;27,6;26,9;20,1;19,2;64;62;63;349;7;3,8;
2026/01/18;0200 UTC;0;1007,6;1007,9;1007,3;0;27,2;19,5;27,2;26,6;19,6;19,3;65;63;63;358;7,3;2,2;
2026/01/18;0300 UTC;0;1006,8;1007,7;1006,8;0;27,3;19,3;27,4;26,4;19,7;19,2;67;61;62;359;4,8;2,5;
2026/01/18;0400 UTC;0;1006,3;1006,8;1006,3;0;26,9;19,4;27,3;26,9;19,4;19,1;63;61;63;4;5,3;1,7;
2026/01/18;0500 UTC;0;1005,6;1006,3;1005,6;0;26,2;19,7;26,9;26,1;19,7;19,4;68;63;68;358;3,6;1;
2026/01/18;0600 UTC;0;1005,3;1005,6;1005,3;0;24,2;20,6;26,2;24,2;20,7;19,6;81;68;80;23;2,4;0;
2026/01/18;0700 UTC;0;1005,2;1005,3;1005,2;0;23,8;21,1;24,2;23,7;21,2;20,4;85;80;85;34;0;0;
2026/01/18;0800 UTC;0;1005,4;1005,4;1005,1;0;23,6;21,2;24;23,5;21,2;20,8;87;83;86;44;1;0;
2026/01/18;0900 UTC;0;1006;1006;1005,4;45,1;23,9;21,6;23,9;23,6;21,6;21;88;85;87;358;0;0;
2026/01/18;1000 UTC;0;1006,5;1006,5;1006;374,1;26,5;22,3;26,5;23,9;22,9;21,7;88;77;78;22;,5;0;
2026/01/18;1100 UTC;0;1006,7;1006,7;1006,5;1039,7;28,5;22,1;28,7;26,5;22,8;22;78;68;68;212;1,3;,1;
2026/01/18;1200 UTC;0;1006,9;1007;1006,7;1313,9;30,2;18,7;30,8;28,6;22,3;18,4;69;49;50;59;5,3;2;
2026/01/18;1300 UTC;0;1007,1;1007,1;1006,9;1258,3;30,6;18,5;30,8;30,2;19,3;18,1;51;48;49;40;7,5;1,9;
2026/01/18;1400 UTC;0;1007;1007,1;1006,9;1252,5;30,4;18,7;30,6;30;19,1;17,9;51;48;50;60;7,6;2,8;
2026/01/18;1500 UTC;0;1006,8;1007;1006,7;1372,4;30,4;18,6;30,5;29,9;19;18,2;52;49;49;39;8,7;3,7;
2026/01/18;1600 UTC;0;1006,2;1006,8;1006,2;3300,2;31,6;19,5;31,8;30,3;19,5;18,4;51;46;49;33;8,2;4,2;
2026/01/18;1700 UTC;0;1005,3;1006,2;1005,2;3304,2;32,6;17,9;33,7;30,8;19,8;17,9;50;41;42;31;10;4,4;
2026/01/18;1800 UTC;0;1004,2;1005,3;1004,2;2780,4;32,1;17,1;33,6;31,8;19,2;16,5;45;39;41;63;10,6;3,2;
2026/01/18;1900 UTC;0;1003,5;1004,2;1003,5;2107,2;32,7;17,3;33,1;31,9;18,2;16,8;43;40;40;113;9,2;3,5;
2026/01/18;2000 UTC;0;1002,9;1003,6;1002,9;1606,4;32,2;17,8;32,9;32,1;17,9;16,8;43;39;43;127;7,2;3,4;
2026/01/18;2100 UTC;0;1003;1003;1002,9;747;31,2;17,9;32,2;31,2;18,2;17,5;45;42;45;111;7,7;3;
2026/01/18;2200 UTC;0;1003,6;1003,6;1003;98,8;30,3;17,8;31,2;30,3;18,1;17,7;47;45;47;76;7,1;1,8;
2026/01/18;2300 UTC;0;1003,6;1003,7;1003,6;0;29,5;18,4;30,4;29,5;18,4;17,8;51;47;51;87;4,5;1,5;
2026/01/19;0000 UTC;0;1004,1;1004,1;1003,5;0;25,5;19,2;29,5;25,4;19,7;18,4;70;51;68;26;3,4;,5;
2026/01/19;0100 UTC;0;1003,9;1004,1;1003,8;0;24,4;19,8;25,7;24,2;20,1;19,2;77;68;76;51;2;,3;
2026/01/19;0200 UTC;0;1004;1004,2;1003,9;0;23,9;19,1;26,2;23,8;19,7;18,7;76;64;74;31;2,9;,2;
2026/01/19;0300 UTC;0;1004,3;1004,5;1004;0;23,4;19,6;24;23;19,7;18,9;80;73;79;43;1,4;,4;
2026/01/19;0400 UTC;0;1003,3;1004,4;1003,3;0;24,7;18,7;27,7;23,3;19,8;18,1;81;56;69;220;5,4;0;
2026/01/19;0500 UTC;0;1002,3;1003,3;1002,2;0;24,5;19;24,8;23,6;19,2;18,7;76;69;72;53;2,7;,5;
2026/01/19;0600 UTC;0;1001,9;1002,3;1001,9;0;23,9;19,1;26;23,2;19,6;18,2;80;62;75;114;2,7;,6;
2026/01/19;0700 UTC;0;1002;1002;1001,7;0;27,2;17,9;27,7;23,3;19,8;17,9;80;56;57;47;4,5;1,3;
2026/01/19;0800 UTC;0;1002,3;1002,3;1001,9;0;27,7;18;28,5;26,3;18,4;17,9;62;53;55;55;5,4;2,2;
2026/01/19;0900 UTC;0;1002,4;1002,6;1002,3;58,6;28,8;18,2;29,1;27;18,6;18;59;51;53;84;5,3;1,4;
2026/01/19;1000 UTC;0;1002,9;1002,9;1002,1;402,9;29,8;18,7;29,8;28,7;18,7;18,1;53;51;51;79;5,3;2,7;
2026/01/19;1100 UTC;0;1002,8;1003,1;1002,8;824;30,1;18,7;30,3;29,7;19,2;18,4;52;50;51;82;5,3;2,4;
2026/01/19;1200 UTC;0;1002,9;1002,9;1002,6;1108,9;30,8;18,9;31;30,1;19,6;18,6;52;49;49;73;5,2;2,3;
2026/01/19;1300 UTC;0;1003;1003;1002,8;1292,8;31,4;19,3;31,4;30,6;19,6;18,5;50;48;49;84;6,7;2;
2026/01/19;1400 UTC;0;1003,3;1003,3;1003;1072,5;30,9;19,3;31,6;30,8;19,6;18,6;50;48;50;30;7,9;2,3;
2026/01/19;1500 UTC;0;1002,8;1003,3;1002,8;1695,9;32,4;20;32,4;30,8;20,1;18,9;52;47;48;16;5,8;1,8;
2026/01/19;1600 UTC;0;1002,2;1002,8;1002,1;3076,6;33,1;20;34,2;32,5;20,7;19;48;43;46;348;6,8;2,8;
2026/01/19;1700 UTC;0;1001,2;1002,2;1001,2;1845,2;33,4;20,2;34,4;32,8;20,5;19,3;47;43;46;311;4,8;1,6;
2026/01/19;1800 UTC;0;1001,7;1001,7;1001;706,6;29,5;21,9;33,4;28,6;22;19,8;66;45;64;135;8,8;1,2;
2026/01/19;1900 UTC;0;1001,1;1001,9;1001,1;676,3;28,7;22,4;30,3;28,4;23;21,6;71;61;69;213;4,8;1,1;
2026/01/19;2000 UTC;0;1001,4;1001,5;1001,1;426,2;28,5;22,3;28,8;28,3;22,6;22,2;71;68;69;233;5,5;1,3;
2026/01/19;2100 UTC;0;1001,9;1002;1001,4;52,3;26,4;23,3;28,6;26,4;23,4;22;83;68;83;330;4,4;,2;
2026/01/19;2200 UTC;0;1003,1;1003,1;1001,9;0;26,5;22,8;26,7;25,5;23,8;22,7;90;79;80;286;3,6;1;
2026/01/19;2300 UTC;,4;1003,7;1003,7;1003;0;24,8;22,3;26,5;24,6;23,3;22,3;88;80;86;238;3,7;,9;
2026/01/20;0000 UTC;24,6;1004,8;1004,9;1003,7;1,7;21,6;21;24,8;21,1;22,4;19,5;96;81;96;67;10,3;0;
2026/01/20;0100 UTC;6,6;1005,6;1005,6;1004,8;0;22;21,4;22,1;21,6;21,5;21;97;96;97;213;2,4;,1;
2026/01/20;0200 UTC;2,8;1005,7;1005,8;1005,6;0;22,2;21,6;22,5;22;21,9;21,4;97;96;96;193;1,9;0;
2026/01/20;0300 UTC;7,6;1005,8;1006;1005,6;,3;22,1;21,5;22,5;22,1;21,9;21,4;96;96;96;32;3,7;1,8;
2026/01/20;0400 UTC;7,4;1005,4;1005,8;1005,4;0;22,4;21,9;22,4;22,1;21,9;21,4;97;96;97;22;2,9;0;
2026/01/20;0500 UTC;1,6;1005,4;1005,4;1005,2;0;22,9;22,4;22,9;22,4;22,4;21,8;97;97;97;309;1,6;,2;
2026/01/20;0600 UTC;,2;1005,7;1005,7;1005,4;3,9;22,1;20,5;22,9;22,1;22,4;20,2;97;86;91;324;8,3;,9;
2026/01/20;0700 UTC;1;1006,2;1006,2;1005,7;0;22,1;20,1;22,1;21,8;20,8;20,1;93;89;89;280;4,9;1,6;
2026/01/20;0800 UTC;,2;1006,7;1006,8;1006,2;0;22,1;20,3;22,3;21,5;20,9;20;93;88;89;255;7;1,3;
2026/01/20;0900 UTC;4,8;1007,7;1007,8;1006,7;5,3;21,6;20,8;22,1;21,5;20,9;20,3;95;89;95;120;4,9;0;
2026/01/20;1000 UTC;1,2;1008,3;1008,3;1007,6;94,1;22,2;21,2;22,3;21,6;21,2;20,7;96;94;94;350;3,8;,7;
2026/01/20;1100 UTC;,8;1009;1009,1;1008,3;187,8;23,1;21,1;23,1;22,2;21,3;20,8;94;89;89;5;4,1;1,6;
2026/01/20;1200 UTC;1;1010;1010;1009;387,9;22,9;20,4;24,1;22,9;21,6;20,4;89;81;85;286;4,5;1,4;
2026/01/20;1300 UTC;0;1010,5;1010,6;1010;471,1;23,3;20,2;23,3;22,7;20,4;19,9;87;83;83;292;6,3;1,1;
2026/01/20;1400 UTC;1,4;1011;1011;1010,5;454,5;22,3;20,6;23,7;22,3;21,1;19,8;90;80;90;13;4,7;2,2;
2026/01/20;1500 UTC;1,8;1010,8;1011,1;1010,8;558,6;23,3;21,5;23,3;22;21,5;20,5;92;87;90;7;4,3;,1;
2026/01/20;1600 UTC;3;1010,8;1010,9;1010,7;607,2;23;20,7;23,8;22,5;21,7;20,4;90;86;87;62;3,5;,2;
2026/01/20;1700 UTC;,2;1010,5;1010,8;1010,5;548;23,8;21,2;23,8;22,9;21,7;20,4;92;85;85;337;1,5;0;
2026/01/20;1800 UTC;1,2;1010,5;1010,6;1010,3;667,3;23,8;20,3;24,1;22,6;21,5;19,9;89;81;81;264;5,6;1;
2026/01/20;1900 UTC;,6;1010,6;1010,7;1010,5;287,1;22,6;19,8;23,8;22,6;20,3;19,5;84;79;84;269;4,6;,9;
2026/01/20;2000 UTC;,4;1010,8;1010,8;1010,6;171,6;22,1;20,2;22,6;22;20,8;19,8;91;84;89;13;4,1;,9;
2026/01/20;2100 UTC;0;1011,1;1011,1;1010,7;122,9;22,9;19,9;22,9;21,8;20,8;19,8;92;83;83;240;2,8;,3;
2026/01/20;2200 UTC;0;1011,7;1011,7;1011,1;12,5;22,1;20,2;22,9;22;20,4;19,7;90;82;89;347;2;,2;
2026/01/20;2300 UTC;0;1012;1012,1;1011,7;,1;21,7;20,7;22,1;21,5;20,8;20,2;94;89;94;26;1,6;0;
2026/01/21;0000 UTC;0;1012,3;1012,3;1012;0;21,6;20,3;22;21,4;20,9;20,1;94;91;92;27;,7;0;
2026/01/21;0100 UTC;0;1012,6;1012,6;1012,3;0;21,4;20,2;21,6;21,2;20,4;20;94;92;93;6;,2;0;
2026/01/21;0200 UTC;0;1012,6;1012,7;1012,5;0;21,5;19,7;21,7;21,3;20,1;19,6;93;88;90;360;3,3;,4;
2026/01/21;0300 UTC;0;1012,3;1012,7;1012,3;0;21,2;20;21,6;21,2;20,1;19,6;93;89;93;135;2,1;0;
2026/01/21;0400 UTC;0;1011,8;1012,3;1011,8;0;21,3;19,9;21,5;21,1;20,2;19,8;94;90;92;20;1,3;,2;
2026/01/21;0500 UTC;,4;1011,1;1011,8;1011,1;0;21,1;20;21,3;21;20,1;19,9;94;92;94;34;1,4;0;
2026/01/21;0600 UTC;,2;1010,6;1011,1;1010,6;0;20,9;20,1;21,1;20,9;20,2;19,9;95;94;95;44;1,3;0;
2026/01/21;0700 UTC;0;1010,5;1010,6;1010,5;0;21;19,8;21,1;20,8;20,2;19,6;95;93;93;83;1,9;0;
2026/01/21;0800 UTC;0;1010,8;1010,8;1010,5;0;20,8;19,8;21;20,7;19,9;19,7;94;93;94;107;1,2;0;
2026/01/21;0900 UTC;0;1011,5;1011,5;1010,8;16,3;21;20;21;20,7;20;19,6;94;93;94;76;2,1;,1;
2026/01/21;1000 UTC;0;1012;1012;1011,5;138,3;21;19,9;21,2;20,9;20,1;19,8;94;93;93;16;4,1;2,5;
2026/01/21;1100 UTC;,2;1012,4;1012,5;1012;384;21,4;20;21,4;21,1;20,1;19,8;93;91;92;353;4,1;,3;
2026/01/21;1200 UTC;0;1012,6;1012,7;1012,4;926,7;22,5;20,1;22,6;21,4;20,5;19,8;92;85;86;56;2,4;,7;
2026/01/21;1300 UTC;0;1013;1013;1012,6;1093,3;23,8;19,2;23,8;22,5;20,6;19,2;87;76;76;357;2,9;,6;
2026/01/21;1400 UTC;0;1012,9;1013;1012,9;901,4;23;20;24,1;23;20,2;18,7;83;73;83;354;4,7;2,6;
2026/01/21;1500 UTC;0;1012,7;1013;1012,7;506,3;22,8;20,2;23;22,1;20,2;19,7;88;83;85;17;6,1;3,5;
2026/01/21;1600 UTC;0;1012,2;1012,7;1012,2;1535,7;24,6;19,4;25;22,8;20,6;19,1;85;70;73;22;5,5;1,4;
2026/01/21;1700 UTC;2,2;1012,1;1012,2;1011,9;331;21,2;19,9;24,7;21;20,4;19,3;92;73;92;168;5,6;1,4;
2026/01/21;1800 UTC;2,2;1012;1012,2;1011,9;692,6;21,4;20,1;21,4;20,9;20,3;19,6;94;91;92;117;4,3;,2;
2026/01/21;1900 UTC;0;1011,8;1012;1011,7;595,3;21,9;20;22;21,4;20,6;19,9;93;89;89;106;2,1;,4;
2026/01/21;2000 UTC;1,6;1012;1012,1;1011,8;158,3;21,1;19,7;21,9;20,7;20,3;19,1;92;88;92;76;3,8;0;
2026/01/21;2100 UTC;0;1012,3;1012,3;1012;221,6;21,1;19,6;21,2;20,8;20;19,2;94;90;91;97;2,5;,1;
2026/01/21;2200 UTC;0;1012,9;1012,9;1012,3;64,5;21;19,7;21,2;21;20;19,3;93;90;93;83;1,4;0;
2026/01/21;2300 UTC;0;1013,6;1013,6;1012,9;,1;20,7;19;21,1;20,6;19,8;19;93;90;90;100;3,4;1,4;
2026/01/22;0000 UTC;,2;1013,9;1013,9;1013,5;0;20,6;18,9;20,9;20,5;19;18,4;91;86;90;53;3,4;,4;
2026/01/22;0100 UTC;1,8;1013,8;1014,1;1013,8;0;20;18,8;20,6;19,9;18,9;18,5;93;88;93;334;2,2;0;
2026/01/22;0200 UTC;0;1013,6;1013,8;1013,6;0;20,3;19,4;20,4;20;19,6;18,8;95;93;95;11;,7;,1;
2026/01/22;0300 UTC;0;1012,8;1013,6;1012,8;0;20,2;19,4;20,5;20,1;19,7;19,3;95;95;95;137;1,2;,1;
2026/01/22;0400 UTC;0;1012,1;1012,8;1012,1;0;20,5;19,7;20,5;20,2;19,7;19,4;95;95;95;301;1;0;
2026/01/22;0500 UTC;0;1011,3;1012,1;1011,3;0;20,3;19,6;20,5;20,3;19,8;19,6;96;95;96;324;,7;0;
2026/01/22;0600 UTC;0;1011,1;1011,2;1011;0;20,4;19,7;20,5;20,3;19,9;19,6;96;96;96;72;0;0;
2026/01/22;0700 UTC;0;1010,9;1011,1;1010,8;0;20,5;19,8;20,6;20,4;19,9;19,7;96;95;96;350;0;0;
2026/01/22;0800 UTC;0;1011,3;1011,4;1010,8;0;20,4;19,8;20,6;20,4;20;19,7;96;96;96;351;1,2;,2;
2026/01/22;0900 UTC;0;1011,8;1011,9;1011,2;28,6;20,6;19,9;20,6;20,4;19,9;19,8;96;96;96;107;1,3;0;
2026/01/22;1000 UTC;0;1012,7;1012,7;1011,7;108,7;21;20;21;20,6;20,3;19,9;96;94;94;53;1,2;0;
2026/01/22;1100 UTC;0;1012,6;1012,9;1012,6;240,1;21,6;19,8;21,6;21;20,1;19,6;94;89;89;43;1,1;0;
2026/01/22;1200 UTC;0;1013,1;1013,1;1012,2;269,3;21,7;20;21,9;21,4;20,1;19,6;91;89;90;356;2,7;,5;
2026/01/22;1300 UTC;0;1013,4;1013,4;1012,9;489,3;22,3;20,1;22,4;21,7;20,3;19,6;90;85;87;15;2,4;0;
2026/01/22;1400 UTC;0;1013,4;1013,4;1013,1;178,2;22,1;20,3;22,3;21,9;20,3;19,8;90;87;90;3;1,5;,1;
2026/01/22;1500 UTC;2,6;1013,1;1013,5;1013,1;391,7;21,3;20;22,1;21,1;20,3;19,7;93;90;92;51;1,9;,1;
2026/01/22;1600 UTC;,6;1012,8;1013,3;1012,8;722;21,4;19,9;21,6;20,8;20,4;19,4;93;90;91;137;2,9;,3;
2026/01/22;1700 UTC;,2;1012,1;1012,8;1012,1;704,5;22,2;20,2;22,3;21,4;20,5;19,9;92;88;88;135;1,9;,2;
2026/01/22;1800 UTC;0;1011,5;1012,1;1011,5;589,5;22,4;19,9;22,8;22,2;20,6;19,9;89;85;86;52;2,1;,3;
2026/01/22;1900 UTC;0;1011,1;1011,5;1011;600,6;22,9;20,2;23,1;22,4;20,6;19,8;86;84;85;33;1,9;,1;
2026/01/22;2000 UTC;0;1011,3;1011,3;1011,1;378,2;23,4;20,1;23,4;22,7;20,6;19,9;87;81;82;351;2;,1;
2026/01/22;2100 UTC;0;1011,7;1011,7;1011,3;294,4;23,3;20,4;23,7;23,2;20,7;19,9;85;80;84;60;1;0;
2026/01/22;2200 UTC;0;1012,2;1012,3;1011,7;16,9;22,8;20,7;23,4;22,7;20,8;20,3;88;83;88;159;2;,3;
2026/01/22;2300 UTC;0;1012,5;1012,5;1012,2;0;22,4;20,7;22,9;22,4;20,7;20,5;90;87;90;133;2;0;
2026/01/23;0000 UTC;0;1012,7;1012,7;1012,5;0;22,4;20,8;22,5;22,3;21;20,6;91;90;91;121;,6;0;
2026/01/23;0100 UTC;0;1013;1013;1012,7;0;22,2;20,2;22,4;22,2;20,9;20,2;91;88;89;124;2;0;
2026/01/23;0200 UTC;0;1012,8;1013;1012,8;0;21,7;20,3;22,2;21,7;20,6;20,2;91;89;91;354;,9;0;
2026/01/23;0300 UTC;0;1012,2;1012,8;1012,2;0;21;19,9;21,7;21;20,4;19,9;94;91;94;48;2;,3;
2026/01/23;0400 UTC;,2;1011,3;1012,2;1011,3;0;20,9;20,2;21;20,9;20,2;19,9;95;94;95;70;2;0;
2026/01/23;0500 UTC;0;1010,5;1011,3;1010,5;0;20,9;20,2;21;20,9;20,4;20,2;96;95;96;71;0;0;
2026/01/23;0600 UTC;0;1010,4;1010,6;1010,4;0;20,9;20,3;21;20,8;20,3;20,2;96;96;96;128;0;0;
2026/01/23;0700 UTC;0;1010,5;1010,6;1010,4;0;21;20,4;21,1;20,9;20,4;20,2;96;96;96;34;0;0;
2026/01/23;0800 UTC;0;1010,9;1010,9;1010,5;0;21,1;20,5;21,2;20,9;20,6;20,3;97;96;96;110;0;0;
2026/01/23;0900 UTC;0;1011,7;1011,7;1011;8,3;21,3;20,6;21,3;21,1;20,6;20,5;96;96;96;37;0;0;
2026/01/23;1000 UTC;3,6;1012,2;1012,2;1011,7;48,6;20,8;20,1;21,4;20,7;20,7;20;96;96;96;348;1,4;0;
2026/01/23;1100 UTC;4,2;1012,7;1012,7;1012,2;253,1;20,8;20;21,1;20,6;20,3;19,7;96;94;95;13;1,4;,3;
2026/01/23;1200 UTC;10,6;1013,1;1013,1;1012,7;184,9;20,9;20,2;20,9;20,5;20,2;19,8;96;95;96;347;1,4;0;
2026/01/23;1300 UTC;2,2;1013;1013,1;1013;516,6;21,5;20,6;21,5;20,8;20,7;20,1;96;95;95;358;1,2;0;
2026/01/23;1400 UTC;1,8;1013;1013;1012,9;936,7;21,7;20,7;22,4;21,5;21,3;20,5;95;91;94;9;3,1;1,4;
2026/01/23;1500 UTC;3,2;1012,6;1013;1012,6;866,4;22,4;21,1;22,4;21,6;21,4;20,6;95;92;92;294;3,1;0;
2026/01/23;1600 UTC;8;1012,4;1012,6;1012,2;368,7;21,4;20,5;22,6;21,4;21,3;20,4;95;91;95;136;,5;0;
2026/01/23;1700 UTC;13,8;1012,3;1012,5;1012,2;277,8;21,3;20,6;21,6;20,9;20,8;20,1;96;94;96;26;4,6;,6;
2026/01/23;1800 UTC;5,6;1011,9;1012,3;1011,9;315;21,3;20,6;21,4;21,1;20,6;20,3;96;95;96;43;1,8;0;
2026/01/23;1900 UTC;3,2;1011,7;1011,9;1011,6;271,5;21,5;20,7;21,7;21,2;20,9;20,4;96;95;95;38;,4;0;
2026/01/23;2000 UTC;1,6;1011,4;1011,7;1011,3;252,5;21,7;20,6;21,8;21,3;20,9;20,4;95;93;94;63;,3;0;
2026/01/23;2100 UTC;1,6;1011,4;1011,5;1011,4;97,1;21,6;20,7;21,7;21,5;20,7;20,4;95;93;95;130;0;0;
2026/01/23;2200 UTC;1;1011,7;1011,7;1011,4;15,4;21,6;20,9;21,7;21,5;20,9;20,7;96;95;96;117;2,2;,1;
2026/01/23;2300 UTC;0;1012,2;1012,2;1011,7;0;21,7;20,9;21,8;21,6;21,1;20,9;96;95;96;353;1,1;,2;
2026/01/24;0000 UTC;,4;1012,5;1012,6;1012,2;0;21,7;20,9;21,9;21,6;21,2;20,9;96;95;96;355;1;,1;
2026/01/24;0100 UTC;,2;1012,6;1012,6;1012,5;0;21,6;20,9;21,7;21,5;21;20,8;96;96;96;3;1,4;,1;
2026/01/24;0200 UTC;0;1012,6;1012,7;1012,5;0;21,7;21;21,7;21,6;21,1;20,9;96;96;96;352;1;0;
2026/01/24;0300 UTC;0;1012,2;1012,7;1012,2;0;21,6;20,9;21,7;21,5;21,1;20,9;96;96;96;19;1,4;,3;
2026/01/24;0400 UTC;0;1011,7;1012,2;1011,7;0;21,5;20,9;21,7;21,5;21;20,8;96;96;96;342;1,7;,2;
2026/01/24;0500 UTC;,2;1011,3;1011,7;1011,3;0;21,5;20,9;21,6;21,4;20,9;20,8;96;96;96;350;1,9;0;
2026/01/24;0600 UTC;0;1010,9;1011,3;1010,9;,1;21,7;21,1;21,7;21,4;21,1;20,8;96;96;96;10;,3;0;
2026/01/24;0700 UTC;0;1010,8;1010,9;1010,8;,3;21,5;20,9;21,7;21,5;21,1;20,8;96;96;96;3;,6;0;
2026/01/24;0800 UTC;,2;1010,9;1010,9;1010,7;0;21,5;20,9;21,6;21,5;21;20,9;97;96;96;34;,6;0;
2026/01/24;0900 UTC;0;1011,4;1011,4;1010,9;13,4;21,7;21,1;21,7;21,5;21,1;20,8;96;96;96;37;1,1;0;
2026/01/24;1000 UTC;0;1012,2;1012,2;1011,4;132;22,2;21,4;22,2;21,7;21,4;21;96;96;96;352;,5;0;
2026/01/24;1100 UTC;0;1012,4;1012,5;1012,2;683,4;23,7;21,7;23,7;22,2;22;21,3;96;88;88;138;1,5;0;
2026/01/24;1200 UTC;0;1012,9;1012,9;1012,4;1116,2;24,7;21,4;24,7;23,5;21,9;21;89;81;82;10;1,2;0;
2026/01/24;1300 UTC;0;1013;1013,1;1012,9;1957;27;22,6;27;24,5;22,6;21,2;84;76;77;169;1,7;,4;
2026/01/24;1400 UTC;0;1012,6;1013;1012,6;2426,9;26,9;21,6;27,1;25,9;22,4;21,2;79;72;73;89;2,9;1;
2026/01/24;1500 UTC;0;1012,2;1012,7;1012,2;2076,4;27,3;22,1;28,8;26,9;23,4;21,1;74;69;73;228;5,9;2,7;
2026/01/24;1600 UTC;0;1011,9;1012,3;1011,9;1749,6;26,6;21,8;27,5;26,1;22,6;21,5;77;72;75;241;7,4;2,1;
2026/01/24;1700 UTC;0;1011,6;1011,9;1011,6;1423,7;26,9;22,2;27,2;26,5;22,6;21,5;77;72;75;211;5,8;1,4;
2026/01/24;1800 UTC;0;1011,5;1012;1011,5;257,2;25,5;22,2;27,2;25,5;22,5;22;82;74;82;240;4,4;,6;
2026/01/24;1900 UTC;0;1011,6;1011,7;1011,4;51,2;24,7;22,4;25,5;24,7;22,4;21,9;87;81;87;120;2,4;,5;
2026/01/24;2000 UTC;1,4;1011,1;1011,7;1010,8;89,4;24;22,6;24,8;24;23;22,4;92;87;92;229;3;,8;
2026/01/24;2100 UTC;0;1011,4;1011,4;1011;125,3;24,1;22,6;24,1;23,8;23;22,6;94;91;91;218;3;0;
2026/01/24;2200 UTC;0;1012,5;1012,5;1011,4;39,8;23,7;22,5;24,3;23,5;22,8;22,4;94;90;93;251;2,3;,1;
2026/01/24;2300 UTC;0;1013;1013,2;1012,5;,6;24,2;22,5;24,2;23,7;22,7;22,5;93;90;90;271;2,6;,6;
2026/01/25;0000 UTC;0;1013,6;1013,6;1013;1;24,2;22,3;24,3;24,2;22,5;22,2;90;89;89;218;3,6;,4;
2026/01/25;0100 UTC;10,6;1013,5;1013,8;1013,5;0;23,1;22,2;24,2;23,1;22,4;22,2;95;89;95;221;3,6;0;
2026/01/25;0200 UTC;5,6;1013,9;1013,9;1013,4;0;23;22,4;23,2;22,9;22,5;22,2;96;95;96;18;1,9;1,1;
2026/01/25;0300 UTC;,2;1013,8;1014;1013,7;0;23,1;22,5;23,2;22,9;22,5;22,3;96;96;96;16;1,9;0;
2026/01/25;0400 UTC;,2;1013,2;1013,8;1013,2;0;21,5;20,3;23,2;21,5;22,5;20,2;96;91;93;326;6,2;2,4;
2026/01/25;0500 UTC;12,6;1013;1013,8;1012,9;0;21,2;20,3;21,6;21,1;20,4;20,1;95;92;95;39;6,1;,3;
2026/01/25;0600 UTC;7,2;1012,8;1013,3;1012,8;0;21,3;20,7;21,4;21;20,8;20,2;96;95;96;243;3,1;,3;
2026/01/25;0700 UTC;0;1012,3;1012,8;1011,5;0;21,2;20,6;21,4;21,2;20,8;20,6;97;96;96;135;3,9;,5;
2026/01/25;0800 UTC;0;1012,8;1012,8;1012,3;0;21;20,4;21,3;20,9;20,7;20,3;97;96;97;229;1,9;0;
2026/01/25;0900 UTC;0;1013,3;1013,3;1012,8;36,3;20,9;20,4;21;20,6;20,5;20;97;96;97;102;,6;0;
2026/01/25;1000 UTC;0;1013,8;1013,8;1013,3;541,4;23,4;21;23,5;20,9;22,2;20,4;97;86;86;222;1,7;0;
2026/01/25;1100 UTC;0;1014,2;1014,2;1013,8;1517,1;24,3;20,4;24,9;23,4;21,5;20,3;86;77;79;112;2,2;,5;
2026/01/25;1200 UTC;0;1014,4;1014,4;1014,2;2278,3;25,7;20,9;26,3;24,2;22;20,6;81;74;75;123;2,7;,8;
2026/01/25;1300 UTC;0;1014,2;1014,5;1014,2;2932,3;27,4;21,3;28,3;25,7;22,8;20,3;78;66;69;253;4,4;,6;
2026/01/25;1400 UTC;0;1013,6;1014,2;1013,6;2993;29,2;21,5;29,2;27,4;22,7;20,6;72;61;63;112;2,6;,1;
2026/01/25;1500 UTC;0;1013,2;1013,6;1013,2;2996,9;29,7;21,3;30,4;28,6;22,6;20,8;66;59;61;90;3,1;,7;
2026/01/25;1600 UTC;0;1012,8;1013,2;1012,8;2463,7;29,7;22,1;30,8;29,7;22,9;21,3;65;57;64;217;5,5;2,2;
2026/01/25;1700 UTC;0;1012,4;1012,8;1012,4;1249;27,4;22,1;29,9;27,3;22,6;21,7;74;63;73;234;6;2,2;
2026/01/25;1800 UTC;0;1012,3;1012,4;1012,1;825,4;26,5;22,1;27,5;26,4;22,5;22;77;73;77;242;7,1;2,2;
2026/01/25;1900 UTC;0;1012,5;1012,5;1012,2;728,3;26,2;22,4;26,5;25,8;22,9;21,9;83;77;80;234;7,1;1,8;
2026/01/25;2000 UTC;0;1012,8;1012,8;1012,2;622,7;26;22,4;26,4;26;22,7;22,1;81;78;81;226;5,1;1,5;
2026/01/25;2100 UTC;2,6;1014,1;1014,1;1012,8;166,1;24,4;22,4;26,1;24,3;22,6;22,1;89;80;89;169;5,4;2,1;
2026/01/25;2200 UTC;,4;1014,2;1014,4;1014,1;7,8;23,3;22,2;24,4;23,2;22,5;21,8;93;89;93;94;5,4;0;
2026/01/25;2300 UTC;0;1014,6;1014,6;1014,1;0;23,1;22,1;23,4;23;22,2;21,9;94;93;94;16;2,2;0;
2026/01/26;0000 UTC;0;1014,5;1014,8;1014,4;0;23,2;22,5;23,4;23;22,6;22;96;94;96;46;1,4;,2;
2026/01/26;0100 UTC;0;1015,2;1015,2;1014,5;0;23,3;22,6;23,4;23,1;22,7;22,4;96;96;96;64;1,1;0;
2026/01/26;0200 UTC;0;1014,7;1015,2;1014,7;0;22,9;22,2;23,3;22,9;22,6;22,2;96;95;96;47;1,9;0;
2026/01/26;0300 UTC;0;1013,8;1014,7;1013,8;0;22,8;22,1;22,9;22,6;22,3;21,9;96;95;96;35;0;0;
2026/01/26;0400 UTC;,4;1012,9;1013,8;1012,9;0;22,9;22,3;23;22,8;22,4;22,1;96;96;96;131;0;0;
2026/01/26;0500 UTC;0;1012,3;1012,9;1012,3;0;23;22,3;23;22,9;22,5;22,3;97;96;96;133;2,5;,4;
2026/01/26;0600 UTC;0;1012,2;1012,3;1011,9;0;22,8;22;23;22,8;22,3;22;96;95;95;67;2,7;0;
2026/01/26;0700 UTC;0;1012,3;1012,4;1012;0;22,5;21,8;22,8;22,5;22;21,8;96;95;96;337;,8;0;
2026/01/26;0800 UTC;0;1012,7;1012,7;1012,3;0;22,2;21,6;22,5;22,2;21,8;21,6;97;96;96;19;,6;0;
2026/01/26;0900 UTC;0;1013,4;1013,4;1012,7;44,5;22,3;21,7;22,3;22,1;21,7;21,5;97;96;97;82;1,1;0;
2026/01/26;1000 UTC;0;1013,9;1013,9;1013,4;350,2;23,5;22,7;23,5;22,3;22,9;21,7;97;95;95;111;1,3;,1;
2026/01/26;1100 UTC;0;1014,6;1014,6;1013,9;1136,5;24,9;22,7;25,4;23,5;23,1;22,3;95;85;87;127;2,1;,5;
2026/01/26;1200 UTC;0;1014,8;1014,9;1014,6;2086,7;27,2;22,7;27,6;24,7;23,1;21,9;89;72;76;183;2,5;,4;
2026/01/26;1300 UTC;0;1014,5;1014,8;1014,5;3049,4;29,2;22,5;29,5;27,2;23,5;21,7;78;65;67;285;2,2;,3;
2026/01/26;1400 UTC;0;1014;1014,5;1014;3331,5;30;23;30,6;29;23,5;21,7;71;61;66;104;3,6;,3;
2026/01/26;1500 UTC;0;1013,5;1014;1013,4;3451,1;31,4;22,6;31,9;30;23,6;21,7;66;58;60;166;4,4;1,2;
2026/01/26;1600 UTC;0;1013,1;1013,5;1013;3082,1;31;22,8;32,5;31;23,7;22,2;63;57;62;216;5,4;2,5;
2026/01/26;1700 UTC;0;1012,9;1013,1;1012,9;1226,6;29,3;22;31,1;29,1;23,3;21,9;66;62;65;230;5,6;2,1;
2026/01/26;1800 UTC;0;1012,7;1013,2;1012,7;515;27,8;21,6;29,5;27,8;22,4;21;70;64;69;214;6;1,3;
2026/01/26;1900 UTC;1,8;1012,8;1012,8;1012,2;254,5;25,1;23,3;27,8;25,1;23,3;21,3;89;68;89;135;4,8;,1;
2026/01/26;2000 UTC;0;1012,6;1012,9;1012,6;198,4;25,5;23,9;26;25;24;22,6;91;85;91;346;1,9;,1;
2026/01/26;2100 UTC;0;1012,6;1012,7;1012,5;96,7;25,7;23,9;25,7;25,2;24,3;23,8;93;90;90;343;3,4;1,8;
2026/01/26;2200 UTC;0;1013,1;1013,2;1012,6;5,4;25,5;23,7;25,7;25,4;24;23,7;91;89;90;347;3,5;1,5;
2026/01/26;2300 UTC;,4;1013,5;1013,5;1013,1;0;25,2;24;25,6;25,2;24,2;23,7;93;90;93;325;3,5;0;
2026/01/27;0000 UTC;,4;1014,2;1014,3;1013,5;0;24,6;23,4;25,3;24,6;24,1;23,4;94;93;93;1;3,7;1,7;
2026/01/27;0100 UTC;,2;1014;1014,3;1014;0;24,5;23,6;24,7;24,5;23,7;23,4;95;93;95;20;3,6;,1;
2026/01/27;0200 UTC;0;1013,7;1014;1013,7;0;24,2;23,5;24,5;24,2;23,7;23,5;96;95;96;358;1,5;0;
2026/01/27;0300 UTC;0;1013;1013,7;1013;0;23,9;23,3;24,2;23,9;23,5;23,2;96;96;96;27;1,4;0;
2026/01/27;0400 UTC;0;1012,6;1013;1012,6;0;23,9;23,3;24;23,7;23,4;23,1;97;96;97;350;1,6;,3;
2026/01/27;0500 UTC;0;1012,4;1012,6;1012,4;0;24,1;23,5;24,2;23,9;23,6;23,3;97;96;96;42;1,6;0;
2026/01/27;0600 UTC;0;1012;1012,4;1012;,1;24,3;23,6;24,3;24,2;23,7;23,6;96;96;96;32;0;0;
2026/01/27;0700 UTC;0;1012,1;1012,1;1011,8;0;24,3;23,5;24,4;24;23,7;23,4;96;95;95;127;,9;0;
2026/01/27;0800 UTC;0;1012,6;1012,6;1012;0;24,2;23,5;24,3;24,1;23,6;23,4;96;95;96;155;0;0;
2026/01/27;0900 UTC;0;1013,3;1013,3;1012,6;44,7;24;23,2;24,3;23,8;23,6;23,2;96;96;96;147;1,6;,1;
2026/01/27;1000 UTC;0;1013,8;1013,8;1013,3;337,4;25;23,2;25;24;23,4;23;96;90;90;124;2,6;,9;
2026/01/27;1100 UTC;0;1014;1014;1013,8;838,4;25,3;23;25,6;25;23,6;23;90;86;87;144;3,5;1,7;
2026/01/27;1200 UTC;0;1014,1;1014,2;1014;1415,9;27,5;22,9;27,8;25,3;23,7;22,8;87;75;76;190;3,2;,8;
2026/01/27;1300 UTC;0;1013,8;1014,2;1013,8;2811;28,1;23,1;28,5;27;24;22,1;80;71;74;46;3,7;1,2;
2026/01/27;1400 UTC;0;1013,2;1013,8;1013,2;3381,7;30,5;23,3;30,5;28;23,9;22;75;63;66;178;3,5;,5;
2026/01/27;1500 UTC;0;1012,7;1013,2;1012,7;3278,8;30,9;22,5;31,3;29,9;23,7;22;66;60;61;178;3,6;,6;
2026/01/27;1600 UTC;0;1012,1;1012,7;1012,1;2533,4;31,7;22,8;32,9;30,6;24,1;21,7;64;56;59;226;4,9;1,8;
2026/01/27;1700 UTC;0;1011,6;1012,2;1011,6;1528,6;30,3;23;31,9;29,4;23,8;22,4;68;59;65;237;6,8;2,5;
2026/01/27;1800 UTC;0;1011,1;1011,6;1011,1;3003,2;30,7;22,7;31,4;30,1;23,6;22,4;67;61;62;234;6,9;2,8;
2026/01/27;1900 UTC;0;1011,4;1011,7;1010,6;451,8;28,5;22,1;30,9;28,5;22,9;21,8;69;61;68;291;7;1,4;
2026/01/27;2000 UTC;0;1011,4;1011,6;1011,3;70,7;25,8;22,9;28,5;25,7;23,1;22;85;68;84;340;7,5;1,6;
2026/01/27;2100 UTC;,2;1012,5;1012,5;1011,3;136,1;25,7;21,4;25,9;25,1;23,7;21,4;89;77;77;140;6;1,8;
2026/01/27;2200 UTC;0;1012,4;1012,5;1012,1;62,5;24,3;20,6;25,9;24,3;22,4;20,6;86;74;80;33;6;1,4;
2026/01/27;2300 UTC;0;1012,5;1012,6;1012,3;0;22,9;20,5;24,4;22,9;20,9;19,7;87;77;86;19;2,9;0;
2026/01/28;0000 UTC;0;1012,8;1012,8;1012,5;0;22;20,7;22,9;22;20,9;20,3;92;85;92;128;,6;0;
2026/01/28;0100 UTC;0;1013;1013;1012,8;0;21,9;20,8;22,1;21,8;21;20,6;94;92;94;34;,5;0;
2026/01/28;0200 UTC;0;1012,5;1013;1012,5;0;22;21;22;21,8;21;20,8;94;94;94;22;,5;0;
2026/01/28;0300 UTC;0;1012,1;1012,5;1012,1;0;21,9;21;22,1;21,8;21,1;20,9;95;94;95;25;,9;0;
2026/01/28;0400 UTC;0;1011,7;1012,1;1011,7;0;21,8;21;21,9;21,8;21;20,9;95;95;95;315;0;0;
2026/01/28;0500 UTC;0;1011,2;1011,7;1011,2;0;21,5;20,8;21,9;21,5;21,1;20,8;96;95;96;40;0;0;
2026/01/28;0600 UTC;0;1011,1;1011,2;1011;0;21,3;20,7;21,6;21,3;20,9;20,7;96;96;96;49;0;0;
2026/01/28;0700 UTC;0;1011,4;1011,4;1011;0;21,3;20,7;21,4;21,2;20,8;20,6;97;96;97;29;0;0;
2026/01/28;0800 UTC;0;1011,8;1011,9;1011,4;0;21,4;20,8;21,5;21,2;20,9;20,6;97;96;96;2;1,6;0;
2026/01/28;0900 UTC;0;1012,5;1012,5;1011,8;37;21,4;20,9;21,4;21,2;20,9;20,6;97;96;97;47;0;0;
2026/01/28;1000 UTC;0;1013,1;1013,1;1012,5;329,3;23,7;22,8;23,7;21,4;22,8;20,9;97;95;95;21;0;0;
2026/01/28;1100 UTC;0;1013,1;1013,1;1013;1347;26,2;22,6;26,2;23,7;23,1;21,8;95;80;81;122;1,9;,4;
2026/01/28;1200 UTC;0;1013,1;1013,2;1013,1;2262,5;28;21,5;28,3;26,2;22,9;20,9;81;65;68;48;2,3;,2;
2026/01/28;1300 UTC;0;1012,9;1013,1;1012,9;2953,8;31,1;22,5;31,1;28;22,7;20,5;70;58;60;101;2,5;,5;
2026/01/28;1400 UTC;0;1012,5;1012,9;1012,4;3480,8;31,4;20,5;31,7;30,1;22,2;20;61;51;52;129;4,1;1,2;
2026/01/28;1500 UTC;0;1011,8;1012,5;1011,8;3752;32,6;20,7;32,6;31,4;21,9;19,8;56;49;50;115;5,3;2,7;
2026/01/28;1600 UTC;0;1010,8;1011,8;1010,8;3627,4;33,5;20,6;33,7;32,4;21,6;19;52;42;47;98;5,7;1,4;
2026/01/28;1700 UTC;0;1009,9;1010,8;1009,9;3027;33,7;20,5;34,5;32,9;21,1;19;50;42;46;149;4,7;1,6;
2026/01/28;1800 UTC;0;1009,2;1009,9;1009,2;2753,3;34;20,8;34,9;33,7;22;19,5;50;42;46;198;5,6;2,4;
2026/01/28;1900 UTC;0;1009;1009,2;1009;543,4;32,5;22;34;32,5;22,1;20,4;54;45;54;228;4,7;1,6;
2026/01/28;2000 UTC;,4;1009,3;1009,3;1008,9;333,7;28,5;24,5;32,5;28,5;24,7;21,8;80;54;79;329;4,5;1,1;
2026/01/28;2100 UTC;,4;1009,6;1009,6;1009,3;602,4;27,2;23,9;28,5;27,2;25,1;23,1;84;76;82;10;5,5;,9;
2026/01/28;2200 UTC;0;1010,3;1010,3;1009,6;55,2;26;23,3;27,2;26;24,3;23;89;82;85;14;1,9;1,4;
2026/01/28;2300 UTC;0;1010,9;1010,9;1010,3;0;25;23,1;26,4;24,9;23,2;22,3;90;80;90;23;4;,3;
2026/01/29;0000 UTC;0;1011,6;1011,6;1010,9;0;26,6;23,1;27,5;24,7;23,9;22,9;91;76;81;14;4,9;2,1;
2026/01/29;0100 UTC;0;1011,9;1011,9;1011,6;0;26,9;23,1;27,3;26,5;23,2;23;81;77;79;358;5;2,6;
2026/01/29;0200 UTC;0;1011,4;1011,9;1011,4;0;26,9;22,6;27;26,4;23,1;22,5;82;77;77;360;5;2;
2026/01/29;0300 UTC;0;1010,7;1011,4;1010,7;0;25,6;23;27,1;25,4;23,1;22,3;87;75;86;348;3,8;,6;
2026/01/29;0400 UTC;0;1010,7;1010,7;1010,5;0;25,3;22,7;25,8;24,7;23,3;22,7;90;85;85;52;2,3;,5;
2026/01/29;0500 UTC;0;1010,5;1010,7;1010,4;0;25,2;22,8;25,3;23,9;23,1;22,5;92;85;86;126;2,6;1;
2026/01/29;0600 UTC;0;1009,8;1010,5;1009,8;0;23,5;22,5;25,2;23,5;22,9;22,5;94;86;94;325;2,6;0;
2026/01/29;0700 UTC;0;1009,8;1009,8;1009,6;0;23,3;22,4;23,6;23,3;22,7;22,4;95;94;95;23;1,4;,5;
2026/01/29;0800 UTC;0;1010,2;1010,3;1009,8;0;23,6;22,7;23,6;23,3;22,8;22,4;95;94;95;38;1,4;,1;
2026/01/29;0900 UTC;0;1010,7;1010,7;1010,2;36,9;24,2;21,6;24,2;23,6;22,8;21,3;95;85;86;4;2,1;1,1;
2026/01/29;1000 UTC;0;1010,9;1011;1010,7;439,7;26,6;21,4;26,6;24,2;22;21,2;86;73;73;23;2,1;,4;
2026/01/29;1100 UTC;0;1010,7;1010,9;1010,7;1452,7;28,5;22,4;28,5;26,5;22,6;21,3;75;68;70;110;1,5;,2;
2026/01/29;1200 UTC;0;1010,8;1010,9;1010,7;2215,7;30,5;22;30,5;28,5;22,6;21,3;70;61;61;86;2,8;,1;
2026/01/29;1300 UTC;0;1010,5;1010,8;1010,4;3017,4;32,2;21,1;32,3;29,9;23,1;20,1;63;49;52;39;4,3;1,2;
2026/01/29;1400 UTC;0;1010;1010,5;1010;3683,8;33;19,5;33,3;32,1;21,5;19,2;52;45;45;33;4,6;1,3;
2026/01/29;1500 UTC;0;1009,3;1010;1009,3;3798,2;34,1;19,6;34,4;33;21,5;19,4;49;43;43;16;4,4;1,2;
2026/01/29;1600 UTC;0;1008,8;1009,3;1008,8;3829,9;34,4;19;35,6;34;21,5;19;47;39;40;317;6;2;
2026/01/29;1700 UTC;0;1007,7;1008,8;1007,7;3109,4;33,5;23,6;35,7;33,1;23,7;19;56;40;56;225;7,9;3,2;
2026/01/29;1800 UTC;0;1007,1;1007,9;1007,1;2970,7;32,4;22,7;33,6;32;23,9;22,7;59;56;57;244;8,1;3,1;
2026/01/29;1900 UTC;0;1007,5;1007,5;1006,7;2161,9;31,3;22,4;32,8;31,3;23,4;22,1;59;55;59;222;7,9;2,7;
2026/01/29;2000 UTC;0;1008,7;1009,2;1007,5;422;26,3;19,6;31,4;26,2;22,8;19,1;68;58;67;86;11,1;3,8;
2026/01/29;2100 UTC;,2;1009,4;1009,4;1008,7;122,8;25,9;20,7;26,9;25,7;20,7;19;73;62;73;143;7,8;2;
2026/01/29;2200 UTC;0;1008,8;1009,5;1008,8;30,4;24,6;21,3;26,3;24,6;21,5;20,4;83;71;82;130;8;1,2;
2026/01/29;2300 UTC;0;1009;1009;1008,8;0;24,4;21,6;25;24,3;21,6;21,1;85;79;84;76;3,4;,2;
2026/01/30;0000 UTC;0;1009;1009,1;1008,8;0;24;21,7;24,4;23,5;22,1;21,5;92;84;87;43;2,1;,6;
2026/01/30;0100 UTC;0;1009,2;1009,5;1008,9;0;23,7;21,6;24;23,4;22;21,6;91;87;88;352;2,4;,1;
2026/01/30;0200 UTC;0;1008,5;1009,2;1008,5;0;24,5;19,9;24,6;23,7;21,8;19,9;88;75;75;1;6,9;3,1;
2026/01/30;0300 UTC;0;1008,1;1008,5;1008,1;0;24,8;19,3;25;24,3;20;19,1;77;70;72;8;7,8;3,1;
2026/01/30;0400 UTC;0;1007,1;1008,3;1007,1;0;24,4;19,6;24,8;24,3;19,6;19,3;75;71;75;16;5,8;2;
2026/01/30;0500 UTC;0;1006,6;1007,1;1006,6;0;24,1;19,5;24,6;24,1;19,6;19,4;76;73;75;10;6,8;2,9;
2026/01/30;0600 UTC;0;1006,4;1006,6;1006,4;0;24,1;19,4;24,4;23,9;19,5;19,3;77;73;75;11;5,4;2;
2026/01/30;0700 UTC;0;1006,1;1006,5;1006,1;0;23,4;19,9;24,3;23,4;20;19,4;81;74;81;42;3,8;,4;
2026/01/30;0800 UTC;0;1006,3;1006,3;1005,9;0;22;20,5;23,4;21,9;20,6;20;92;81;92;359;1,5;,2;
2026/01/30;0900 UTC;0;1007;1007;1006,3;39;22,8;21,3;22,8;21,9;21,5;20,4;94;91;92;31;1,7;,5;
2026/01/30;1000 UTC;0;1007,6;1007,6;1007;185,8;23,7;21,3;23,7;22,8;21,4;21,1;92;86;86;18;2,4;,9;
2026/01/30;1100 UTC;0;1007,8;1007,9;1007,6;390,2;25,5;19,6;25,5;23,7;21,5;19,4;87;69;70;349;4,5;2,2;
2026/01/30;1200 UTC;0;1007,9;1008;1007,8;806,8;26,2;20,6;26,5;25,5;20,8;19,4;72;67;71;17;5,9;1,7;
2026/01/30;1300 UTC;0;1007,7;1007,9;1007,7;844,3;28;21;28;26,2;21,1;19,9;73;63;66;336;3;,4;
2026/01/30;1400 UTC;0;1007,5;1007,7;1007,5;1541,7;29;20,9;29,2;27,8;21,6;20,1;68;60;62;2;5,6;1,9;
2026/01/30;1500 UTC;0;1006,6;1007,5;1006,6;1573,1;29,7;21,3;29,7;28,4;21,6;20,3;65;59;61;62;4,4;,4;
2026/01/30;1600 UTC;0;1005,6;1006,6;1005,6;1873;30,5;20,5;30,9;29,7;22,1;19,8;61;53;55;102;6;2,9;
2026/01/30;1700 UTC;0;1004,9;1005,6;1004,9;2252,3;30,7;20,9;30,7;29,8;22,4;20,2;63;54;56;147;6;2,2;
2026/01/30;1800 UTC;0;1004,1;1004,9;1004,1;2663,6;31,7;21,1;31,8;30,4;21,9;20,4;58;53;53;152;5,4;2,5;
2026/01/30;1900 UTC;0;1003,5;1004,1;1003,4;768,4;30,2;21;31,8;30,2;21,3;20,3;58;51;58;145;4,6;1,4;
2026/01/30;2000 UTC;2,4;1004,6;1004,6;1003,4;68,3;24,6;22,2;30,2;24,6;23,9;21;87;58;87;336;7,5;3,7;
2026/01/30;2100 UTC;1,6;1004,4;1004,9;1004,3;141;24,3;23,1;24,9;24;23,4;22;93;87;93;60;7,5;,1;
2026/01/30;2200 UTC;0;1005,3;1005,3;1004,4;22,1;24,5;23,2;24,7;24,2;23,7;23,1;95;92;92;341;2,7;,8;
2026/01/30;2300 UTC;0;1005,5;1005,5;1005,3;0;24,1;22,5;25;24,1;23,2;22,1;92;85;91;42;2,9;0;
2026/01/31;0000 UTC;0;1005,8;1005,9;1005,4;0;23,7;22,7;24,1;23,5;22,7;22,3;95;91;94;82;1,1;,1;
2026/01/31;0100 UTC;0;1006,3;1006,3;1005,8;0;23,5;22,7;23,7;23,5;22,9;22,6;95;94;95;19;1,1;0;
2026/01/31;0200 UTC;0;1005,8;1006,4;1005,8;0;23,6;22,8;23,8;23,5;23;22,7;96;95;95;22;,3;0;
2026/01/31;0300 UTC;0;1004,7;1005,8;1004,7;0;23,5;22,8;23,8;23,5;23;22,7;96;95;96;360;,9;0;
2026/01/31;0400 UTC;0;1004;1004,7;1004;0;23,2;22,5;23,5;23,2;22,8;22,5;96;96;96;22;,9;0;
2026/01/31;0500 UTC;0;1003,1;1004;1003;0;23,1;22,5;23,3;23,1;22,6;22,4;96;96;96;50;1,5;0;
2026/01/31;0600 UTC;0;1002,9;1003,1;1002,9;0;22,9;22,2;23,2;22,8;22,6;22,2;97;96;96;47;1,4;0;
2026/01/31;0700 UTC;0;1002,9;1003;1002,8;0;22,6;22;22,9;22,5;22,3;21,9;97;96;96;26;1,3;0;
2026/01/31;0800 UTC;0;1003,2;1003,2;1002,8;0;22,4;21,8;22,6;22,3;22;21,7;97;96;97;64;,8;0;
2026/01/31;0900 UTC;0;1003,6;1003,6;1003,2;21,3;22,5;21,9;22,9;22,3;22,3;21,7;97;96;97;25;1,5;0;
2026/01/31;1000 UTC;0;1004,3;1004,3;1003,6;431,8;26,3;21,1;26,4;22,5;23,2;20,9;97;72;73;339;5,6;3;
2026/01/31;1100 UTC;0;1004,8;1004,8;1004,2;744,6;27,1;21,4;27,1;25,8;21,7;20,7;75;71;71;339;7,3;3,8;
2026/01/31;1200 UTC;0;1005;1005,1;1004,8;2268,5;28,9;21,7;29;27,1;22,3;21,2;72;64;65;335;7,3;3,7;
2026/01/31;1300 UTC;0;1004,8;1005,1;1004,7;3032,2;31,1;22,6;31,1;28,9;22,6;20,7;67;58;61;326;7,4;2,7;
2026/01/31;1400 UTC;0;1004,5;1004,8;1004,5;3548,6;31,8;21,4;31,8;30,3;22,2;20,6;60;53;54;341;6,4;3,2;
2026/01/31;1500 UTC;0;1004;1004,6;1004;3837;32,3;21,2;32,8;31,3;22,1;20,3;56;49;52;340;7,2;2,3;
2026/01/31;1600 UTC;0;1003,3;1004;1003,3;3781,1;32,8;23,1;33,3;31,9;23,2;19,9;58;48;57;223;9;2,6;
2026/01/31;1700 UTC;0;1003,5;1003,5;1003,1;3327,3;31;22,7;32,8;30,7;23,2;22;63;56;61;235;8,3;3,3;
2026/01/31;1800 UTC;0;1002,7;1003,5;1002,6;2674,7;30;22,9;31,2;29,5;23,6;22,1;67;61;66;243;9,5;3,2;
2026/01/31;1900 UTC;0;1003,3;1003,3;1002,7;2214,8;28,5;22,2;30,3;28,5;23,6;22,1;69;65;69;234;8,9;3,8;
2026/01/31;2000 UTC;0;1003,6;1003,9;1003,3;621,3;28,3;21,5;28,6;27,9;22,5;21,5;71;66;67;243;8,3;2,8;
2026/01/31;2100 UTC;0;1004,6;1004,6;1003,6;114,1;27,7;22;28,3;27,6;22;21,4;71;67;71;257;6,3;,6;
2026/01/31;2200 UTC;0;1004,4;1004,7;1004,2;45,9;26,2;22,4;27,7;26;23;21,8;81;70;80;183;3,1;1,2;
2026/01/31;2300 UTC;0;1005,3;1005,3;1004,4;0;24,5;22,5;26,3;24,5;22,6;22,3;89;79;89;61;3,1;0;
2026/02/01;0000 UTC;0;1005,5;1005,5;1005,1;0;24,9;22,3;25,2;24,2;22,8;22,3;91;85;85;140;1,6;,2;
2026/02/01;0100 UTC;0;1005,9;1005,9;1005,4;0;23,6;22,4;24,9;23,6;22,5;22,1;93;85;93;50;1,1;0;
2026/02/01;0200 UTC;0;1005,6;1006,1;1005,6;0;23,8;22,5;23,8;23,2;22,5;22,1;94;92;92;94;1,5;,1;
2026/02/01;0300 UTC;0;1005,3;1005,7;1005,2;0;23,7;22,5;23,9;23,6;22,7;22,3;93;92;93;52;1,4;0;
2026/02/01;0400 UTC;0;1004,8;1005,3;1004,8;0;23,2;22,2;23,7;23,2;22,5;22,1;94;93;94;19;,8;0;
2026/02/01;0500 UTC;0;1003,9;1004,8;1003,9;0;22,9;22,2;23,4;22,8;22,4;22;95;94;95;25;0;0;
2026/02/01;0600 UTC;0;1003,5;1003,9;1003,5;0;22,5;21,8;23;22,5;22,3;21,7;96;95;96;103;0;0;
2026/02/01;0700 UTC;0;1003,1;1003,5;1003,1;0;22,5;21,9;22,6;22,3;21,9;21,6;96;96;96;64;0;0;
2026/02/01;0800 UTC;0;1003,3;1003,4;1003;0;22,4;21,8;22,5;22,2;22;21,6;97;96;97;5;,3;0;
2026/02/01;0900 UTC;0;1003,6;1003,6;1003,3;28,8;22,4;21,8;22,4;22,1;21,8;21,5;97;96;97;58;,1;0;
2026/02/01;1000 UTC;0;1003,5;1003,8;1003,5;415,9;25,9;23,1;26;22,4;24,1;21,9;97;83;84;170;2,3;,6;
2026/02/01;1100 UTC;0;1004,1;1004,1;1003,5;1426;28,1;23;28,6;25,9;23,9;22,8;84;73;74;116;3;,4;
2026/02/01;1200 UTC;0;1004,3;1004,4;1004;2304,1;32,2;21,2;32,3;28,1;24,4;20,7;76;51;52;26;4,8;1,9;
2026/02/01;1300 UTC;0;1003,8;1004,4;1003,7;3052,4;33,3;21,2;33,4;32,2;22,1;20,4;55;48;49;59;8,4;3,9;
2026/02/01;1400 UTC;0;1003,2;1003,8;1003,2;3559,5;34,4;21,4;34,5;33,3;22,4;20,2;52;45;47;53;8,4;2,7;
2026/02/01;1500 UTC;0;1002,6;1003,2;1002,6;3834,8;34,9;21,6;35,4;34,4;23,5;20,3;50;43;46;104;7,3;3,7;
2026/02/01;1600 UTC;0;1001,6;1002,6;1001,6;3755;36,1;22,3;36,2;34,9;23,2;21;49;42;45;103;7,4;3,2;
2026/02/01;1700 UTC;0;1000,6;1001,6;1000,6;3712,6;36,5;21,6;36,8;35,7;23;20,8;47;40;42;39;9,7;2,6;
2026/02/01;1800 UTC;0;1000,3;1000,7;1000,2;2363,8;36,3;21;37,5;35,8;22,5;20,1;46;37;41;55;6,7;2;
2026/02/01;1900 UTC;0;1000,4;1000,5;1000;610;34,7;21,9;36,2;34,7;22,4;20,8;48;41;48;236;4,4;1,2;
2026/02/01;2000 UTC;0;1000,5;1001;1000,4;537,7;32,4;21,5;34,7;32,3;22,3;21,1;53;48;53;240;5,4;1,5;
2026/02/01;2100 UTC;0;1001,4;1001,4;1000,5;254,2;32,6;21,4;32,8;32,3;21,6;21,2;53;51;52;275;6,3;,6;
2026/02/01;2200 UTC;0;1003,2;1003,2;1001,4;13,5;29,4;22,8;32,6;29,4;23,2;21,2;68;52;68;9;7;3,6;
2026/02/01;2300 UTC;0;1004,9;1004,9;1003,2;0;27,9;21,9;29,5;27,7;22,9;21,9;72;67;70;274;7,1;1,4;
2026/02/02;0000 UTC;20,6;1006,2;1007,3;1004,9;5,5;23;22,3;28,1;22,2;22,4;20,4;96;69;96;178;20,8;,6;
2026/02/02;0100 UTC;,2;1006,6;1007;1006,2;0;22,9;22,1;23,1;22,9;22,3;22;96;95;95;117;3,3;1,5;
2026/02/02;0200 UTC;,2;1005,9;1006,8;1005,9;0;23,2;22,2;23,3;22,8;22,3;22;95;94;94;127;4,9;1,4;
2026/02/02;0300 UTC;0;1005,5;1006;1005,3;,1;22,9;21,9;23,3;22,9;22,3;21,8;94;93;94;65;5,1;0;
2026/02/02;0400 UTC;0;1004,5;1005,5;1004,5;0;22,4;21,8;23;22,4;22,1;21,8;96;94;96;23;,2;0;
2026/02/02;0500 UTC;0;1004,1;1004,5;1004,1;0;22,3;21,7;22,4;22,3;21,9;21,7;97;96;97;63;,8;0;
2026/02/02;0600 UTC;0;1004,2;1004,4;1004,1;0;22,3;21,7;22,7;22,2;22,1;21,6;97;96;97;22;,3;0;
2026/02/02;0700 UTC;0;1004,6;1004,7;1004,1;0;23,1;22,3;23,1;22,3;22,4;21,7;97;96;96;352;2,2;0;
2026/02/02;0800 UTC;0;1004,4;1004,6;1004,2;0;23,7;21,6;24;23;22,5;21,6;96;87;88;17;4,4;2,6;
2026/02/02;0900 UTC;0;1004,5;1004,5;1004,3;27,2;24,4;21,7;24,5;23,6;21,7;21,5;89;84;85;10;4,8;2,7;
2026/02/02;1000 UTC;0;1004,8;1004,9;1004,5;362,2;26,7;21,9;26,7;24,4;22,5;21,7;85;75;75;1;4,6;2,4;
2026/02/02;1100 UTC;0;1005;1005;1004,7;1358,4;29,4;23,3;29,4;26,7;23,4;21,7;75;68;70;1;5,5;2;
2026/02/02;1200 UTC;0;1005,3;1005,3;1005;1749,1;29,9;22,7;30,1;29,3;23,7;22,2;70;64;66;6;4,3;2,3;
2026/02/02;1300 UTC;0;1005,3;1005,3;1005,2;1826,2;30,6;22,6;30,9;29,8;24,1;22,5;70;62;62;350;4,3;2;
2026/02/02;1400 UTC;0;1005,1;1005,3;1005,1;1238,6;30,8;23,5;31,1;30,5;23,8;22,7;67;62;65;353;4,1;1,2;
2026/02/02;1500 UTC;0;1005,2;1005,3;1005,1;1249,3;31;23,3;31,5;30,9;24,4;23,1;68;62;63;358;3,8;1,7;
2026/02/02;1600 UTC;0;1004,7;1005,2;1004,7;955,3;31,3;23,6;31,3;30,9;24,7;22,6;69;61;64;339;4,3;1,8;
2026/02/02;1700 UTC;0;1004,5;1004,7;1004,4;936,7;30,2;23,8;31,4;30,2;24,3;23,5;70;64;69;356;5,5;1,7;
2026/02/02;1800 UTC;0;1004,6;1004,6;1004,4;666,5;29,1;22,4;30,2;29;23,9;22;74;65;67;177;4,6;,5;
2026/02/02;1900 UTC;0;1004,3;1004,6;1004,3;836,3;29,6;21,5;29,7;29,1;23,1;21,5;68;61;62;224;4,4;1,5;
2026/02/02;2000 UTC;0;1004,5;1004,5;1004,3;655,4;29,4;21;30,1;29,4;22,4;20,7;65;58;61;244;4,9;1,6;
2026/02/02;2100 UTC;0;1005,1;1005,1;1004,3;228,5;27,9;21,9;29,5;27,9;22,2;20,8;71;60;70;160;5,2;,2;
2026/02/02;2200 UTC;0;1006,1;1006,1;1005,1;25;27,7;22,6;28,2;27,2;22,6;21,2;76;66;74;81;2;,2;
2026/02/02;2300 UTC;0;1006,8;1006,8;1006,1;0;25,9;23,2;27,6;25,9;23,5;22;87;72;85;97;1,5;0;
2026/02/03;0000 UTC;0;1007,2;1007,2;1006,8;0;26;23,3;26,4;25,7;23,6;23;88;82;85;128;1,8;,5;
2026/02/03;0100 UTC;0;1007,4;1007,5;1007,1;0;25,4;24,2;26,1;25,3;24,2;23,1;93;83;93;118;1,2;0;
2026/02/03;0200 UTC;0;1007,3;1007,6;1007,2;0;24,9;24;25,4;24,9;24,2;23,9;95;92;95;34;,5;0;
2026/02/03;0300 UTC;0;1007;1007,3;1007;0;25,1;23,7;25,1;24,9;24,2;23,7;95;92;92;19;1;0;
2026/02/03;0400 UTC;0;1006,4;1007;1006,4;0;25,2;23,8;25,2;24,9;23,9;23,7;93;92;92;6;1,7;0;
2026/02/03;0500 UTC;0;1005,9;1006,4;1005,9;0;25,2;23,9;25,5;25,1;24,2;23,8;94;91;92;14;1,6;,4;
2026/02/03;0600 UTC;0;1005,6;1005,9;1005,6;0;25,3;23,7;25,4;25,2;23,9;23,6;93;90;91;11;1,8;1,2;
2026/02/03;0700 UTC;0;1005,3;1005,6;1005,3;0;25,1;23,5;25,3;25;23,8;23,4;92;91;91;15;2,3;,6;
2026/02/03;0800 UTC;0;1005,7;1005,7;1005,3;0;25,2;23,3;25,3;25,1;23,5;23,2;91;89;89;29;2,1;,4;
2026/02/03;0900 UTC;0;1006;1006;1005,7;8,9;25,2;23,1;25,5;24,9;23,4;22,9;91;86;88;121;2,3;,4;
2026/02/03;1000 UTC;0;1006,2;1006,2;1006;263,2;26,3;22,9;26,3;25;23,6;22,7;91;81;82;53;1,6;0;
2026/02/03;1100 UTC;0;1006,4;1006,4;1006,2;1278,2;28,4;23;28,6;26,3;23,6;22,5;82;72;72;348;3,4;1,7;
2026/02/03;1200 UTC;0;1006,7;1006,9;1006,4;2205,1;30,4;23,4;30,4;28,4;23,9;22;74;62;66;153;4;,3;
2026/02/03;1300 UTC;0;1006,6;1006,8;1006,6;2941,9;31,9;22,2;32,3;30,4;23,9;21,6;67;54;57;169;2,8;,4;
2026/02/03;1400 UTC;0;1006;1006,7;1006;3274,4;32,5;23;33;31,4;23,2;21,3;59;52;57;70;3,5;,8;
2026/02/03;1500 UTC;0;1005,3;1006;1005,3;3153,8;33,1;23,6;34,1;32,3;24,4;21,7;60;51;57;207;5,7;2,7;
2026/02/03;1600 UTC;0;1004,6;1005,3;1004,6;2599,5;33,5;24,4;33,6;32,5;24,5;22,9;62;56;59;232;5,7;2,1;
2026/02/03;1700 UTC;0;1004;1004,6;1003,8;2208,8;32,8;23,8;33,7;32,1;25,1;23,3;64;57;59;225;4,8;1,8;
2026/02/03;1800 UTC;1,4;1005;1005;1003,5;149,5;24,9;22,3;32,8;24,9;24,4;22,3;85;59;85;28;9,2;4,1;
2026/02/03;1900 UTC;19;1004,6;1005,8;1004,2;82,6;23,6;22,8;24,9;22,9;22,9;22;96;86;95;99;9,2;,1;
2026/02/03;2000 UTC;0;1004,5;1005,1;1004,5;500,4;25,2;23;25,3;23,5;23,6;22,4;95;87;88;167;3,1;,2;
2026/02/03;2100 UTC;0;1004,7;1004,8;1004,5;423,6;25,6;23;25,7;25,1;23,6;22,3;90;82;86;146;1,9;,4;
2026/02/03;2200 UTC;0;1005,1;1005,2;1004,6;40,7;25;23,9;25,7;24,8;23,9;22,9;94;85;94;40;1,7;0;
2026/02/03;2300 UTC;0;1006;1006;1005,1;0;25;24,1;25,2;24,9;24,2;23,8;95;94;95;100;0;0;
2026/02/04;0000 UTC;0;1006,3;1006,4;1006;0;25;24,1;25,5;24,9;24,4;24;95;93;95;82;1,1;0;
2026/02/04;0100 UTC;0;1006,8;1006,9;1006,3;0;24,7;24;25;24,7;24,2;24;96;95;95;37;,8;,1;
2026/02/04;0200 UTC;0;1006,7;1006,9;1006,6;0;24,7;24;24,9;24,6;24;23,8;96;95;96;54;1,4;0;
2026/02/04;0300 UTC;0;1006,3;1006,7;1006,3;0;25,8;23,8;25,8;24,6;24,1;23,8;96;89;89;94;2,6;,8;
2026/02/04;0400 UTC;0;1005;1006,3;1005;0;24,9;23,7;25,8;24,9;23,8;23,5;93;89;93;106;3,5;0;
2026/02/04;0500 UTC;0;1004,4;1005,1;1004,4;0;24,4;23,7;24,8;24,3;23,8;23,6;96;93;96;133;,9;0;
2026/02/04;0600 UTC;0;1003,8;1004,4;1003,8;0;24,1;23,5;24,4;24,1;23,7;23,5;97;96;97;94;0;0;
2026/02/04;0700 UTC;0;1003,5;1003,9;1003,5;0;23,9;23,4;24,1;23,8;23,6;23,3;97;97;97;9;1,4;0;
2026/02/04;0800 UTC;0;1003,5;1003,5;1003,4;0;23,8;23,3;23,9;23,8;23,4;23,2;97;97;97;77;,7;0;
2026/02/04;0900 UTC;0;1004;1004;1003,5;26,4;24,2;23,7;24,2;23,8;23,7;23,3;97;97;97;355;0;0;
2026/02/04;1000 UTC;0;1004,2;1004,2;1004;195,1;25,7;24,6;25,7;24,2;24,7;23,7;97;94;94;352;2,2;0;
2026/02/04;1100 UTC;0;1004,5;1004,5;1004,1;659,2;28,1;23,8;28,2;25,7;24,9;23,8;94;78;78;20;3,1;1,2;
2026/02/04;1200 UTC;0;1004,8;1004,8;1004,4;1993,7;31,5;23,8;31,5;28,1;25;22,3;79;60;64;1;3;1,2;
2026/02/04;1300 UTC;0;1005,1;1005,1;1004,8;3300,3;32,5;23;32,6;31,1;25;22,1;66;54;57;49;5,6;1,3;
2026/02/04;1400 UTC;0;1004,9;1005,2;1004,8;3044,9;33,7;23,5;33,8;31,6;23,5;21,3;59;51;55;325;5,9;2,8;
2026/02/04;1500 UTC;0;1004,8;1004,9;1004,7;3641,8;33,3;22,9;33,9;32,5;24;21,9;59;51;55;330;9;3,2;
2026/02/04;1600 UTC;0;1004,9;1004,9;1004,6;1458,8;30,6;25,6;33,6;30,6;25,6;22,9;75;55;75;210;6;1,4;
2026/02/04;1700 UTC;1,2;1004,4;1004,9;1004,4;376,5;28,6;25,7;30,5;28,1;26,5;24,9;87;73;84;241;5,2;2,2;
2026/02/04;1800 UTC;0;1004,8;1004,8;1004,4;637,6;29,3;24,2;29,8;28,4;25,7;24,2;84;73;74;123;5,2;,4;
2026/02/04;1900 UTC;0;1004,5;1004,9;1004,5;781,9;29,4;24,3;29,4;28,4;25,8;24;83;74;74;138;4,7;0;
2026/02/04;2000 UTC;0;1004,6;1004,6;1004,3;1287,6;30,1;24,6;30,3;29,4;25,2;23,9;76;70;72;200;3,6;,8;
2026/02/04;2100 UTC;0;1005,3;1005,3;1004,6;341,9;29;22,7;30,1;29;24,6;22,5;73;66;69;202;4,1;1,3;
2026/02/04;2200 UTC;0;1006,2;1006,3;1005,3;18,7;28,1;22,8;29;27,8;23;22,3;75;67;73;187;2,9;,8;
2026/02/04;2300 UTC;1;1007;1007;1006,2;0;25,6;24,6;28,4;25,4;24,7;22,7;94;72;94;6;2,4;0;
2026/02/05;0000 UTC;0;1008;1008;1007;0;25,7;24;26,1;25,6;24,9;23,5;95;86;90;265;1,9;,1;
2026/02/05;0100 UTC;7,4;1008,7;1008,7;1008;0;24,6;23,6;25,7;24,4;24,2;23,3;94;90;94;322;3,9;,1;
2026/02/05;0200 UTC;,8;1009;1009,2;1008,6;,3;23,6;21,9;24,7;23,6;23,9;21,8;96;89;90;354;9,2;5;
2026/02/05;0300 UTC;27;1008,4;1009,5;1008,4;,1;22,3;21,6;23,6;22;22;21,3;96;90;96;184;9,2;0;
2026/02/05;0400 UTC;4,6;1007,7;1008,4;1007,7;0;22,5;21,7;22,5;22;21,8;21,4;97;95;95;148;2,9;1,2;
2026/02/05;0500 UTC;,6;1006,7;1007,7;1006,7;0;22,8;22,1;22,8;22,5;22,1;21,7;96;95;96;254;2,9;0;
2026/02/05;0600 UTC;0;1006,2;1006,7;1006,1;0;22,8;22,1;22,9;22,7;22,3;22,1;96;96;96;99;,8;0;
2026/02/05;0700 UTC;0;1006;1006,4;1006;0;22,6;22;22,8;22,6;22,2;22;97;96;97;139;,8;0;
2026/02/05;0800 UTC;0;1006;1006,2;1006;0;22,6;22,1;22,7;22,4;22,2;21,9;97;97;97;97;1,5;,2;
2026/02/05;0900 UTC;,2;1006,4;1006,4;1006;18;23,3;21,9;23,6;22,6;22,7;21,8;97;91;92;11;3,1;1,6;
2026/02/05;1000 UTC;0;1006,9;1006,9;1006,4;184,5;24;22,4;24;23,3;22,4;22;93;89;91;9;4,6;1,7;
2026/02/05;1100 UTC;0;1007,6;1007,6;1006,9;787;26,9;22,5;27,3;24;23,4;21,9;91;75;77;351;4,3;1,6;
2026/02/05;1200 UTC;0;1007,6;1007,8;1007,6;1822,3;27,9;23,4;28;26,9;24,1;22,3;82;73;76;22;4,4;1,5;
2026/02/05;1300 UTC;0;1007,8;1007,8;1007,5;2888,6;29,8;22,7;30;28;24,2;22,2;77;64;66;351;6;1,8;
2026/02/05;1400 UTC;0;1007,6;1007,9;1007,6;1988,6;30;23,1;30,3;29,7;23,4;22;68;62;66;346;5,1;1,8;
2026/02/05;1500 UTC;0;1007,2;1007,6;1007,2;2722,9;31,1;22,6;31,4;30;24,6;22,2;71;61;61;236;3,9;1,1;
2026/02/05;1600 UTC;0;1006,5;1007,2;1006,5;1730,1;29,5;24,2;32,2;29,3;24,2;22,3;73;57;73;213;6,5;2,1;
2026/02/05;1700 UTC;0;1005,9;1006,5;1005,9;1019,9;29;25,2;29,9;28,7;25,5;23,5;82;70;80;200;6,5;1,4;
2026/02/05;1800 UTC;,2;1005,4;1005,9;1005,4;573;27,7;24,6;29,9;27,7;25,5;24,1;85;73;83;182;5,3;1,7;
2026/02/05;1900 UTC;,8;1006,1;1006,1;1005,4;112,8;26,7;24,5;28,3;26,6;24,8;24,1;89;78;88;35;4,3;1,1;
2026/02/05;2000 UTC;,6;1006;1006,1;1005,5;285,1;26,8;23,9;27,2;26,6;24,9;23,4;89;80;84;347;7;2,9;
2026/02/05;2100 UTC;1,6;1006,4;1006,4;1006;45,1;25,1;23,8;26,8;25,1;24,2;23,5;93;84;92;5;7,1;2,5;
2026/02/05;2200 UTC;1,8;1007,5;1007,5;1006,4;3,3;24,8;23,8;25,1;24,8;23,8;23,6;94;92;94;12;5,6;2,1;
2026/02/05;2300 UTC;2;1008;1008;1007,5;0;24,9;23,8;24,9;24,7;23,9;23,7;95;94;94;346;4,1;1;
2026/02/06;0000 UTC;2,6;1008,6;1008,6;1008;0;24,7;23,9;25;24,7;23,9;23,7;95;93;95;29;3,1;0;
2026/02/06;0100 UTC;1,4;1008,8;1008,9;1008,6;0;24,8;23,9;24,8;24,6;24;23,8;96;95;95;13;3;1,2;
2026/02/06;0200 UTC;0;1009;1009;1008,9;0;24,7;23,8;25;24,6;24;23,7;95;94;95;19;3,7;1,2;
2026/02/06;0300 UTC;2,6;1008,7;1009;1008,6;0;24,4;23,5;24,7;24,4;23,8;23,5;95;95;95;19;3,7;1,2;
2026/02/06;0400 UTC;5,2;1008,4;1008,7;1008,4;0;24,2;23,4;24,4;24,1;23,6;23,4;96;95;96;17;4,7;1,8;
2026/02/06;0500 UTC;13,8;1008,2;1008,4;1008,2;0;24;23,4;24,2;24;23,5;23,3;96;95;96;357;4,1;1;
2026/02/06;0600 UTC;7,8;1007,7;1008,2;1007,7;0;24,2;23,5;24,2;24;23,6;23,3;96;96;96;57;4,5;0;
2026/02/06;0700 UTC;0;1007,5;1007,7;1007,5;0;24,2;23,5;24,3;24,1;23,7;23,5;97;96;96;7;2,7;1,3;
2026/02/06;0800 UTC;0;1007,3;1007,5;1007,2;0;24,2;23,4;24,3;24,1;23,6;23,4;96;95;95;354;2,6;,1;
2026/02/06;0900 UTC;0;1007,7;1007,7;1007,3;25;24,2;23,1;24,2;24;23,3;23;95;93;94;4;4,5;2;
2026/02/06;1000 UTC;0;1008,1;1008,1;1007,7;499,5;25,6;23,7;25,6;24,2;24;23,1;94;89;89;54;4,7;0;
2026/02/06;1100 UTC;0;1008,4;1008,5;1008,1;1338,9;26,9;23,5;27,2;25,5;24,3;23,4;90;81;82;354;3,8;1,7;
2026/02/06;1200 UTC;0;1009;1009;1008,4;2497;28,1;23,5;28,7;26,9;24,5;23,4;83;75;76;351;5,3;2,5;
2026/02/06;1300 UTC;0;1009,3;1009,3;1009;2088,3;28,3;23,3;29;28;24,8;22,8;80;70;74;15;5,4;2,4;
2026/02/06;1400 UTC;0;1009,1;1009,4;1009,1;3281,4;30,4;22,9;30,6;28,3;24,3;22,5;75;62;64;353;5,5;1,6;
2026/02/06;1500 UTC;0;1008,6;1009,1;1008,5;2714,9;30,2;24,2;30,8;29,4;24,8;22,8;74;63;70;233;5,2;2,1;
2026/02/06;1600 UTC;0;1007,9;1008,6;1007,9;2721,5;30,6;24,7;31;29,9;25,3;23,9;73;68;71;237;5,8;2,4;
2026/02/06;1700 UTC;0;1007,2;1007,9;1007,2;3048,1;30;23,9;31;29,9;25,4;23,9;73;68;70;235;6,4;2,5;
2026/02/06;1800 UTC;0;1006,6;1007,2;1006,6;2656,2;29,4;23,7;30,7;29,4;24,8;23,5;72;68;71;251;8,4;2,7;
2026/02/06;1900 UTC;0;1006,5;1006,7;1006,3;1285,1;28,6;23,3;30,2;28,4;24,3;23,2;75;69;73;250;8,4;2,7;
2026/02/06;2000 UTC;0;1006,9;1006,9;1006,4;551,1;27,9;23,2;28,9;27,9;23,6;22,9;76;71;76;250;6,7;2,8;
2026/02/06;2100 UTC;0;1007,3;1007,3;1006,9;143,3;27,5;23,4;28;27,4;23,6;23,2;79;76;78;258;7,5;2,2;
2026/02/06;2200 UTC;0;1008,2;1008,3;1007,3;5,1;27,3;23,5;27,5;27,2;23,7;23,2;81;78;80;241;6,3;1,1;
2026/02/06;2300 UTC;,6;1009,1;1009,1;1008,2;0;26,7;23,5;27,3;26,7;23,7;23,2;83;79;83;238;3,9;,3;
2026/02/07;0000 UTC;,6;1009,5;1009,6;1009,1;0;25,3;24,3;26,7;25;24,4;23,1;95;83;95;131;2,9;0;
2026/02/07;0100 UTC;1,2;1009,9;1009,9;1009,5;0;24,1;22,8;25,3;24,1;24,4;22,5;95;87;92;129;5,1;,2;
2026/02/07;0200 UTC;,8;1009,5;1009,9;1009,5;0;24,1;23,3;24,3;24;23,3;22,8;95;92;95;113;1,5;0;
2026/02/07;0300 UTC;0;1008,9;1009,5;1008,9;0;23,8;23,1;24,2;23,8;23,3;23,1;96;95;96;62;,6;0;
2026/02/07;0400 UTC;0;1008,2;1008,9;1008,2;0;24,2;23,6;24,2;23,8;23,6;23,1;96;96;96;165;,5;0;
2026/02/07;0500 UTC;0;1008,3;1008,3;1008;0;24;23,5;24,2;24;23,6;23,4;97;96;97;346;0;0;
2026/02/07;0600 UTC;0;1007,6;1008,3;1007,6;0;24,2;23,6;24,3;24;23,7;23,5;97;97;97;27;0;0;
2026/02/07;0700 UTC;0;1007,5;1007,6;1007,4;0;23,9;23,3;24,3;23,8;23,7;23,3;97;96;97;68;0;0;
2026/02/07;0800 UTC;0;1008;1008;1007,5;0;23,7;23,2;23,9;23,7;23,3;23,2;97;97;97;17;,9;,1;
2026/02/07;0900 UTC;0;1008,6;1008,6;1008;37,2;24;23,5;24,1;23,7;23,6;23,2;97;97;97;342;1,4;,2;
2026/02/07;1000 UTC;,4;1008,7;1008,7;1008,5;129,8;24,7;24;24,8;24;24,2;23,5;97;96;96;141;1,1;,1;
2026/02/07;1100 UTC;0;1009;1009,1;1008,7;534,8;26,1;24,2;26,1;24,7;24,4;24;96;89;89;226;1,1;0;
2026/02/07;1200 UTC;0;1009,1;1009,2;1009;1624,5;28;23,9;28;26,1;24,7;23,2;89;77;79;96;1,8;0;
2026/02/07;1300 UTC;0;1009,2;1009,2;1009;1390,4;28,3;24,6;28,5;27,8;24,8;23,5;81;75;80;1;2,5;1,1;
2026/02/07;1400 UTC;0;1009;1009,3;1009;2384,2;29,9;23,9;30,6;28,1;25,7;23,9;82;70;71;94;2,6;,5;
2026/02/07;1500 UTC;0;1008,4;1009;1008,4;2338,9;31;24,7;31,3;29,7;25,1;23,3;74;65;69;188;2,3;,6;
2026/02/07;1600 UTC;0;1007,5;1008,4;1007,5;1953,2;30,4;25,2;31,9;30;25,2;23,6;74;62;74;244;5,6;2,2;
2026/02/07;1700 UTC;0;1006,5;1007,5;1006,5;2730,8;31,5;25;31,5;30,1;25,4;24,3;73;68;69;225;6,1;2,4;
2026/02/07;1800 UTC;0;1006;1006,5;1005,4;3133,8;31,7;24,6;32,3;31;25,4;24,1;70;65;66;247;6,9;2,9;
2026/02/07;1900 UTC;34;1008,1;1008,1;1006;244,3;22,7;22;31,9;22,7;25,1;21,9;96;66;96;75;14,2;6,1;
2026/02/07;2000 UTC;32,2;1007,4;1008,3;1007,2;9,2;23,6;23;23,6;22,6;23,1;21,9;97;96;97;310;14,2;1,6;
2026/02/07;2100 UTC;1,4;1008;1008;1007,3;6,6;23,2;22,4;23,8;23,1;23;21,8;97;90;95;132;3,7;0;
2026/02/07;2200 UTC;1,8;1009,3;1009,3;1008;,2;23,6;23;23,7;23,2;23;22,4;96;95;96;90;1,4;0;
2026/02/07;2300 UTC;5,2;1009,3;1009,6;1009,3;0;23,7;23,1;23,7;23,4;23,2;22,8;97;96;97;344;1,2;,1;
2026/02/08;0000 UTC;,2;1009,1;1009,4;1009;0;23,5;23;23,7;23,4;23,1;22,9;97;97;97;22;1;0;
2026/02/08;0100 UTC;0;1009,1;1009,3;1009,1;0;23,6;23;23,8;23,5;23,3;23;97;96;97;58;0;0;
2026/02/08;0200 UTC;0;1009,3;1009,3;1009,1;0;23,5;23;23,7;23,5;23,2;23;97;97;97;22;0;0;
2026/02/08;0300 UTC;0;1009;1009,3;1009;0;23,7;23,3;23,7;23,5;23,3;23;97;97;97;25;1,6;,2;
2026/02/08;0400 UTC;0;1008,5;1009;1008,4;0;23,8;23,1;24,1;23,7;23,5;23;97;96;96;40;1,6;,2;
2026/02/08;0500 UTC;0;1008,2;1008,6;1008,2;0;24,1;22,8;24,4;23,6;23,1;22,8;96;91;92;6;4;1,7;
2026/02/08;0600 UTC;0;1008;1008,2;1007,9;0;25,2;23,2;25,2;24,1;23,2;22,7;92;88;89;346;4,7;2,4;
2026/02/08;0700 UTC;0;1008,4;1008,4;1008;0;24,9;23,5;25,2;24,9;23,6;23,2;92;89;92;355;7,1;3,2;
2026/02/08;0800 UTC;,4;1009;1009;1008,4;0;23,3;21,9;24,9;23,2;23,4;21,7;92;89;92;359;11,4;3;
2026/02/08;0900 UTC;0;1009,3;1009,4;1008,9;14,3;23,3;21,8;23,5;23,2;22;21,8;92;91;91;343;5,8;,3;
2026/02/08;1000 UTC;0;1010,2;1010,2;1009,3;234;24,3;21,4;24,3;23,3;22,2;21,4;91;84;84;350;5,1;2,7;
2026/02/08;1100 UTC;0;1010,5;1010,6;1010,2;850,6;26,8;23;26,8;24,3;23;21,4;85;78;79;342;5,5;1,4;
2026/02/08;1200 UTC;0;1010,3;1010,5;1010,2;1113,8;27;22,2;27,1;26,6;22,6;21,6;80;73;75;23;3,7;1,3;
2026/02/08;1300 UTC;0;1009,9;1010,3;1009,9;2219,3;28,7;22,5;28,8;26,7;23,2;21,3;78;66;69;5;3,7;1,9;
2026/02/08;1400 UTC;0;1009,4;1009,9;1009,4;2159;28,8;21,7;29,2;28,2;22,6;21,2;70;64;66;46;3,9;,8;
2026/02/08;1500 UTC;0;1008,6;1009,4;1008,6;2651,3;30,3;21,9;30,6;28,8;23,7;21,6;72;60;61;40;2,6;,4;
2026/02/08;1600 UTC;0;1008;1008,6;1008;2122;30,9;23,3;30,9;29,9;23,5;21,6;65;59;64;48;2,4;,4;
2026/02/08;1700 UTC;0;1007,2;1008;1007,2;1040,3;28,8;23,3;31,1;28,8;23,6;22,3;72;60;72;232;5,3;1,9;
2026/02/08;1800 UTC;,4;1007,1;1007,4;1007,1;394,6;26;23,3;28,8;26;24,3;23,1;85;72;85;248;8,5;3,2;
2026/02/08;1900 UTC;,6;1007,7;1007,7;1007,1;112,2;25,8;23,4;26;25,6;23,7;23,3;89;85;86;225;7,3;1,3;
2026/02/08;2000 UTC;,6;1008,4;1008,4;1007,7;71,6;25,2;23,8;25,9;24,8;24,1;23,3;93;86;92;175;5,3;1,4;
2026/02/08;2100 UTC;0;1009;1009;1008,3;87;25,8;23,2;26;25,2;23,9;23,2;92;85;86;239;4,4;1,2;
2026/02/08;2200 UTC;1,6;1009,6;1009,6;1009;,6;24,2;23,3;25,8;24,2;23,4;22,9;94;86;94;10;3,5;,3;
2026/02/08;2300 UTC;,8;1010,6;1010,6;1009,6;0;24,4;23,4;24,4;24;23,5;23,1;95;94;94;77;3,4;1;
2026/02/09;0000 UTC;2;1011,1;1011,1;1010,6;0;23,6;22,7;24,4;23,6;23,4;22,7;95;93;94;69;5,3;2,6;
2026/02/09;0100 UTC;,8;1011,4;1011,4;1011,1;0;23,4;22;23,7;23,3;22,7;22;95;92;92;88;4,9;1,8;
2026/02/09;0200 UTC;1,4;1011,6;1011,7;1011,4;0;22,4;21,6;23,4;22,4;22;21,5;95;92;95;150;4,9;1,4;
2026/02/09;0300 UTC;1,2;1011,2;1011,7;1011,1;0;22,3;21,5;22,5;22,3;21,7;21,4;96;95;95;119;4,4;1,2;
2026/02/09;0400 UTC;,6;1010,6;1011,2;1010,6;0;22,3;21,5;22,4;22,2;21,7;21,4;96;95;95;109;2,7;,7;
2026/02/09;0500 UTC;,2;1009,9;1010,6;1009,8;0;22,1;21,2;22,3;22;21,4;21,1;95;94;94;53;2,6;,2;
2026/02/09;0600 UTC;0;1009,3;1009,9;1009,3;0;22,1;21,4;22,2;22;21,5;21,1;96;94;96;170;1,9;0;
2026/02/09;0700 UTC;0;1009,1;1009,3;1009,1;0;22,2;21,5;22,3;22,1;21,7;21,5;96;96;96;221;1,7;0;
2026/02/09;0800 UTC;0;1009,3;1009,4;1009;0;22,3;21,7;22,3;22,1;21,7;21,5;96;96;96;347;1;0;
2026/02/09;0900 UTC;0;1009,5;1009,5;1009,3;8,6;22,2;21,6;22,4;22,2;21,7;21,6;96;96;96;61;,9;0;
2026/02/09;1000 UTC;0;1009,9;1009,9;1009,5;197,6;22,9;22;22,9;22,2;22,1;21,6;97;94;95;132;1,7;,6;
2026/02/09;1100 UTC;0;1010,4;1010,4;1009,9;552,7;24,1;22,4;24,1;22,9;22,7;21,9;95;89;90;90;2;0;
2026/02/09;1200 UTC;0;1011;1011;1010,4;876,3;25,1;22,4;25,2;24,1;22,9;22;90;83;85;74;1,3;,1;
2026/02/09;1300 UTC;,2;1011,7;1011,7;1011;932;25,1;23,1;25,5;24,9;23,1;22,2;89;83;89;92;2,4;,5;
2026/02/09;1400 UTC;,6;1011,7;1011,8;1011,7;1028,2;25,3;23,3;25,4;25;23,6;22,6;91;85;88;23;2,4;1,1;
2026/02/09;1500 UTC;,2;1011,4;1011,7;1011,4;1012,9;25,2;23,1;25,7;25;23,3;21,6;89;79;88;8;3,3;1,1;
2026/02/09;1600 UTC;,8;1010,6;1011,4;1010,6;667,3;25;23;25,2;24,9;23,3;22,4;90;86;89;26;2,2;,1;
2026/02/09;1700 UTC;,4;1010,1;1010,6;1010,1;1841,3;26,5;22,3;26,7;25;23,6;22,2;89;78;78;332;1,7;0;
2026/02/09;1800 UTC;,2;1009,9;1010,1;1009,9;1034,7;26,2;23;26,9;26,2;24,1;22,2;87;77;82;144;1,3;0;
2026/02/09;1900 UTC;2,4;1009,9;1010;1009,9;304,1;24,8;23,6;26,2;24,8;23,8;22,8;93;82;93;188;1,5;,1;
2026/02/09;2000 UTC;9,2;1009,9;1009,9;1009,8;111,5;24,3;23,5;24,8;24,2;23,8;23,3;96;93;96;185;3,7;1,2;
2026/02/09;2100 UTC;35,4;1010,7;1010,7;1009,9;16;22,5;22;24,3;22,5;23,6;21,9;97;96;97;5;2,7;,3;
2026/02/09;2200 UTC;16,8;1011,2;1011,2;1010,7;1;22,8;22,3;22,9;22,5;22,5;22;97;97;97;127;2,8;,9;
2026/02/09;2300 UTC;,2;1011,8;1011,8;1011,2;0;22,7;22,2;22,8;22,5;22,3;22,1;98;97;97;155;2;,2;
2026/02/10;0000 UTC;,4;1012,4;1012,4;1011,8;0;22,7;22,2;22,8;22,6;22,3;22,1;97;97;97;325;1,3;0;
2026/02/10;0100 UTC;2;1012,7;1012,7;1012,4;0;22,9;22,4;23;22,7;22,5;22,2;97;97;97;339;1,1;,3;
2026/02/10;0200 UTC;3,2;1012,1;1012,7;1012,1;0;23;22,5;23;22,9;22,5;22,4;97;97;97;209;1,1;,1;
2026/02/10;0300 UTC;,6;1011,6;1012,1;1011,5;0;22,9;22,4;23;22,9;22,6;22,4;97;97;97;5;1,4;,4;
2026/02/10;0400 UTC;,2;1011,1;1011,6;1011,1;0;23,1;22,6;23,1;22,8;22,6;22,3;97;97;97;242;1,4;0;
2026/02/10;0500 UTC;0;1010,4;1011,2;1010,4;0;23,1;22,6;23,2;23;22,7;22,5;97;97;97;103;0;0;
2026/02/10;0600 UTC;,2;1010;1010,4;1009,9;0;23,1;22,5;23,2;23;22,7;22,5;97;97;97;267;0;0;
2026/02/10;0700 UTC;0;1010,1;1010,1;1009,9;0;23,4;22,9;23,4;23,1;22,9;22,6;97;97;97;321;,8;0;
2026/02/10;0800 UTC;0;1010,5;1010,5;1010;0;23,2;22,7;23,4;23,2;22,9;22,7;97;97;97;41;0;0;
2026/02/10;0900 UTC;,2;1011,3;1011,3;1010,5;6,8;23,2;22,7;23,3;23,1;22,8;22,7;97;97;97;82;,9;0;
2026/02/10;1000 UTC;0;1011,7;1011,7;1011,2;292,4;24,1;23,5;24,2;23,2;23,6;22,7;97;96;96;187;,9;0;
2026/02/10;1100 UTC;0;1012;1012;1011,7;524,7;25,3;23,5;25,3;24,1;23,7;23,3;96;90;90;178;1,5;,3;
2026/02/10;1200 UTC;0;1012,3;1012,3;1012;914,8;26;23,1;26,3;25,2;23,7;23;90;83;84;185;2,3;,4;
2026/02/10;1300 UTC;0;1012,1;1012,4;1012,1;1313,7;26,8;23,1;27,3;25,8;24,1;22,9;86;80;80;127;2,7;1,2;
2026/02/10;1400 UTC;0;1011,6;1012,1;1011,6;2501,4;28,2;23,3;28,4;26,7;24,4;22,7;81;73;75;14;3;,7;
2026/02/10;1500 UTC;0;1011,4;1011,6;1011,4;2221,4;29,1;23,1;29,4;28,2;24,7;22;79;66;70;144;2,9;1,3;
2026/02/10;1600 UTC;0;1011,1;1011,4;1011,1;1668,4;29,7;22,9;29,8;29;23,9;22,1;73;65;67;92;3,1;1,3;
2026/02/10;1700 UTC;0;1010,4;1011,1;1010,4;1619,6;29,2;22,5;30;29,2;23,9;22,3;70;64;67;104;5,4;2,8;
2026/02/10;1800 UTC;0;1009,9;1010,5;1009,9;1201,7;29,3;22,7;29,3;28,9;23,1;21,5;69;63;68;123;6,1;1,2;
2026/02/10;1900 UTC;0;1009,5;1009,9;1009,5;616,3;27,6;22,5;29,3;27,3;23,5;21,6;80;64;74;129;3,6;,3;
2026/02/10;2000 UTC;0;1009,3;1009,5;1009,3;328,8;26,3;23,5;27,6;26,3;24,9;22,2;90;72;85;76;1,4;0;
2026/02/10;2100 UTC;0;1009,5;1009,5;1009,2;114,8;26,7;23,5;26,7;25,9;24,5;22,7;91;80;83;135;3,5;1,4;
2026/02/10;2200 UTC;0;1009,6;1009,6;1009,5;25,9;25,6;24,1;26,7;25,6;24,1;23,3;92;82;92;97;2,8;,2;
2026/02/10;2300 UTC;0;1009,9;1009,9;1009,6;0;25,2;23,6;25,6;24,9;24,2;23,5;95;90;91;142;1,5;0;
2026/02/11;0000 UTC;0;1010,5;1010,5;1009,9;0;24;23,3;25,2;24;23,7;23,3;95;91;95;5;0;0;
2026/02/11;0100 UTC;0;1010,9;1010,9;1010,5;0;24;23,4;24;23,8;23,4;23,1;96;95;96;35;,6;0;
2026/02/11;0200 UTC;0;1010,7;1011;1010,7;0;24,2;23,6;24,3;24;23,7;23,4;97;96;96;20;0;0;
2026/02/11;0300 UTC;0;1010,1;1010,7;1010,1;0;24,3;23,1;24,6;24,2;23,7;23,1;96;92;93;14;1,8;0;
2026/02/11;0400 UTC;0;1009,4;1010,1;1009,4;0;23,9;23,2;24,3;23,8;23,4;23,1;96;93;96;23;,7;0;
2026/02/11;0500 UTC;0;1008,9;1009,4;1008,9;0;24;23,3;24,2;23,8;23,4;23,1;96;95;96;76;1,5;0;
2026/02/11;0600 UTC;0;1008,7;1008,9;1008,7;0;24,1;23,4;24,4;23,9;23,6;23,2;96;95;96;46;1,4;0;
2026/02/11;0700 UTC;,2;1008,8;1008,8;1008,6;0;24,1;23,3;24,3;24;23,6;23,3;96;95;95;31;1,1;0;
2026/02/11;0800 UTC;0;1009;1009;1008,8;0;24,1;23,4;24,4;24,1;23,6;23,3;96;95;96;37;1,4;0;
2026/02/11;0900 UTC;0;1009,7;1009,7;1009;12;24,2;23,6;24,3;24,1;23,7;23,4;97;96;97;29;0;0;
2026/02/11;1000 UTC;0;1010,4;1010,4;1009,7;183,3;25,2;23,9;25,2;24,2;24,2;23,7;97;92;93;11;1,8;0;
2026/02/11;1100 UTC;0;1010,9;1010,9;1010,4;592,2;27,6;24;27,7;25,2;24,7;23,9;93;81;81;100;0;0;
2026/02/11;1200 UTC;0;1011,2;1011,2;1010,9;825,3;28,8;23,4;28,8;27,6;24,5;23,1;81;72;73;124;,1;0;
2026/02/11;1300 UTC;0;1011,1;1011,2;1011,1;1462;30,6;22,9;30,6;28,8;24,2;21,6;76;61;64;172;2,3;,3;
2026/02/11;1400 UTC;0;1010,9;1011,1;1010,9;3435,8;32,4;22,4;32,8;30,6;24,1;20,6;65;50;56;73;3,5;1,4;
2026/02/11;1500 UTC;0;1010,2;1010,9;1010,2;2188,9;32,2;22,3;32,8;32;23,1;20,6;57;50;56;29;3,9;1,2;
2026/02/11;1600 UTC;0;1009,6;1010,2;1009,6;1090,3;31,7;22,6;32,4;31,7;24,8;21,4;67;52;59;33;3,8;,1;
2026/02/11;1700 UTC;0;1009,2;1009,6;1009,2;928,4;32,2;24,1;32,4;31,2;26,2;21,6;73;55;62;166;2,5;0;
2026/02/11;1800 UTC;0;1009;1009,2;1009;1370,9;32,8;23,5;33;32,2;24,5;22,1;62;54;58;233;2,8;,9;
2026/02/11;1900 UTC;0;1008,9;1009,1;1008,9;985,4;31,5;24,7;33;31,5;25,2;23;68;56;68;237;3,5;1,2;
2026/02/11;2000 UTC;0;1009,2;1009,2;1008,9;702,9;31,2;24,8;31,6;31,2;25,3;23,9;70;64;69;207;3,6;,6;
2026/02/11;2100 UTC;0;1009,4;1009,5;1009,2;261,3;30,3;23,9;31,2;30,2;24,9;23,8;72;67;69;206;2,9;,9;
2026/02/11;2200 UTC;0;1011,1;1011,1;1009,4;43,2;27,8;22,5;30,4;27,8;24,3;22,5;75;67;73;90;6,5;2,8;
2026/02/11;2300 UTC;38,4;1012,2;1012,8;1011,1;2,7;23,4;22,9;27,8;22,7;23;21,6;97;73;97;230;10,8;,5;
2026/02/12;0000 UTC;,4;1012,1;1012,3;1011,8;0;23,4;22,9;23,5;23,2;23;22,7;97;97;97;101;1,7;0;
2026/02/12;0100 UTC;,4;1012,3;1012,4;1012;,1;23,9;23,2;23,9;23,3;23,2;22,6;97;95;96;241;1,9;0;
2026/02/12;0200 UTC;,2;1012,1;1012,3;1012,1;0;23,4;22,9;23,9;23,4;23,2;22,9;97;96;97;55;,6;0;
2026/02/12;0300 UTC;0;1011,7;1012,2;1011,7;0;23,2;22,8;23,5;23,2;23,1;22,8;97;97;97;13;0;0;
2026/02/12;0400 UTC;0;1011;1011,7;1011;0;23,5;23,1;23,5;23,1;23,1;22,7;98;97;98;104;0;0;
2026/02/12;0500 UTC;0;1010,5;1011;1010,5;0;23,3;22,9;23,5;23,2;23,1;22,8;98;97;98;52;0;0;
2026/02/12;0600 UTC;0;1010,5;1010,6;1010,4;0;23,3;22,9;23,4;23,2;23;22,8;98;97;98;27;0;0;
2026/02/12;0700 UTC;0;1010,7;1010,7;1010,4;0;23,3;22,8;23,4;23,2;23;22,7;98;97;97;78;1,7;0;
2026/02/12;0800 UTC;0;1011;1011;1010,7;0;23,3;22,9;23,4;23,1;22,9;22,5;97;97;97;114;,8;0;
2026/02/12;0900 UTC;0;1011,6;1011,6;1011;19,9;23,8;23,3;23,8;23,3;23,3;22,8;98;97;98;40;0;0;
2026/02/12;1000 UTC;0;1012,3;1012,3;1011,6;302,6;24,9;24,2;24,9;23,7;24,3;23,3;98;96;96;13;1,3;0;
2026/02/12;1100 UTC;0;1012,7;1012,7;1012,3;1011;27,3;24,4;27,4;24,9;24,7;23,9;96;84;84;132;,9;0;
2026/02/12;1200 UTC;0;1012,8;1012,9;1012,7;1712;30,2;24,4;30,2;27,1;25,8;23,5;87;69;71;144;1,7;,2;
2026/02/12;1300 UTC;0;1012,5;1012,9;1012,5;2229;31,5;22,8;31,7;29,9;24;22,3;71;58;60;120;4;1,7;
2026/02/12;1400 UTC;0;1012,1;1012,6;1012;3116,3;33,3;22,9;33,4;31,2;24,2;21,8;63;51;55;42;5,4;1,5;
2026/02/12;1500 UTC;0;1011,6;1012,1;1011,6;2514,6;31,9;22,9;33,6;31,9;23,2;21;59;49;59;27;5,6;1,4;
2026/02/12;1600 UTC;0;1010,9;1011,6;1010,9;1550,6;33,5;22,6;33,5;31,9;23,3;21,1;59;49;53;261;3,2;0;
2026/02/12;1700 UTC;0;1010;1010,9;1010;2326,5;34,6;22,9;34,6;33,2;24,2;21,1;57;49;51;196;2,5;,6;
2026/02/12;1800 UTC;0;1009,2;1010;1009,2;3052,5;35,6;22,6;35,8;34,7;24,4;21,8;53;45;47;105;3,5;,5;
2026/02/12;1900 UTC;0;1008,8;1009,2;1008,8;2149,3;34,9;23,2;35,7;34,7;23,9;21,9;52;46;51;237;5,2;1,8;
2026/02/12;2000 UTC;0;1009,1;1009,1;1008,7;1446,8;34,2;23,5;35,2;34,2;23,7;22,6;55;49;54;221;4,6;1,4;
2026/02/12;2100 UTC;0;1009,4;1009,4;1009,1;498,1;32,5;23,6;34,2;32,5;24,2;23,4;61;54;59;233;4,3;1,5;
2026/02/12;2200 UTC;0;1010,2;1010,2;1009,4;13,2;28,1;25;32,5;28,1;25;23,4;83;59;83;122;3,4;0;
2026/02/12;2300 UTC;0;1011,2;1011,2;1010,2;0;26,8;25,1;28,1;26,8;25,5;24,9;90;83;90;28;,7;0;
2026/02/13;0000 UTC;0;1011,9;1011,9;1011,1;0;26,1;24,8;26,8;26;25,1;24,7;93;89;93;61;1,4;0;
2026/02/13;0100 UTC;0;1012,7;1012,7;1011,9;0;25,3;23,9;26,2;25,2;24,8;23,8;93;91;92;28;1,1;0;
2026/02/13;0200 UTC;0;1012,8;1012,9;1012,7;0;24,5;23,3;25,4;24,4;24;23,2;94;91;93;89;1;0;
2026/02/13;0300 UTC;0;1012,5;1012,9;1012,5;0;24,1;23,1;24,5;24,1;23,4;23;94;93;94;328;0;0;
2026/02/13;0400 UTC;0;1012,5;1012,6;1012,5;0;23,6;22,7;24,1;23,6;23,1;22,6;95;94;95;34;0;0;
2026/02/13;0500 UTC;0;1012,2;1012,5;1012,2;0;23,3;22,6;23,6;23,3;22,7;22,5;96;94;96;4;0;0;
2026/02/13;0600 UTC;0;1012,3;1012,4;1012,2;0;23,1;22,5;23,3;23,1;22,6;22,4;96;96;96;11;0;0;
2026/02/13;0700 UTC;0;1012,4;1012,4;1012,3;0;22,6;22;23,1;22,6;22,4;22;97;96;96;328;0;0;
2026/02/13;0800 UTC;0;1012,6;1012,6;1012,3;0;22,4;21,9;22,6;22,3;22,1;21,7;97;96;97;7;0;0;
2026/02/13;0900 UTC;0;1013,2;1013,2;1012,6;16,9;22,4;21,9;22,4;22,1;21,9;21,6;97;97;97;28;0;0;
2026/02/13;1000 UTC;0;1013,6;1013,6;1013,2;351,8;26;23,1;26,1;22,4;24,3;21,9;97;84;84;336;1,3;0;
2026/02/13;1100 UTC;0;1013,9;1013,9;1013,5;1359,8;28,2;22,8;28,2;26;23,3;22,3;84;72;73;143;2,1;1;
2026/02/13;1200 UTC;0;1013,7;1013,9;1013,7;2242,9;30,8;23;30,9;28,2;24,1;22,3;73;60;64;143;3,6;,8;
2026/02/13;1300 UTC;0;1013,5;1013,8;1013,5;2975,2;32,5;21,8;32,5;30,6;23,7;21;65;51;53;111;4,5;2,1;
2026/02/13;1400 UTC;0;1012,7;1013,5;1012,7;3512,3;33,8;20,9;33,8;32,3;22,3;19,9;55;45;47;97;5,7;2,6;
2026/02/13;1500 UTC;0;1011,8;1012,7;1011,8;3725,5;34,7;22,2;34,7;33,5;23,6;19,5;55;42;48;144;6,7;1,5;
2026/02/13;1600 UTC;0;1011;1011,8;1011;3789,9;34,9;21,8;35,4;34;23,3;20,4;52;42;47;135;6,7;2,1;
2026/02/13;1700 UTC;0;1010;1011;1010;3389,9;35,7;20,8;35,9;34,8;22,5;20,2;48;41;42;149;5,4;1,7;
2026/02/13;1800 UTC;0;1009,2;1010;1009,2;2770,2;35,7;21,1;36,3;34,9;22,6;19,9;47;40;43;151;4,9;2,1;
2026/02/13;1900 UTC;0;1008,6;1009,2;1008,6;1703,4;34,3;21,1;36,6;34,1;23,5;19,7;54;38;46;100;4,9;1,5;
2026/02/13;2000 UTC;0;1008,4;1008,6;1008,3;1382,8;35;21,3;35,4;33,9;23;20,3;51;42;45;136;5,7;1,9;
2026/02/13;2100 UTC;0;1008,6;1008,6;1008,4;640,3;32,4;23,5;35,3;32,4;23,5;20,8;60;43;60;105;5,1;,3;
2026/02/13;2200 UTC;0;1009;1009;1008,6;36;28,7;23,3;32,3;28,6;24,8;22;74;58;72;145;2;,2;
2026/02/13;2300 UTC;0;1009,6;1009,6;1009;0;30,6;23,7;31,2;27,1;23,9;23,1;81;64;67;169;3,5;,7;
2026/02/14;0000 UTC;0;1010,4;1010,4;1009,6;0;26,9;24,7;30,6;26,9;24,9;23,7;88;67;88;107;2,8;0;
2026/02/14;0100 UTC;0;1011,2;1011,2;1010,4;0;26;24,2;26,9;25,7;24,7;24,1;91;88;90;285;,5;0;
2026/02/14;0200 UTC;0;1011,5;1011,5;1011,2;0;25,1;23,8;26;25,1;24,3;23,8;92;90;92;11;1;0;
2026/02/14;0300 UTC;0;1011,3;1011,5;1011,3;0;24,8;23,7;25,1;24,8;23,8;23,6;93;92;93;19;1,5;0;
2026/02/14;0400 UTC;0;1010,9;1011,3;1010,9;0;24,2;23;24,8;24,2;23,7;23;94;92;93;18;0;0;
2026/02/14;0500 UTC;0;1010,3;1010,9;1010,3;0;24,1;23;24,2;23,9;23,2;22,9;94;93;94;124;1,4;,2;
2026/02/14;0600 UTC;0;1010,3;1010,3;1010,2;0;23,7;23;24,1;23,7;23,1;22,9;96;94;95;6;1,4;0;
2026/02/14;0700 UTC;0;1010,7;1010,7;1010,3;0;23,5;22,8;23,7;23,5;23;22,8;96;95;96;33;,9;0;
2026/02/14;0800 UTC;0;1011,1;1011,1;1010,7;0;23,1;22,5;23,6;23,1;23;22,5;97;96;96;19;0;0;
2026/02/14;0900 UTC;0;1012;1012;1011,1;24,3;23,6;22,9;23,6;22,9;22,9;22,3;97;96;96;5;2,6;1,2;
2026/02/14;1000 UTC;0;1012,8;1012,8;1012;404,4;27,2;21,4;27,2;23,6;23;21,4;96;71;71;346;5,5;2,4;
2026/02/14;1100 UTC;0;1013,2;1013,2;1012,8;1298,9;29,1;22,3;29,1;27,2;22,5;20,9;71;64;67;359;6,4;3,2;
2026/02/14;1200 UTC;0;1013,1;1013,2;1013,1;2154,4;30,5;23,1;30,6;29,1;23,8;22,3;71;63;65;346;6,3;3,3;
2026/02/14;1300 UTC;0;1013,2;1013,2;1013,1;2809;31,4;23,3;32,5;30,3;24,6;22,6;67;59;62;318;5,7;1,4;
2026/02/14;1400 UTC;0;1012,7;1013,2;1012,7;2744,7;32,7;21,8;32,8;30,9;24,5;21,3;67;51;53;350;6,4;2,7;
2026/02/14;1500 UTC;0;1012;1012,7;1012;3718,2;32,4;24;33,3;31,5;24,8;21,5;65;52;61;340;7,1;3,4;
2026/02/14;1600 UTC;0;1011,4;1012;1011,3;3844,7;32,6;23,2;33;32,2;24,6;22,4;63;54;58;352;7,7;4,3;
2026/02/14;1700 UTC;0;1010,7;1011,4;1010,7;3380,4;33;23,6;33,3;31,9;24,5;22,5;61;54;58;345;7,6;4,1;
2026/02/14;1800 UTC;0;1010,3;1010,8;1010,1;2503,6;32,8;22,4;33,4;32;23,9;21,7;59;51;54;276;10;1,3;
2026/02/14;1900 UTC;0;1010,1;1010,3;1010,1;2390,7;32,9;21,7;33,6;32,4;22,4;20,3;55;48;52;321;7,7;2,2;
2026/02/14;2000 UTC;0;1010,3;1010,3;1010;1480,7;30,9;24;32,9;30,8;24,2;20,9;67;51;67;229;7,7;1,8;
2026/02/14;2100 UTC;0;1010,9;1010,9;1010,3;636,3;29;23,8;31;29;24,4;23,6;74;66;73;286;4,9;1,4;
2026/02/14;2200 UTC;0;1011,2;1011,3;1010,9;46;27,7;23,7;29,1;27,7;24,1;23,5;79;73;79;231;4,9;1;
2026/02/14;2300 UTC;0;1011,9;1011,9;1011,2;0;26,1;23,9;27,7;25,8;24,3;23,7;90;79;88;84;3,1;,5;
2026/02/15;0000 UTC;0;1012,5;1012,5;1011,9;0;26,1;23,2;26,2;25,7;24,1;23,1;90;84;84;357;2,7;1,6;
2026/02/15;0100 UTC;0;1012,7;1012,7;1012,4;0;25,8;23,2;26,3;25,8;23,4;23,2;86;83;86;16;2,7;1,8;
2026/02/15;0200 UTC;0;1012,6;1012,8;1012,6;0;25,7;23;25,9;25,5;23,2;23;87;85;85;357;2,7;1,4;
2026/02/15;0300 UTC;0;1012,2;1012,7;1012,2;0;25,7;23,3;26;25,3;23,3;23;87;84;86;351;3,1;,4;
2026/02/15;0400 UTC;0;1011,9;1012,2;1011,9;0;25,9;23,1;26,1;25,7;23,3;23;86;83;85;5;3,4;1,4;
2026/02/15;0500 UTC;0;1011,6;1011,9;1011,6;0;25;23,2;26;24,9;23,3;22,9;90;84;90;19;3,7;,9;
2026/02/15;0600 UTC;0;1011,7;1011,8;1011,6;0;24,5;23,2;25,3;24,5;23,4;23,1;92;88;92;43;1,5;0;
2026/02/15;0700 UTC;0;1011,7;1011,7;1011,6;0;23,7;22,9;24,5;23,7;23,3;22,9;95;92;95;58;,4;0;
2026/02/15;0800 UTC;0;1011,9;1011,9;1011,7;0;23,3;22,6;23,7;23,3;22,9;22,6;96;95;96;35;0;0;
2026/02/15;0900 UTC;0;1012,5;1012,5;1011,9;17,8;23,3;22,7;23,3;23,1;22,7;22,5;96;96;96;43;0;0;
2026/02/15;1000 UTC;0;1013;1013;1012,5;318,1;26,2;23,6;26,2;23,3;24,1;22,7;96;85;86;150;1;,1;
2026/02/15;1100 UTC;0;1013,3;1013,3;1013;1290,8;27,9;23,4;27,9;26,2;23,8;22,7;86;75;77;27;2;,5;
2026/02/15;1200 UTC;0;1013,3;1013,4;1013,2;1740,7;29,1;22,6;29,2;27,7;24,1;22,6;77;68;68;186;2,1;,8;
2026/02/15;1300 UTC;0;1013,2;1013,4;1013,2;2961,6;30;22,1;30,7;29;23,2;21,9;70;61;63;113;4,7;1,4;
2026/02/15;1400 UTC;0;1012,6;1013,2;1012,6;3151,6;31,2;21,9;31,3;29,9;23,8;21,8;65;58;58;4;2,9;1,1;
2026/02/15;1500 UTC;0;1012;1012,6;1012;3340,7;32,1;22,2;32,4;31,3;23,2;21,2;62;54;56;186;4,1;2,1;
2026/02/15;1600 UTC;0;1011,4;1012;1011,4;3695,9;32,8;24,1;33;32,1;25,2;22,7;65;56;61;248;5,4;2;
2026/02/15;1700 UTC;0;1010,9;1011,4;1010,9;3489,5;32,2;23,8;33;32,1;24,8;23,2;63;57;61;238;5,8;2,5;
2026/02/15;1800 UTC;0;1010,5;1010,9;1010,5;2983,6;31,8;24,1;33,1;31,7;24,8;23,2;65;59;64;236;6,6;2,9;
2026/02/15;1900 UTC;0;1010,4;1010,5;1010,3;2222,9;31;23,8;32;30,9;24,3;23,4;66;62;66;233;6,7;2,4;
2026/02/15;2000 UTC;0;1010,5;1010,5;1010,4;1361,1;30,7;23,3;31,2;30,5;24;23,1;67;64;65;230;6,6;2,2;
2026/02/15;2100 UTC;0;1011;1011;1010,5;486;29,2;22,6;30,7;29,1;23,4;22,6;68;64;68;231;5;1,6;
2026/02/15;2200 UTC;0;1011,8;1011,8;1011;33;28,5;21,6;29,2;28,4;22,6;21,3;69;65;66;199;5,1;,7;
2026/02/15;2300 UTC;0;1012,2;1012,2;1011,8;0;28,1;22,9;28,5;27,9;23;21,6;74;66;74;267;6,3;2;
2026/02/16;0000 UTC;0;1012,6;1012,6;1012,2;0;27,9;23;28,2;27,8;23,1;22,7;75;72;75;210;4,9;1,1;
2026/02/16;0100 UTC;0;1012,7;1012,7;1012,6;0;27,4;23,6;27,9;27,4;23,6;23,1;80;75;80;220;2,8;,5;
2026/02/16;0200 UTC;0;1012,8;1012,9;1012,7;0;25,1;23,8;27,4;25;23,9;23,5;93;80;93;43;1,8;0;
2026/02/16;0300 UTC;0;1012,5;1012,9;1012,5;0;24,7;23,4;25,1;24,7;23,9;23,4;94;92;93;42;1,5;0;
2026/02/16;0400 UTC;0;1012;1012,5;1012;0;25,5;23,4;25,5;24,5;23,5;23,2;93;88;89;19;2,8;1,8;
2026/02/16;0500 UTC;0;1011,5;1012;1011,5;0;25,3;23,5;25,5;25,2;23,5;23,3;90;88;90;7;3,5;1,6;
2026/02/16;0600 UTC;0;1011,6;1011,6;1011,4;0;25,8;23,9;26,2;25,3;24;23,6;90;88;89;24;3,8;1,7;
2026/02/16;0700 UTC;0;1011,6;1011,7;1011,5;0;25,5;23,7;25,9;25,5;24;23,6;90;89;89;7;3,6;1,3;
2026/02/16;0800 UTC;0;1011,6;1011,6;1011,5;0;24,8;23,4;25,8;24,8;23,7;23,3;92;88;92;18;2,5;1,6;
2026/02/16;0900 UTC;0;1011,9;1011,9;1011,6;13,3;24,4;22,9;24,9;24,3;23,4;22,8;93;90;92;37;2,5;,5;
2026/02/16;1000 UTC;0;1012,6;1012,6;1011,9;348,1;27;23,8;27;24,3;23,9;22,9;94;82;82;24;1,6;0;
2026/02/16;1100 UTC;0;1012,9;1012,9;1012,6;1299,3;29;23,6;29;27;24,2;22,9;82;70;72;92;1,8;,2;
2026/02/16;1200 UTC;0;1013;1013;1012,9;2193,3;30,7;22,3;30,7;29,1;24,2;22,3;73;61;61;148;3,1;,7;
2026/02/16;1300 UTC;0;1012,8;1013;1012,8;2921,3;31,4;21,3;32,2;30,7;23,1;21,1;63;54;55;104;3,8;1;
2026/02/16;1400 UTC;0;1012,2;1012,8;1012,2;3456,3;33,1;22,1;33,1;31,3;22,5;19,1;58;45;53;152;4;1,1;
2026/02/16;1500 UTC;0;1011,7;1012,2;1011,7;3755,8;33,9;21,9;34;32,6;22,4;20,1;54;45;49;204;4,9;1,2;
2026/02/16;1600 UTC;0;1010,7;1011,7;1010,7;3742,3;34,4;20,1;34,6;33,4;21,9;19,1;49;42;43;236;4,3;1,3;
2026/02/16;1700 UTC;0;1009,9;1010,7;1009,9;3495,6;34,6;20,2;35,1;34,1;22;19,5;48;42;43;343;5;1,4;
2026/02/16;1800 UTC;0;1009,3;1009,9;1009,3;3041,2;34,8;22;35,2;34,5;22,9;19,2;50;39;48;219;5,5;2,4;
2026/02/16;1900 UTC;0;1009,2;1009,3;1009,1;2249,5;33,8;22,8;34,8;33,6;23,2;22,2;53;48;53;229;5,9;2,4;
2026/02/16;2000 UTC;0;1009,1;1009,2;1009;1381,9;32,7;21,7;33,8;32,7;22,6;21,7;54;51;52;242;6,4;2,1;
2026/02/16;2100 UTC;0;1009,5;1009,5;1009,1;526,1;31,4;22,7;32,7;31,4;22,7;21,6;60;52;60;228;5;1,6;
2026/02/16;2200 UTC;0;1010,1;1010,1;1009,4;26,5;29,5;23;31,4;29,5;23;22,3;68;59;68;207;3,4;,9;
2026/02/16;2300 UTC;0;1010,8;1010,8;1010,1;0;26,5;24,2;29,6;26,5;24,2;22,9;87;67;87;113;2,1;0;
2026/02/17;0000 UTC;0;1011,6;1011,6;1010,8;0;28,6;23,2;28,6;26,4;24,3;23,2;87;72;73;133;2,5;,8;
2026/02/17;0100 UTC;0;1011,7;1011,7;1011,5;0;26,1;24,1;28,5;25,9;24,2;23,4;89;73;89;102;2,4;0;
2026/02/17;0200 UTC;0;1011,8;1011,9;1011,7;0;25,4;24;26,1;25,3;24,2;23,9;92;89;92;40;,5;0;
2026/02/17;0300 UTC;0;1011,3;1011,8;1011,3;0;25,1;23,9;25,4;25;24;23,9;94;92;93;110;0;0;
2026/02/17;0400 UTC;0;1010,5;1011,3;1010,5;0;24,9;23,8;25,1;24,8;24;23,8;94;93;94;114;1,7;,1;
2026/02/17;0500 UTC;0;1010,1;1010,5;1010,1;0;25,4;24;25,4;24,6;24,2;23,7;95;92;92;110;1,6;,3;
2026/02/17;0600 UTC;0;1009,8;1010,1;1009,7;0;24,4;23,7;25,4;24,4;24,1;23,5;96;92;96;64;1,2;0;
2026/02/17;0700 UTC;0;1009,7;1009,8;1009,7;0;24,1;23,4;24,4;24,1;23,8;23,4;96;96;96;29;0;0;
2026/02/17;0800 UTC;0;1009,8;1009,8;1009,5;0;23,7;23,1;24,2;23,7;23,6;23;96;96;96;344;0;0;
2026/02/17;0900 UTC;0;1010,3;1010,3;1009,8;14,2;23,7;23,2;23,7;23,4;23,2;22,8;97;96;97;12;1,2;,6;
2026/02/17;1000 UTC;0;1010,7;1010,7;1010,3;324,9;26,7;24,3;26,7;23,7;24,4;23;97;86;87;13;2,3;1,2;
2026/02/17;1100 UTC;0;1010,8;1010,8;1010,6;1332,4;29,5;22;29,5;26,7;24,2;21,2;87;64;64;7;2,5;,6;
2026/02/17;1200 UTC;0;1011;1011;1010,8;2165,8;30,9;22,1;31,1;29,1;23,7;21,6;69;60;60;45;2,9;,9;
2026/02/17;1300 UTC;0;1010,4;1011;1010,4;2862,4;33;21,6;33;30,8;23,2;21,2;63;51;52;109;6,3;3,1;
2026/02/17;1400 UTC;0;1009,8;1010,4;1009,8;3382,7;33,7;20,7;33,9;32,7;23,2;20,2;54;45;47;100;6,3;3,1;
2026/02/17;1500 UTC;0;1009,2;1009,8;1009,2;3716,5;34,5;19,9;34,7;33,7;22,4;19,8;52;42;43;48;5,7;1,7;
2026/02/17;1600 UTC;0;1008,4;1009,2;1008,4;3573,3;35,4;20,2;35,9;34,4;22,6;19,1;49;39;41;41;4,2;1,7;
2026/02/17;1700 UTC;0;1007,5;1008,4;1007,5;3360,8;36,1;19,1;36,4;35,2;22;18,6;46;35;37;79;3,8;1,3;
2026/02/17;1800 UTC;0;1006,7;1007,5;1006,7;3090,5;37,1;18;37,1;35,9;21,1;17,5;42;32;33;37;4,4;,4;
2026/02/17;1900 UTC;0;1006,2;1006,7;1006,1;2269,1;35,8;22,7;37,4;35,8;23,5;17,5;48;32;47;241;4,6;1,4;
2026/02/17;2000 UTC;0;1006,3;1006,3;1006,1;988,7;33,7;23,2;36;33,6;23,7;22,2;55;46;54;219;4,9;1,7;
2026/02/17;2100 UTC;0;1006,3;1006,3;1006,2;590,8;32,8;23,1;33,8;32,7;23,4;22,8;58;54;57;246;4,3;1,1;
2026/02/17;2200 UTC;0;1006,8;1006,8;1006,3;38,7;30,2;22,9;32,8;29,4;24,4;21,9;74;55;65;165;2,9;,4;
2026/02/17;2300 UTC;0;1007,4;1007,4;1006,8;0;27,5;22,5;30,4;27,1;24,5;21,8;80;60;74;94;1,8;,1;
2026/02/18;0000 UTC;0;1008;1008;1007,4;0;26,2;21,4;27,7;26;22,7;21,2;80;71;75;37;2,3;,2;
2026/02/18;0100 UTC;0;1008,3;1008,3;1008;0;25,5;22,2;26,6;25,5;22,2;20,9;82;70;82;335;1,6;,3;
2026/02/18;0200 UTC;0;1008,1;1008,3;1008;0;29,2;21,9;29,5;25,5;22,4;21,4;82;62;65;357;4,6;2,5;
2026/02/18;0300 UTC;0;1007,6;1008,1;1007,6;0;27,3;23,3;29,2;27,3;23,3;21,9;79;65;79;6;4,6;1,8;
2026/02/18;0400 UTC;0;1007,4;1007,6;1007,3;0;26,4;23,7;27,6;26,3;23,7;23,2;85;77;85;22;2,8;1,6;
2026/02/18;0500 UTC;0;1006,9;1007,4;1006,9;0;28,5;23;28,6;26,3;23,7;22,9;86;71;72;5;4,4;2,4;
2026/02/18;0600 UTC;0;1006,5;1006,9;1006,5;0;27,8;22,7;28,6;27,8;23;22,6;74;71;74;7;4,8;2;
2026/02/18;0700 UTC;0;1006,4;1006,5;1006,4;0;28,4;21,9;28,5;27,5;22,8;21,9;75;68;68;351;4,3;2,1;
2026/02/18;0800 UTC;0;1006,6;1006,7;1006,4;0;28,1;21,5;28,6;28,1;22;21,5;69;66;68;356;5,8;2,5;
2026/02/18;0900 UTC;0;1006,9;1006,9;1006,5;12,4;27,7;21,2;28,2;27,1;21,5;21,2;71;67;67;354;6,5;2,9;
2026/02/18;1000 UTC;0;1007,1;1007,3;1006,9;339,1;28,8;21,8;28,8;27,7;21,9;21,1;68;65;66;14;6,5;2;
2026/02/18;1100 UTC;0;1007,5;1007,6;1007,1;1318,4;30,9;22;30,9;28,8;22,5;21,5;66;58;59;350;5,5;2,1;
2026/02/18;1200 UTC;0;1007,8;1007,9;1007,5;2175,6;32;21,8;32;30,7;22,9;21,4;61;55;55;3;5,6;1,8;
2026/02/18;1300 UTC;0;1007,6;1007,8;1007,6;2877,5;33,1;22,6;33,4;31,9;23,4;21,4;58;50;54;359;5;1,6;
2026/02/18;1400 UTC;0;1007,3;1007,6;1007,3;3399,7;34,1;22,3;34,2;33;23,9;21,5;56;49;50;2;4,5;1,9;
2026/02/18;1500 UTC;0;1006,6;1007,3;1006,6;3706,2;34,9;23;35,2;34,1;24,1;21,8;55;47;50;23;5,3;2,6;
2026/02/18;1600 UTC;0;1005,7;1006,6;1005,7;3839,9;35;23,1;35,8;34,8;24,2;21,6;53;45;50;237;6,7;3;
2026/02/18;1700 UTC;0;1005,3;1005,7;1005,3;3258,8;33,4;22,8;35,2;32,8;24;22,6;56;50;54;223;8,5;4;
2026/02/18;1800 UTC;0;1004,9;1005,3;1004,8;2625,4;32,4;23,5;33,7;31,9;23,5;21,9;60;53;60;243;10,3;4,4;
2026/02/18;1900 UTC;0;1005,4;1005,5;1004,8;2468,6;32,2;24,4;32,8;31,4;24,6;23,6;66;60;64;250;10,3;3;
2026/02/18;2000 UTC;0;1005,8;1005,9;1005,4;343;28,5;20,3;32,3;28,3;24,6;19,1;65;56;61;132;10,2;,5;
2026/02/18;2100 UTC;0;1007;1007;1005,8;101,9;26;21,5;28,6;26;22;20,4;78;61;76;83;8,5;2,4;
2026/02/18;2200 UTC;0;1007,2;1007,5;1006,9;3,9;24,3;22,8;27;24,3;22,9;21,5;92;73;91;332;9;4,7;
2026/02/18;2300 UTC;0;1006,4;1007,2;1006,3;0;24,7;22,4;25,5;24,3;23,2;21,9;92;81;87;36;9;,7;
2026/02/19;0000 UTC;0;1007;1007;1006,4;0;23,7;22,2;24,9;23,7;22,5;21,7;91;83;91;8;2,9;,1;
2026/02/19;0100 UTC;0;1007,3;1007,5;1007;0;24;22,4;24,1;23,3;22,5;22,1;93;90;91;357;2,1;,9;
2026/02/19;0200 UTC;0;1007,6;1007,8;1007,3;0;24,1;22,3;24,2;23,5;22,5;22,2;92;89;90;11;3,2;1,2;
2026/02/19;0300 UTC;0;1007,5;1007,7;1007,5;0;23,4;21,9;24,1;23,4;22,3;21,8;91;88;91;41;2,4;,8;
2026/02/19;0400 UTC;0;1006,6;1007,5;1006,6;0;22,8;21,5;23,6;22,7;21,9;21,5;93;90;92;24;1,7;,2;
2026/02/19;0500 UTC;0;1005,7;1006,6;1005,7;0;22,3;21,4;23,2;22,3;21,7;21,4;95;90;95;34;2;0;
2026/02/19;0600 UTC;0;1005,5;1005,7;1005,4;0;22,4;21,4;22,5;22,2;21,5;21,3;95;94;94;44;2,1;,1;
2026/02/19;0700 UTC;0;1005,1;1005,5;1005,1;0;22,3;21,4;22,4;22,2;21,5;21,3;95;94;95;41;1,2;0;
2026/02/19;0800 UTC;0;1005,3;1005,4;1005;0;22,6;21,4;22,7;22,2;21,6;21,3;95;93;93;39;2,1;,1;
2026/02/19;0900 UTC;0;1005,8;1005,8;1005,3;15,6;22,4;21,5;22,6;22,2;21,5;21,2;95;93;94;21;1,6;0;
2026/02/19;1000 UTC;0;1006,4;1006,4;1005,7;313,1;25;22;25;22,4;22,9;21,5;95;83;83;342;1,9;,2;
2026/02/19;1100 UTC;0;1007,1;1007,1;1006,4;1131;27;22,3;27;25;22,4;21,3;84;74;76;25;2,9;,9;
2026/02/19;1200 UTC;0;1007,5;1007,5;1007,1;1835,2;29;21,6;29,1;26,6;23,6;21,6;78;65;65;21;3,5;1,6;
2026/02/19;1300 UTC;0;1007,4;1007,5;1007,4;2917,4;30,3;21,6;30,4;29;23,2;21;68;59;60;45;4,1;1,9;
2026/02/19;1400 UTC;0;1007,1;1007,5;1007,1;3480,6;31,4;21,8;32,2;30,2;23,2;21,3;63;56;57;9;4,3;1,9;
2026/02/19;1500 UTC;0;1006,5;1007,1;1006,5;3520,5;32,3;21,3;33;31;24,1;20,5;63;50;52;342;4,7;1,1;
2026/02/19;1600 UTC;0;1005,5;1006,5;1005,5;3653;33,4;21,2;33,9;32,3;23,7;20,6;59;47;49;9;3,9;1,4;
2026/02/19;1700 UTC;0;1005,4;1005,5;1005,3;3351,8;32,2;24,3;33,5;32;24,8;20,9;64;48;63;241;7,6;2,8;
2026/02/19;1800 UTC;0;1005;1005,6;1005;1451,4;31,2;24,5;32,2;29,9;24,9;23,7;73;62;68;223;7,2;3,3;
2026/02/19;1900 UTC;0;1005;1005,1;1004,9;1437,4;30,5;23,6;31,8;30,4;24,8;23,3;68;63;67;234;7,2;2,5;
2026/02/19;2000 UTC;0;1005,2;1005,3;1005;444,7;29,9;23,2;30,6;29,8;23,8;23,1;69;67;68;235;6,1;2,6;
2026/02/19;2100 UTC;0;1005,8;1005,8;1005,2;420,3;29,4;23,4;29,9;29,4;23,8;23,1;71;67;70;221;6;2,3;
2026/02/19;2200 UTC;0;1006,4;1006,4;1005,8;55,5;28,7;23,2;29,4;28,6;23,6;23,2;73;69;73;244;5,1;1,7;
2026/02/19;2300 UTC;0;1007,8;1007,8;1006,3;0;28;23,7;28,7;28;23,8;23,1;78;72;78;194;4;1,3;
2026/02/20;0000 UTC;0;1008,6;1008,7;1007,6;0;24,7;22,2;28;24,7;23,6;22;87;76;86;161;6,2;1,8;
2026/02/20;0100 UTC;0;1008,8;1008,9;1008,4;0;24,1;22,6;24,7;24;22,6;22,1;92;86;91;68;4;,1;
2026/02/20;0200 UTC;0;1009,1;1009,1;1008,7;0;24,3;22,8;24,4;23,9;22,8;22,5;93;90;92;25;,9;0;
2026/02/20;0300 UTC;0;1008,5;1009,1;1008,5;0;24,4;22,9;24,6;24,3;23;22,4;92;88;91;1;,9;0;
2026/02/20;0400 UTC;0;1008,4;1008,5;1008,2;0;24;22,9;24,4;23,9;23;22,8;94;91;94;39;,9;0;
2026/02/20;0500 UTC;0;1007,7;1008,4;1007,7;0;24,8;23,3;24,8;24;23,3;22,6;94;89;91;15;2,6;1,5;
2026/02/20;0600 UTC;0;1007,3;1007,8;1007,2;0;24,8;23,1;24,8;24,5;23,3;23,1;93;90;90;18;4,3;1,2;
2026/02/20;0700 UTC;,6;1007;1007,3;1007;0;24,4;23,2;25;24,4;23,3;22,8;93;87;93;12;3,5;,3;
2026/02/20;0800 UTC;,2;1007;1007;1006,8;0;24;23,2;24,4;24;23,5;23,2;96;93;95;77;1,3;0;
2026/02/20;0900 UTC;0;1007,4;1007,4;1006,9;10,7;24,1;23,2;24,5;23,8;23,6;23,1;96;94;95;301;2,4;0;
2026/02/20;1000 UTC;0;1007,5;1007,6;1007,4;333,3;25,1;23,6;25,2;24;23,8;23,1;96;91;92;57;2,2;,6;
2026/02/20;1100 UTC;0;1007,7;1007,7;1007,4;1114,3;27,7;23,9;27,8;25,1;24,4;23,2;92;77;80;120;2,2;,4;
2026/02/20;1200 UTC;0;1007,6;1007,8;1007,6;2113,1;29,2;23,9;29,5;27,4;24,5;23;81;71;73;111;2,9;1;
2026/02/20;1300 UTC;0;1007,1;1007,6;1007,1;2661;30,2;23,3;30,4;28,7;24,1;22,9;75;66;66;136;3,1;,9;
2026/02/20;1400 UTC;0;1006,6;1007,1;1006,5;3258,5;31,5;23,1;31,9;30;24,4;22,4;70;59;61;146;3,6;,9;
2026/02/20;1500 UTC;0;1005,9;1006,6;1005,9;3080,3;31,8;23,6;32,4;30,8;25,4;23,1;69;60;62;221;5,7;2;
2026/02/20;1600 UTC;0;1005,2;1005,9;1005,2;2876,8;31,6;23,6;32,2;30,8;25,1;23,5;67;62;63;244;6,9;2,5;
2026/02/20;1700 UTC;0;1004,6;1005,2;1004,6;3282,6;31,5;23,7;32,1;31;24,6;23,2;66;61;64;241;7,6;3,1;
2026/02/20;1800 UTC;0;1004,3;1004,5;1004,2;2199,2;29,6;23,7;31,6;29,6;24,4;23,4;71;63;71;245;8,1;3,2;
2026/02/20;1900 UTC;0;1004,4;1004,6;1004,1;915,5;29;23,6;29,7;28,9;23,9;23,3;73;70;73;250;9,5;3,3;
2026/02/20;2000 UTC;0;1004,8;1004,9;1004,4;673,3;28,6;23,7;29,2;28,5;23,7;23,1;75;70;75;226;9,5;3,1;
2026/02/20;2100 UTC;0;1005,5;1005,5;1004,8;186,2;28,5;23,6;28,7;28,4;23,8;23,5;76;74;75;243;6,9;1;
2026/02/20;2200 UTC;0;1005,8;1006;1005,5;4,3;25,8;23,9;28,5;25,8;23,9;22,4;89;75;89;128;7,2;,6;
2026/02/20;2300 UTC;,2;1006,4;1006,4;1005,8;0;25,8;24,4;26;25,5;24,5;23,9;93;89;92;251;3,3;,1;
2026/02/21;0000 UTC;0;1007,8;1007,8;1006,4;0;25,5;24,1;25,8;25,3;24,4;24,1;95;92;92;44;2,1;,1;
2026/02/21;0100 UTC;0;1008,3;1008,3;1007,8;0;25,9;23,9;26;25,3;24,3;23,8;93;88;89;106;3;1,9;
2026/02/21;0200 UTC;0;1008,4;1008,5;1008,3;0;25,4;24,1;25,9;25,4;24,2;23,8;93;89;92;146;2,8;,1;
2026/02/21;0300 UTC;0;1007,6;1008,4;1007,6;0;25,1;24,1;25,5;25;24,3;24,1;95;92;94;13;1,5;0;
2026/02/21;0400 UTC;0;1006,9;1007,6;1006,7;0;24,9;24,2;25,1;24,7;24,2;23,9;96;94;96;123;1;,2;
2026/02/21;0500 UTC;0;1006,8;1007,2;1006,8;0;25,3;24;25,3;24,9;24,4;24;96;93;93;351;2,3;1,1;
2026/02/21;0600 UTC;0;1006,3;1006,8;1006,3;0;25,5;23,7;25,6;25,2;24,1;23,7;94;90;90;347;3,8;1,6;
2026/02/21;0700 UTC;0;1006,5;1006,6;1006,3;0;24,8;23,3;25,7;24,8;23,8;23,2;91;87;91;360;3,6;,4;
2026/02/21;0800 UTC;0;1006,6;1006,7;1006,5;0;25;23,6;25;24,7;23,6;23,2;92;91;92;18;2,6;,1;
2026/02/21;0900 UTC;0;1006,9;1006,9;1006,5;5;24,8;23,7;25;24,8;23,7;23,6;94;92;94;28;1;0;
2026/02/21;1000 UTC;,2;1007,8;1007,8;1006,9;246,9;26,2;23,4;26,2;24,8;24;23,2;94;85;85;195;1;,1;
2026/02/21;1100 UTC;0;1007,7;1008;1007,6;446,8;27,2;24,1;27,2;26,1;24,1;23,3;87;83;83;199;2,2;,8;
2026/02/21;1200 UTC;0;1008,3;1008,3;1007,7;964,9;28,3;24,3;28,3;27,1;24,5;23,8;84;77;79;21;2,3;,2;
2026/02/21;1300 UTC;0;1008,5;1008,7;1008,3;2591,8;30,6;22,6;30,6;28,3;25,3;22,6;79;62;63;210;2,7;,1;
2026/02/21;1400 UTC;0;1008,1;1008,5;1008,1;3415,7;31,6;24,3;31,8;30,4;25,6;23,2;72;63;65;142;4;1,2;
2026/02/21;1500 UTC;0;1007,5;1008,1;1007,5;3514,7;32,5;22,1;33,1;31,1;24,9;21,9;67;54;54;132;4,8;,9;
2026/02/21;1600 UTC;0;1006,8;1007,5;1006,8;2711,3;31,1;24,2;32,5;31;25,8;21,4;70;53;67;233;8,5;3,1;
2026/02/21;1700 UTC;,2;1006,6;1007;1006,6;884,3;27,2;24,4;31,1;27,2;24,4;23;85;66;85;265;8,5;2,6;
2026/02/21;1800 UTC;,4;1006,1;1006,6;1006;1809,7;28,5;24;29,2;26,9;25,8;23,8;87;75;77;256;7,7;2,9;
2026/02/21;1900 UTC;0;1006,5;1006,6;1006;1333,2;28,8;23,8;29,3;28,5;24,6;23,4;78;73;75;255;8,2;2,3;
2026/02/21;2000 UTC;0;1007;1007;1006,4;246,3;27,9;23,6;28,8;27,9;23,8;23,3;78;73;78;261;9,2;2,8;
2026/02/21;2100 UTC;26;1008,9;1008,9;1006,9;40,9;20,8;20,1;27,9;20,8;23,8;20,1;96;77;96;125;13,4;6,2;
2026/02/21;2200 UTC;31,2;1008,5;1009,2;1008,4;1,4;21,3;20,9;21,3;20,7;20,9;20,1;98;96;98;35;13,2;,1;
2026/02/21;2300 UTC;,8;1009,1;1009,3;1008,2;0;21,8;21,4;21,8;21,2;21,4;20,9;98;97;97;100;2,1;,7;
2026/02/22;0000 UTC;,4;1010,1;1010,1;1009,1;0;21,9;21,4;21,9;21,6;21,4;21;97;96;97;39;1,5;0;
2026/02/22;0100 UTC;0;1010,2;1010,6;1010,1;0;22,3;21,8;22,3;21,8;21,9;21,3;97;97;97;14;1,2;0;
2026/02/22;0200 UTC;0;1009,7;1010,4;1009,7;0;23,1;22,5;23,1;22,3;22,5;21,8;97;96;96;15;2,5;1;
2026/02/22;0300 UTC;0;1009,4;1009,9;1009,4;0;22,9;22,1;23,2;22,9;22,5;22,1;96;95;95;24;3,4;,3;
2026/02/22;0400 UTC;0;1009,2;1009,4;1009,1;0;23;22,3;23;22,7;22,3;22;96;95;96;239;1,5;0;
2026/02/22;0500 UTC;0;1008,9;1009,2;1008,9;0;22,8;22,3;23;22,6;22,4;22;97;96;97;21;,9;,1;
2026/02/22;0600 UTC;0;1008,6;1008,9;1008,6;0;23,1;22,5;23,1;22,8;22,5;22,3;97;96;96;25;1,5;0;
2026/02/22;0700 UTC;0;1008,3;1008,6;1008,3;0;23,2;22,7;23,2;23;22,7;22,4;97;96;97;111;0;0;
2026/02/22;0800 UTC;0;1008,5;1008,5;1008,3;0;23;22,5;23,2;23;22,7;22,5;97;97;97;68;1,4;0;
2026/02/22;0900 UTC;0;1008,7;1008,7;1008,5;12,2;23,4;22,9;23,4;23;22,9;22,4;97;97;97;304;1,2;0;
2026/02/22;1000 UTC;0;1009,2;1009,2;1008,7;263,2;24,3;23,2;24,3;23,4;23,5;22,8;97;93;94;109;,8;0;
2026/02/22;1100 UTC;0;1009,6;1009,6;1009,2;1268,3;26,2;23,6;26,5;24,3;24;23;94;84;85;45;1,4;,2;
2026/02/22;1200 UTC;0;1009,9;1009,9;1009,6;1800;27,8;22,9;28,4;26,1;24,6;22,1;85;70;75;318;1,5;,3;
2026/02/22;1300 UTC;0;1010;1010,1;1009,9;1488,9;28,9;23,1;29,2;27,8;23,7;22,2;77;68;71;227;2,7;,9;
2026/02/22;1400 UTC;0;1009,4;1010;1009,4;3607,9;31;23,9;31;28,9;24,2;21,8;72;63;66;178;3,6;1;
2026/02/22;1500 UTC;0;1008,8;1009,4;1008,8;3098,9;31;23,5;31,7;29,9;23,7;22;68;58;64;238;3,9;1,2;
2026/02/22;1600 UTC;0;1008,4;1008,8;1008,4;2494,8;30,3;23,4;31,5;30,1;24,2;22,1;67;58;67;236;5,5;2,2;
2026/02/22;1700 UTC;0;1007,7;1008,4;1007,7;1729,8;29,4;22,4;30,5;29,3;23,5;22,1;69;64;66;255;6,5;2,5;
2026/02/22;1800 UTC;0;1007,2;1007,7;1007;882,3;29,1;23;29,4;28,8;23,2;22,5;71;66;70;244;5,8;1,8;
2026/02/22;1900 UTC;0;1006,8;1007,2;1006,8;1438,9;29,8;23,3;29,8;29;23,7;22,7;72;66;68;254;5,6;1,9;
2026/02/22;2000 UTC;0;1007;1007;1006,5;1094,8;28,3;23,5;29,9;28,3;24,1;22,8;75;68;75;257;7,4;2,7;
2026/02/22;2100 UTC;0;1007,4;1007,4;1007;159,4;27,9;23,7;28,3;27,8;23,8;23,3;79;75;78;255;6,6;1,4;
2026/02/22;2200 UTC;0;1007,4;1007,5;1007,3;3;27;24,1;27,9;27;24,2;23,7;84;78;84;191;4,1;,2;
2026/02/22;2300 UTC;0;1007,8;1007,9;1007,4;0;27,1;23,9;27,5;26,7;24,5;23,9;87;82;83;148;2,8;1,1;
2026/02/23;0000 UTC;0;1008,4;1008,4;1007,8;0;26,1;23,6;27,1;25,9;23,9;23;87;80;86;213;3,3;0;
2026/02/23;0100 UTC;0;1008,7;1008,7;1008,4;0;24,9;24;26,2;24,8;24,1;23,5;95;85;95;27;1,3;0;
2026/02/23;0200 UTC;0;1008,7;1008,8;1008,6;0;24,9;24,1;25,2;24,8;24,1;23,9;95;94;95;51;,9;0;
2026/02/23;0300 UTC;0;1008,6;1008,7;1008,5;0;25,1;24;25,2;24,8;24,1;23,9;95;93;94;15;1,9;,7;
2026/02/23;0400 UTC;0;1007,7;1008,5;1007,7;0;24,9;24;25,2;24,9;24,2;24;95;94;95;10;1,8;,8;
2026/02/23;0500 UTC;0;1007,1;1007,7;1007,1;0;24,8;24;24,9;24,7;24;23,9;95;95;95;350;2,2;,7;
2026/02/23;0600 UTC;0;1006,9;1007,2;1006,9;0;24,8;24,1;24,9;24,6;24,1;23,8;96;94;95;10;2,1;1;
2026/02/23;0700 UTC;0;1007;1007;1006,8;0;24,9;24,1;24,9;24,6;24,1;23,8;96;95;95;49;3;1,1;
2026/02/23;0800 UTC;0;1006,9;1007,1;1006,9;0;24,3;23,4;24,9;24,3;24,1;23,4;95;93;95;23;2,5;,8;
2026/02/23;0900 UTC;0;1007;1007;1006,8;5;24,8;23,6;24,8;24,3;23,7;23,4;95;93;93;114;2,2;,5;
2026/02/23;1000 UTC;0;1007,4;1007,4;1007;260,5;25,7;23,9;25,8;24,8;24,1;23,6;94;89;89;46;1,7;,2;
2026/02/23;1100 UTC;0;1007,5;1007,5;1007,3;736,8;27;24,1;27,4;25,5;24,7;23,8;92;83;84;17;1,4;,3;
2026/02/23;1200 UTC;0;1007,8;1007,8;1007,5;1963;28,7;24,1;28,7;27;25,1;23,5;85;75;77;49;3,2;1,7;
2026/02/23;1300 UTC;0;1007,7;1007,8;1007,7;2543,1;29,6;23;30,7;28,6;24,7;22,7;77;65;68;43;3,2;,8;
2026/02/23;1400 UTC;0;1007,3;1007,7;1007,3;1855,9;30,8;23,1;30,8;29,5;24,7;22,5;73;64;64;341;3,6;,5;
2026/02/23;1500 UTC;0;1006,6;1007,3;1006,6;2118,9;30,6;23,4;31,7;30,5;24,8;22,6;68;61;66;101;3,1;,9;
2026/02/23;1600 UTC;,8;1006;1006,7;1006;718,5;26,7;24,2;30,6;26,7;24,2;23,5;86;66;86;235;7,4;2,9;
2026/02/23;1700 UTC;17,8;1006,2;1006,6;1006;168,5;24;23,2;26,7;23,7;24,8;22,8;97;86;95;326;6,6;1,2;
2026/02/23;1800 UTC;3;1005,4;1006,2;1005,2;213;24,5;23,7;24,5;24;23,8;23;95;93;95;28;3,6;,4;
2026/02/23;1900 UTC;,2;1005,6;1005,7;1005,3;287,5;26,2;24,7;26,4;24,5;24,9;23,8;96;90;92;342;2,3;,2;
2026/02/23;2000 UTC;0;1005,2;1005,6;1005,2;159,7;26,3;24,6;26,6;26;24,9;24,1;94;86;90;200;3,4;,4;
2026/02/23;2100 UTC;0;1005,6;1005,6;1005,2;125,1;25,9;24,9;26,4;25,9;24,9;24,5;94;90;94;78;1,9;,1;
2026/02/23;2200 UTC;0;1006;1006;1005,6;3,8;25,4;24;26;25,4;24,8;24;94;92;92;112;2;,2;
2026/02/23;2300 UTC;11,6;1007,3;1007,3;1006;,6;24,3;23,7;25,5;24,3;24,2;23,7;96;92;96;145;6,4;3;
2026/02/24;0000 UTC;14,6;1007,3;1007,6;1007,2;,2;23,7;23,2;24,3;23,6;23,5;23;97;96;97;340;6,4;1,4;
2026/02/24;0100 UTC;2,4;1007;1007,3;1006,9;0;23,9;23,4;23,9;23,7;23,5;23,2;97;97;97;45;3;0;
2026/02/24;0200 UTC;0;1006,8;1007;1006,8;0;24,1;23,7;24,2;23,8;23,8;23,4;98;97;97;72;0;0;
2026/02/24;0300 UTC;,2;1006,1;1006,8;1006,1;0;24,1;23,7;24,2;24,1;23,8;23,7;98;97;97;22;0;0;
2026/02/24;0400 UTC;0;1005,8;1006,1;1005,8;0;24,4;24;24,5;24,1;24;23,7;98;97;97;282;0;0;
2026/02/24;0500 UTC;0;1005,6;1005,8;1005,6;0;24,3;23,8;24,5;24,3;24,1;23,8;98;97;97;42;1,2;0;
2026/02/24;0600 UTC;0;1005;1005,6;1005;0;24,1;23,6;24,3;24;23,9;23,6;97;97;97;28;,8;0;
2026/02/24;0700 UTC;0;1004,4;1005;1004,4;0;24,2;23,8;24,2;23,9;23,8;23,5;98;97;97;278;1;0;
2026/02/24;0800 UTC;0;1004,9;1004,9;1004,4;0;24;23,6;24,3;24;23,8;23,6;98;97;98;47;1;0;
2026/02/24;0900 UTC;0;1005;1005,1;1004,8;3,8;24,1;23,7;24,1;23,9;23,7;23,4;98;97;97;106;2,1;,5;
2026/02/24;1000 UTC;0;1005,2;1005,3;1005;102,1;24,5;23,8;24,6;24,1;23,9;23,7;97;96;96;6;2,6;0;
2026/02/24;1100 UTC;0;1005,6;1005,6;1005,3;336,6;25,4;24,2;25,4;24,5;24,2;23,8;96;93;93;6;0;0;
2026/02/24;1200 UTC;0;1005,7;1005,7;1005,6;1033,8;26,8;24,1;26,8;25,4;24,5;23,8;93;85;86;174;1,6;,7;
2026/02/24;1300 UTC;0;1005,7;1005,9;1005,7;1979,6;28,5;23,9;28,7;26,7;25,1;23,6;87;75;76;11;2,2;,3;
2026/02/24;1400 UTC;0;1005,2;1005,8;1005,2;2575,2;29,5;23,6;29,9;28,1;25;23;80;69;71;3;3,4;1,2;
2026/02/24;1500 UTC;0;1004,6;1005,2;1004,6;2338,6;30,3;23,5;30,8;29,5;24,2;22,6;72;64;67;14;3;,7;
2026/02/24;1600 UTC;0;1004,1;1004,6;1004,1;1457,9;29,7;24,8;30,5;29,5;25;22,7;76;64;75;207;5,2;2,9;
2026/02/24;1700 UTC;0;1003;1004,1;1003;3089,1;31,3;23,4;31,5;29,6;25,2;23,2;76;62;63;205;5,2;2;
2026/02/24;1800 UTC;0;1002;1003;1002;3016,4;31,1;23,4;31,7;30,8;24,6;23,1;68;62;64;224;5,7;2,7;
2026/02/24;1900 UTC;0;1001,7;1002;1001,7;2333,7;31,6;23,4;31,6;30,6;24,1;22,7;67;61;62;254;5,5;2,2;
2026/02/24;2000 UTC;0;1001,8;1001,9;1001,5;863,1;29,3;24,1;31,6;29,3;24,1;22,7;74;61;74;194;5,3;1,6;
2026/02/24;2100 UTC;,2;1002,4;1002,4;1001,8;72,4;27,6;23,5;29,3;27,6;24,7;22,4;80;69;79;132;4,7;2,2;
2026/02/24;2200 UTC;0;1002,9;1002,9;1002,4;7,1;26,2;23,1;27,6;26;23,6;23;87;79;83;126;5,2;1;
2026/02/24;2300 UTC;0;1003,8;1003,8;1002,9;0;26,5;23,6;26,9;25,6;23,8;22,8;89;79;84;189;3,3;,4;
2026/02/25;0000 UTC;0;1004;1004;1003,7;0;26,7;23;27;25,6;23,8;23;90;80;80;191;3,4;,5;
2026/02/25;0100 UTC;0;1003,7;1004,1;1003,7;0;26;23,2;26,9;25,1;23,5;22,9;90;79;85;116;2,7;,9;
2026/02/25;0200 UTC;0;1003,4;1003,7;1003,4;0;25,7;23,6;26;25,4;23,7;23,2;90;85;88;108;2,7;1;
2026/02/25;0300 UTC;0;1002,8;1003,4;1002,8;0;24,5;23,7;25,8;24,5;23,7;23,6;95;87;95;36;2,8;,1;
2026/02/25;0400 UTC;0;1002,5;1002,8;1002,5;0;24,3;23,5;24,7;24,3;23,8;23,5;95;94;95;17;1,3;,4;
2026/02/25;0500 UTC;0;1001,9;1002,5;1001,9;0;23,9;23,3;24,3;23,9;23,5;23,3;96;95;96;21;,9;0;
2026/02/25;0600 UTC;0;1001,2;1001,9;1001,2;0;23,6;23,1;23,9;23,6;23,3;23;97;96;97;25;,7;0;
2026/02/25;0700 UTC;0;1001,6;1001,6;1001,2;0;23,4;22,8;23,7;23,4;23,2;22,8;97;97;97;15;0;0;
2026/02/25;0800 UTC;0;1001,8;1001,8;1001,5;0;23,2;22,7;23,5;23,2;22,9;22,7;97;97;97;76;0;0;
2026/02/25;0900 UTC;0;1002,3;1002,3;1001,8;7,5;23,2;22,7;23,4;23,2;22,9;22,7;97;97;97;23;0;0;
2026/02/25;1000 UTC;0;1002,6;1002,7;1002,3;315,5;25,5;23,9;25,5;23,2;24,4;22,7;97;91;91;14;,5;0;
2026/02/25;1100 UTC;0;1002,9;1002,9;1002,6;1181,5;28;24;28,1;25,5;24,5;23,7;91;78;79;170;2,4;,9;
2026/02/25;1200 UTC;0;1002,8;1003;1002,8;2064,9;29,1;23,5;30,1;28;24,9;23,4;80;69;72;58;3;,3;
2026/02/25;1300 UTC;0;1002,5;1002,9;1002,5;2302,6;30,5;23,8;31,1;28,9;24,7;23,2;75;64;68;134;2,8;1,2;
2026/02/25;1400 UTC;0;1001,6;1002,5;1001,6;2712,1;32;23;32,2;30,3;24,6;22,9;69;59;59;179;3,4;,5;
2026/02/25;1500 UTC;0;1001;1001,6;1001;3308,3;32,2;23,2;32,7;31,3;24,8;22,7;65;58;59;350;3,6;1,4;
2026/02/25;1600 UTC;0;999,9;1001;999,9;3833,9;33,7;24;33,8;32,1;25,4;22,7;65;54;57;24;4,3;1,2;
2026/02/25;1700 UTC;0;999,3;999,9;999,3;2456,6;32,1;24,4;33,8;32;25,1;22,4;65;53;64;243;4,9;1,8;
2026/02/25;1800 UTC;0;998,6;999,3;998,6;2914,5;31,8;23,5;32,8;31,8;24,8;23,5;65;61;61;236;7,4;2,5;
2026/02/25;1900 UTC;0;998,2;998,6;998,2;2197,9;31,1;23,2;32;31,1;23,9;23;64;61;63;232;7,3;2,9;
2026/02/25;2000 UTC;0;998,3;998,3;998,1;1185;30;23,2;31,3;30;23,6;22,8;67;62;67;246;7,3;2,5;
2026/02/25;2100 UTC;0;998,7;998,7;998,2;172,2;28,7;23;30;28,6;23,4;22,9;73;67;71;228;6,2;2,3;
2026/02/25;2200 UTC;0;999,3;999,3;998,6;16,5;28,9;21,4;29;28,2;23;21,1;72;63;64;245;4,9;1,1;
2026/02/25;2300 UTC;0;1000,1;1000,1;999,3;0;26,6;23;28,9;25,8;23,6;21,5;87;64;81;125;3,7;,6;
2026/02/26;0000 UTC;0;1000,7;1000,7;1000,1;0;27,1;23,4;28;26;23,5;21,7;86;69;80;188;3;,8;
2026/02/26;0100 UTC;0;1000,2;1000,7;1000,2;0;25,1;23,9;27,2;25;23,9;23,2;93;80;93;37;1,5;,1;
2026/02/26;0200 UTC;0;999,6;1000,2;999,6;0;25;23,9;25,3;25;24,2;23,9;94;93;93;38;1;0;
2026/02/26;0300 UTC;0;999,5;999,8;999,4;0;25,3;23,9;25,9;25;24,1;23,6;94;87;92;1;2;,8;
2026/02/26;0400 UTC;0;999;999,6;999;0;27;23,8;27;25,3;24,2;23,8;92;83;83;342;3,9;1,7;
2026/02/26;0500 UTC;0;998,6;999;998,5;0;26,5;24,5;27,2;26,5;24,5;23,7;89;81;89;353;4,4;2,1;
2026/02/26;0600 UTC;,2;998,1;998,6;998,1;0;25,9;24,9;26,5;25,8;24,9;24,5;95;89;94;355;4,3;1,9;
2026/02/26;0700 UTC;0;998,3;998,5;998;0;26;24;26,1;25,8;24,9;24;94;89;89;349;6,6;2,1;
2026/02/26;0800 UTC;0;998,6;998,7;998,3;0;25,7;23,6;26,1;25,7;24;23,5;89;85;88;358;5,3;2,2;
2026/02/26;0900 UTC;0;998,4;998,6;998,3;2,8;25,8;23,1;26;25,5;23,6;23;89;84;85;358;5,4;2,4;
2026/02/26;1000 UTC;0;999,4;999,4;998,4;150,8;26,3;22,9;26,3;25,7;23,2;22,8;86;81;81;338;7,8;2,9;
2026/02/26;1100 UTC;0;1000,1;1000,1;999,4;519,3;26,7;23,6;26,8;26,3;23,8;22,6;84;79;83;12;6,4;1,5;
2026/02/26;1200 UTC;0;1000,6;1000,6;1000,1;613,8;27,3;22,7;27,4;26,7;24,1;22,6;84;76;76;341;6,2;2,4;
2026/02/26;1300 UTC;0;1000,9;1000,9;1000,5;986,9;28,1;23,5;28,1;27,3;23,8;22,6;79;75;76;337;5,7;2,5;
2026/02/26;1400 UTC;0;1000,9;1001;1000,9;1726,6;28,4;23,8;29;28;24,3;23,1;79;73;76;342;5,9;2,7;
2026/02/26;1500 UTC;0;1000,5;1000,9;1000,5;1383,1;28,7;23,7;29,1;28,1;24,7;23,1;78;73;74;327;5,9;3,3;
2026/02/26;1600 UTC;0;1000;1000,5;1000;2035,5;29,3;22,4;29,6;28,7;24,2;21,6;76;64;66;338;5,6;3,2;
2026/02/26;1700 UTC;0;999,7;1000;999,7;2263,3;30,4;23;30,6;29,3;23,6;21,8;68;61;65;357;5,6;1,3;
2026/02/26;1800 UTC;0;999,4;999,7;999,4;959,6;28,3;23,9;30,6;28,2;24,2;22;78;61;77;254;6,2;2,5;
2026/02/26;1900 UTC;0;999,4;999,5;999,2;527;27,7;23,4;28,3;27,4;24;23;79;75;77;236;6,2;2;
2026/02/26;2000 UTC;0;999,5;999,5;999;284,5;27,4;23;27,7;27,4;23,4;22,8;78;76;77;264;4,9;1;
2026/02/26;2100 UTC;0;1000,4;1000,4;999,5;90,4;26,7;23;27,7;26,7;23,2;21,9;81;71;80;349;4,3;1,2;
2026/02/26;2200 UTC;4,2;1001,4;1001,5;1000,4;1,5;24,7;23,9;26,8;24,7;24,1;22,8;95;79;95;42;2,8;,7;
2026/02/26;2300 UTC;1,2;1001,9;1001,9;1001,4;0;24,6;23,8;24,7;24,5;23,9;23,7;96;95;95;27;2;0;
2026/02/27;0000 UTC;3,4;1002,7;1002,8;1001,9;0;24,4;23,8;24,6;24,4;23,8;23,6;96;95;96;25;1,6;,1;
2026/02/27;0100 UTC;6,4;1003,1;1003,1;1002,7;0;24,1;23,5;24,4;24,1;23,7;23,4;97;96;97;340;1,8;0;
2026/02/27;0200 UTC;2,8;1003;1003,1;1003;0;23,8;23,2;24,2;23,8;23,7;23,2;97;96;96;26;2,6;,8;
2026/02/27;0300 UTC;8,4;1002,8;1003,1;1002,8;0;23,8;23,2;23,9;23,8;23,3;23,1;97;96;96;355;3,5;1,8;
2026/02/27;0400 UTC;10,2;1002,5;1002,8;1002,5;0;23,7;23,1;23,9;23,7;23,3;23,1;97;96;96;338;3,8;2,1;
2026/02/27;0500 UTC;18,2;1001,8;1002,5;1001,8;0;23,6;23,2;23,7;23,5;23,2;23,1;97;96;97;346;3,8;,5;
2026/02/27;0600 UTC;4,4;1001,5;1001,8;1001,5;0;23,5;23,1;23,6;23,4;23,2;23;97;97;97;21;2,5;,9;
2026/02/27;0700 UTC;4;1001,6;1001,6;1001,4;0;23,6;23,2;23,7;23,5;23,2;23;97;97;97;1;1,6;0;
2026/02/27;0800 UTC;4,4;1001,9;1001,9;1001,6;0;23,9;23,5;23,9;23,6;23,5;23,2;98;97;97;151;2;0;
2026/02/27;0900 UTC;,8;1002,4;1002,4;1001,9;3,6;24,2;23,5;24,2;23,9;23,7;23,4;97;96;96;1;2,4;1,2;
2026/02/27;1000 UTC;,2;1003,3;1003,3;1002,4;121,2;24,7;22,9;24,9;24,2;23,5;22,4;96;86;90;346;4,6;1;
2026/02/27;1100 UTC;,2;1004,6;1004,6;1003,3;464,4;25,4;22,8;25,6;24,7;23;22,4;90;83;86;262;4,9;1,2;
2026/02/27;1200 UTC;,2;1004,9;1004,9;1004,6;1246,3;27,6;22,9;27,7;25,4;24;22,3;87;73;76;289;7;1,6;
2026/02/27;1300 UTC;0;1005,5;1005,5;1004,9;970,2;26,4;22,8;27,6;25,7;23,1;22,1;85;73;81;274;5,5;1,6;
2026/02/27;1400 UTC;2,4;1005,8;1005,9;1005,5;825,8;26,2;23,2;26,4;24,4;23,9;22,6;92;81;83;263;5,1;1;
2026/02/27;1500 UTC;0;1005,8;1005,8;1005,7;2487,3;28,5;20,3;28,8;26,2;24;20,3;84;61;61;299;8;3;
2026/02/27;1600 UTC;0;1005,4;1005,8;1005,4;3028,1;29,3;21,4;30;28,2;22,8;19,6;68;58;63;265;8,2;2,6;
2026/02/27;1700 UTC;0;1005,2;1005,4;1005,1;2325;29,1;20,7;29,5;28;22,8;20,2;72;58;60;286;7,8;3,5;
2026/02/27;1800 UTC;0;1005;1005,3;1005;1515,4;27,6;21,2;29,2;26,9;21,6;19,8;72;57;68;282;7,8;1,6;
2026/02/27;1900 UTC;0;1005;1005;1004,8;963;27,8;20,9;28,2;26,8;22,4;20,6;75;64;66;274;7,1;2,1;
2026/02/27;2000 UTC;0;1005,6;1005,6;1005;467,3;25,5;20,6;27,8;25,5;20,9;19,6;74;65;74;263;7,5;2,3;
2026/02/27;2100 UTC;,6;1006,3;1006,3;1005,6;76,7;24,1;21,3;25,7;24,1;21,5;20,2;85;71;85;287;6,6;1,5;
2026/02/27;2200 UTC;0;1006,7;1006,8;1006,2;2,2;23,8;21,2;24,2;23,7;21,9;21,2;88;85;85;297;4,8;,8;
2026/02/27;2300 UTC;,8;1007,7;1007,7;1006,7;0;23,3;21,3;24;22,7;21,9;21,1;95;84;89;350;4;1,8;
2026/02/28;0000 UTC;0;1008,3;1008,3;1007,7;0;22,6;21,3;23,3;22,6;21,5;20;93;84;93;153;4;0;
2026/02/28;0100 UTC;0;1008,4;1008,4;1008,3;0;22,1;21,1;23,4;22,1;21,3;20,5;94;84;94;21;6,9;,2;
2026/02/28;0200 UTC;0;1008,3;1008,5;1008,3;0;22,1;20,7;22,4;21,7;21,2;20,6;95;90;92;349;2,6;,2;
2026/02/28;0300 UTC;0;1007,8;1008,3;1007,8;0;22,1;21,3;22,3;21,8;21,3;20,7;95;91;95;73;1,6;0;
2026/02/28;0400 UTC;0;1007,3;1007,8;1007,3;0;22,3;21,3;22,5;22;21,5;21,1;95;92;94;61;1,8;,2;
2026/02/28;0500 UTC;0;1006,7;1007,3;1006,7;0;22,4;21,4;22,5;22;21,4;21,1;95;92;94;100;1,8;0;
2026/02/28;0600 UTC;0;1006,4;1006,7;1006,3;0;22,3;20,6;22,4;22;21,3;20,5;94;90;90;16;4,2;2,4;
2026/02/28;0700 UTC;0;1006,3;1006,4;1006,2;0;22,3;21;22,9;22,3;21,2;20,6;93;87;92;8;4,2;0;
2026/02/28;0800 UTC;0;1006,5;1006,5;1006,3;0;22,2;20,5;22,6;22;21,2;20,4;94;89;90;354;5,1;2,4;
2026/02/28;0900 UTC;,4;1006,9;1007;1006,5;2,3;21,4;20,4;22,3;21,4;20,6;20,3;94;89;94;5;6,1;1,9;
2026/02/28;1000 UTC;0;1007,2;1007,2;1006,8;171,6;22,1;20,9;22,1;21,3;21;20,4;95;92;93;5;4,3;1,7;
2026/02/28;1100 UTC;0;1007,7;1007,7;1007,1;481,7;22,9;21;22,9;22;21,3;20,8;94;89;89;359;5;2,6;
2026/02/28;1200 UTC;0;1008,1;1008,1;1007,7;731,7;23,2;21,1;23,2;22,8;21,3;20,9;90;87;88;17;5,1;2,4;
2026/02/28;1300 UTC;0;1008,4;1008,4;1008,1;1025,7;24;20,7;24,9;23,2;22,1;20,2;89;77;81;347;5,1;2,1;
2026/02/28;1400 UTC;1;1008,5;1008,6;1008,4;648;23,5;21,1;25;23,3;21,7;20,4;89;78;87;60;5,1;,8;
2026/02/28;1500 UTC;0;1008,1;1008,6;1008,1;1535,3;26,1;20;26,1;23,5;22;19,5;91;67;69;324;5,6;2,1;
2026/02/28;1600 UTC;0;1007,8;1008,1;1007,8;1775,4;27,3;17,5;27,4;25,9;20;16,3;70;52;55;294;5,3;2,1;
2026/02/28;1700 UTC;0;1007,3;1007,8;1007,3;1913,6;27,7;16,6;28;27,2;18,1;16,4;57;50;51;298;7,3;2;
2026/02/28;1800 UTC;0;1007;1007,4;1006,9;1486,7;27,8;17;27,8;27,3;17,9;16,2;56;50;52;291;7,3;1,9;
2026/02/28;1900 UTC;0;1007,1;1007,1;1006,9;1720,4;27,9;17,9;28;27,3;18,4;16,7;57;51;54;295;6,8;2,5;
2026/02/28;2000 UTC;0;1007,2;1007,3;1007;1463;27,5;18,1;28,1;26,9;18,7;16,9;59;53;56;297;6,8;1,8;
2026/02/28;2100 UTC;0;1007,6;1007,6;1007,2;488,2;25,9;17,9;27,5;25,8;18,8;17,7;63;56;62;290;6,5;1,4;
2026/02/28;2200 UTC;0;1008,2;1008,2;1007,6;14,8;23,9;20,1;25,9;23,9;20,1;17,9;79;62;79;283;4,4;,4;
2026/02/28;2300 UTC;0;1008,7;1008,7;1008,2;0;23,9;19,5;24;22,3;20,6;19,4;90;76;76;342;3;1,5;
2026/03/01;0000 UTC;,2;1009,3;1009,3;1008,7;0;22,2;20,9;24,8;22,1;20,9;18,9;92;70;92;31;4;,1;
2026/03/01;0100 UTC;0;1009,5;1009,6;1009,3;0;22,1;21;22,3;21,9;21,2;20,8;95;92;93;8;1,7;,2;
2026/03/01;0200 UTC;0;1009,5;1009,5;1009,3;0;22,3;21,2;22,5;21,9;21,3;20,9;95;92;93;279;1,5;,4;
2026/03/01;0300 UTC;0;1008,9;1009,5;1008,9;0;21,8;20,8;22,9;21,8;21,2;20,4;94;87;94;17;1,9;,5;
2026/03/01;0400 UTC;0;1008,6;1008,9;1008,4;0;22,2;20,8;22,2;21,7;20,9;20,2;94;89;92;279;2;,5;
2026/03/01;0500 UTC;,8;1007,9;1008,6;1007,9;0;21,7;20,7;22,2;21,6;20,9;20,5;95;91;94;7;3,3;1,5;
2026/03/01;0600 UTC;0;1007,8;1007,9;1007,7;0;21,8;20,3;21,9;21,7;20,9;20,3;94;91;91;360;3,5;1,7;
2026/03/01;0700 UTC;0;1007,6;1007,8;1007,6;0;21,3;20,1;21,9;21,3;20,3;20;92;90;92;19;4,4;2,5;
2026/03/01;0800 UTC;,2;1007,9;1007,9;1007,5;0;20,8;19,6;21,3;20,8;20,2;19,5;94;91;92;23;5;2,4;
2026/03/01;0900 UTC;0;1008,3;1008,3;1007,9;5,1;21,1;19,8;21,1;20,7;19,9;19,5;94;91;93;6;6,2;1,6;
2026/03/01;1000 UTC;,2;1008,8;1008,8;1008,3;295;22,3;20,4;22,3;21;20,6;19,8;94;89;89;6;3,4;1,3;
2026/03/01;1100 UTC;0;1009,2;1009,2;1008,7;1157,5;23,9;20,9;23,9;22,2;20,9;19,8;90;80;83;47;3,7;,9;
2026/03/01;1200 UTC;0;1009,5;1009,5;1009,2;1965,2;24,5;20,4;25,4;23,9;21,2;19,7;83;74;78;360;5,3;2,8;
2026/03/01;1300 UTC;0;1009,5;1009,6;1009,4;2064,1;24,8;20,4;25,7;24,2;21,4;19,8;79;72;77;349;7,7;3,1;
2026/03/01;1400 UTC;0;1009,3;1009,6;1009,2;2691,9;26,2;20,2;26,6;24,6;21,3;20;78;70;70;354;8,3;3,6;
2026/03/01;1500 UTC;,4;1009,3;1009,3;1008,9;1986,4;23,1;20,9;27,2;23,1;20,9;19,4;87;64;87;273;8,6;2,5;
2026/03/01;1600 UTC;,8;1008,9;1009,4;1008,9;932,3;24,3;21;24,3;22,6;21,8;20,2;90;80;82;21;6,9;,7;
2026/03/01;1700 UTC;0;1008,4;1008,9;1008,4;1264,7;25;20,3;25;23,7;21,1;19,2;82;72;75;286;4,3;,4;
2026/03/01;1800 UTC;,6;1008,1;1008,5;1008,1;1150,2;24,6;20,8;25,3;22,4;21,7;19,5;91;72;80;219;6;,6;
2026/03/01;1900 UTC;0;1008,1;1008,1;1007,9;1486,4;25,3;18,9;25,4;24,5;21,2;18,7;81;66;67;262;5,4;1,4;
2026/03/01;2000 UTC;0;1008,3;1008,3;1008,1;929,9;25,7;18,4;26,1;25,3;19,6;18,2;70;63;64;283;4,7;1;
2026/03/01;2100 UTC;0;1008,7;1008,7;1008,3;554,4;25,3;17,1;26,2;25,3;19,2;17,1;66;60;60;289;4,6;1;
2026/03/01;2200 UTC;0;1009,1;1009,1;1008,7;12,4;21,2;19,5;25,4;21,1;19,5;17;91;60;90;40;3,2;,1;
2026/03/01;2300 UTC;0;1009,5;1009,5;1009,1;0;21,1;19,4;22,1;20,9;19,5;18,6;91;81;90;322;2,5;0;
2026/03/02;0000 UTC;0;1010,2;1010,2;1009,5;0;22,3;19,6;22,5;20,4;20,2;19,3;95;84;85;194;4,4;,4;
2026/03/02;0100 UTC;,8;1010;1010,5;1010;0;21,2;20,4;22,5;21,1;20,4;19,3;95;82;95;265;3;0;
2026/03/02;0200 UTC;,2;1009,9;1010;1009,8;0;20,6;19,9;21,2;20,6;20,4;19,9;96;94;96;85;1,3;0;
2026/03/02;0300 UTC;0;1009,5;1009,9;1009,5;0;19,7;19,2;20,6;19,7;20;19,2;97;96;97;34;,9;0;
2026/03/02;0400 UTC;0;1008,7;1009,5;1008,7;0;19,3;18,8;19,8;19,3;19,3;18,8;97;97;97;45;0;0;
2026/03/02;0500 UTC;0;1008,4;1008,7;1008,3;0;19,1;18,7;19,4;19,1;19;18,7;98;97;97;314;0;0;
2026/03/02;0600 UTC;0;1008,3;1008,4;1008,2;0;19;18,6;19,3;19;18,9;18,6;98;97;98;5;,4;0;
2026/03/02;0700 UTC;0;1008,1;1008,3;1008,1;0;18,9;18,6;19;18,9;18,7;18,5;98;98;98;334;,3;0;
2026/03/02;0800 UTC;0;1008,5;1008,5;1008,1;0;18,7;18,4;19,4;18,7;19;18,4;98;97;98;57;,3;0;
2026/03/02;0900 UTC;0;1008,8;1008,8;1008,5;9,3;18,7;18,4;18,9;18,5;18,5;18,1;98;98;98;127;,8;0;
2026/03/02;1000 UTC;,2;1009,3;1009,3;1008,8;352,8;20,7;20,2;20,7;18,6;20,2;18,2;98;97;97;313;0;0;
2026/03/02;1100 UTC;0;1009,8;1009,8;1009,3;882,6;22,9;20,4;23,5;20,7;21,3;19,7;97;80;86;130;1,6;,1;
2026/03/02;1200 UTC;0;1010;1010;1009,8;1817,8;25;18,9;26,7;22,8;21,2;18,3;87;66;69;325;3,6;,9;
2026/03/02;1300 UTC;0;1010,2;1010,2;1010;1934,9;26,7;20,1;27,2;25;20,8;18,5;70;62;67;352;3,4;1,1;
2026/03/02;1400 UTC;0;1009,7;1010,2;1009,7;2554,7;26,6;19,5;27,9;26,6;20,6;18,8;69;60;65;214;3,9;1,7;
2026/03/02;1500 UTC;0;1009,4;1009,7;1009,4;505,1;26,1;19,3;26,6;26,1;20;19,1;68;64;66;244;3,9;1,4;
2026/03/02;1600 UTC;0;1009,1;1009,4;1009,1;518,2;25,9;19;26,1;25,9;19,9;18,9;69;65;66;251;5,1;1,2;
2026/03/02;1700 UTC;0;1008,8;1009,1;1008,8;881,4;27,1;18,8;27,1;25,9;19,2;18,3;66;60;61;236;4;1,4;
2026/03/02;1800 UTC;0;1008,6;1008,8;1008,6;960,2;26,4;18,9;27,1;26,3;19,7;18,6;65;60;64;245;5,3;2;
2026/03/02;1900 UTC;0;1008,6;1008,7;1008,5;847,6;27,1;19,3;27,1;26,3;19,7;18,6;66;62;63;229;4,9;1,5;
2026/03/02;2000 UTC;0;1008,7;1008,7;1008,5;941,2;26,9;18,9;27,3;26,2;19,7;18,5;65;61;62;248;5,2;1,7;
2026/03/02;2100 UTC;0;1008,8;1008,8;1008,6;387,5;25,1;19,5;26,9;25;19,9;18,9;72;62;71;242;5,5;1;
2026/03/02;2200 UTC;0;1009,1;1009,1;1008,8;9,3;24,3;19;25,1;24,1;19,7;19;76;70;73;273;3,1;1;
2026/03/02;2300 UTC;0;1009,8;1009,8;1009,1;0;22,2;19,9;24,4;22,1;20;19,1;88;72;87;36;3,4;,2;
2026/03/03;0000 UTC;0;1010,3;1010,3;1009,8;0;21,2;20,1;22,3;21,2;20,4;19,9;94;87;94;77;1,5;0;
2026/03/03;0100 UTC;0;1010,4;1010,5;1010,3;0;23,2;20,6;23,2;21;20,9;20;95;85;85;260;2,5;,8;
2026/03/03;0200 UTC;0;1010,2;1010,4;1010,2;0;22,6;21;23,5;22,6;21,1;20,3;91;82;91;307;3,1;0;
2026/03/03;0300 UTC;0;1010;1010,2;1010;0;22,2;20,9;22,6;22,2;21,1;20,6;92;89;92;24;1,1;,1;
2026/03/03;0400 UTC;0;1009,6;1010;1009,6;0;22,1;21;22,4;22,1;21,2;20,8;94;91;93;54;1,2;0;
2026/03/03;0500 UTC;0;1008,8;1009,6;1008,8;0;21,2;20,4;22,2;21,2;21,2;20,4;95;93;95;121;,4;0;
2026/03/03;0600 UTC;0;1008,6;1008,8;1008,5;0;20,4;19,8;21,3;20,3;20,5;19,7;96;95;96;51;1;0;
2026/03/03;0700 UTC;0;1008,6;1008,6;1008,4;0;20,7;20;20,7;20;20;19,5;97;96;96;29;1,7;,8;
2026/03/03;0800 UTC;0;1008,9;1008,9;1008,6;0;20,1;19,5;20,9;20;20,1;19,3;96;94;96;360;1,7;0;
2026/03/03;0900 UTC;0;1009,3;1009,3;1008,9;7,5;19,9;19,4;20,2;19,8;19,6;19,2;97;96;97;58;,3;0;
2026/03/03;1000 UTC;0;1009,9;1009,9;1009,3;183;21,8;21,2;21,8;19,9;21,3;19,4;97;96;96;78;0;0;
2026/03/03;1100 UTC;0;1010,6;1010,6;1009,9;573,2;23,8;21;23,8;21,8;21,3;20,7;96;84;85;72;0;0;
2026/03/03;1200 UTC;0;1010,8;1010,8;1010,6;1424,3;26,6;20,4;26,8;23,8;21,5;20;85;68;69;119;1,3;,3;
2026/03/03;1300 UTC;0;1010,8;1011;1010,8;2813,3;27,7;19,2;27,7;26,2;20,8;18,9;71;60;60;136;3,5;,9;
2026/03/03;1400 UTC;0;1010,5;1010,9;1010,5;2234,8;27,9;19,5;28,1;27,2;20,4;18,2;65;55;60;224;4,7;,9;
2026/03/03;1500 UTC;0;1010;1010,5;1010;3151,4;28,9;20,1;29,5;28;21,8;18,6;65;55;59;176;4,6;2;
2026/03/03;1600 UTC;0;1009,6;1010;1009,6;1251,8;28,7;20,1;28,9;28;20,5;19,4;62;58;60;234;4,3;1,6;
2026/03/03;1700 UTC;0;1008,9;1009,6;1008,9;2820,6;29;20,6;29,2;28,2;21,1;19,6;64;58;61;252;6;1,8;
2026/03/03;1800 UTC;0;1008,5;1008,9;1008,5;2786,7;29,1;20,4;29,7;28,6;21,3;20;62;58;59;256;5,9;2,4;
2026/03/03;1900 UTC;0;1008,2;1008,5;1008,2;1918,1;28,1;20,1;29,1;28;20,9;19,7;63;59;62;255;7,4;2,5;
2026/03/03;2000 UTC;0;1008,4;1008,4;1008,2;724,1;26,8;19,8;28,1;26,8;20,7;19,8;67;62;66;232;7;1,7;
2026/03/03;2100 UTC;0;1008,8;1008,8;1008,4;206,2;26,2;20,2;26,8;26,1;20,2;19,4;70;64;70;251;6,1;1,4;
2026/03/03;2200 UTC;0;1008,9;1008,9;1008,7;3,7;25,9;20,3;26,2;25,8;20,4;20;72;69;72;242;5,2;1,9;
2026/03/03;2300 UTC;0;1009,8;1009,8;1008,9;0;25,6;20,4;25,9;25,4;20,7;20,2;75;71;73;215;4;,5;
2026/03/04;0000 UTC;0;1010,4;1010,4;1009,8;0;24,1;21,5;25,9;24,1;21,5;20,1;85;71;85;73;2,8;0;
2026/03/04;0100 UTC;0;1010,6;1010,6;1010,4;0;25,1;20,4;25,4;23,6;21,9;20,2;90;73;75;202;2,8;,3;
2026/03/04;0200 UTC;0;1010,8;1010,8;1010,5;0;24,3;20,4;25,2;24,3;20,6;20,2;80;75;79;181;2,9;,3;
2026/03/04;0300 UTC;0;1010,8;1010,9;1010,8;0;22,7;21,4;24,5;22,5;21,4;20,3;92;78;92;87;1,8;0;
2026/03/04;0400 UTC;0;1010,5;1010,8;1010,4;0;22,6;21,4;23,1;22,6;21,7;21,2;93;89;93;349;1,2;0;
2026/03/04;0500 UTC;0;1009,9;1010,5;1009,9;0;22;21;22,6;21,9;21,4;21;94;92;94;13;,4;0;
2026/03/04;0600 UTC;0;1009,3;1009,9;1009,3;0;21,1;20,4;22;21,1;21,1;20,4;96;94;96;71;,4;0;
2026/03/04;0700 UTC;0;1009;1009,3;1009;0;20,6;19,9;21,2;20,6;20,5;19,9;96;96;96;36;0;0;
2026/03/04;0800 UTC;0;1009;1009,1;1008,9;0;20,3;19,8;20,6;20,3;20;19,7;97;96;97;25;0;0;
2026/03/04;0900 UTC;0;1009,6;1009,6;1009;5,6;21,3;20,8;21,3;20,3;20,8;19,7;97;97;97;26;0;0;
2026/03/04;1000 UTC;0;1010,2;1010,2;1009,6;332,2;23,6;21,6;23,6;21,3;22;20,8;97;89;89;16;1,2;,3;
2026/03/04;1100 UTC;0;1010,6;1010,7;1010,1;612,2;25,2;21,2;25,6;23,6;21,8;20,7;89;76;79;121;2,1;,8;
2026/03/04;1200 UTC;0;1010,9;1011;1010,6;589,6;25,4;22;25,4;24,9;22,2;21,2;84;78;81;19;2,2;,7;
2026/03/04;1300 UTC;0;1011;1011;1010,9;1671,3;27,6;20,3;28,3;25,4;22,4;19,4;82;61;65;175;3,2;1,1;
2026/03/04;1400 UTC;0;1010,6;1011;1010,6;2839,5;28,6;19,1;28,7;27,6;21,1;19;66;56;56;133;3,7;1,2;
2026/03/04;1500 UTC;0;1010;1010,6;1010;1807,9;28,7;20;29,3;28,3;20,8;19;61;55;59;353;2,8;,5;
2026/03/04;1600 UTC;0;1009,3;1010;1009,3;1609,6;28,9;20,7;29,5;28,6;21,3;19,2;64;55;61;223;5,2;2;
2026/03/04;1700 UTC;0;1008,7;1009,3;1008,7;2897,2;30,7;21,2;30,8;28,8;21,6;19,6;63;52;57;245;4,4;1,8;
2026/03/04;1800 UTC;0;1008,6;1008,7;1008,5;2909;30;20,5;31,1;29,8;21,3;20,2;58;54;57;253;6,3;2,9;
2026/03/04;1900 UTC;0;1008,5;1008,6;1008,4;2097;29,4;20,7;30;29,3;21,2;20,3;61;56;59;251;6,6;2,7;
2026/03/04;2000 UTC;0;1008,8;1008,9;1008,5;1038,7;27,9;20,8;29,4;27,9;21,1;20,5;65;59;65;255;7,4;2,5;
2026/03/04;2100 UTC;0;1009,4;1009,4;1008,8;232,9;26,6;21;27,9;26,6;21;20,7;71;65;71;255;7,3;2;
2026/03/04;2200 UTC;0;1009,7;1009,7;1009,4;2,7;26,4;20,6;26,7;26,2;21;20,6;72;71;71;235;5,3;,9;
2026/03/04;2300 UTC;0;1010,4;1010,4;1009,7;0;24,9;20,8;26,4;24,9;21;20,5;78;71;78;176;2,6;,4;
2026/03/05;0000 UTC;0;1011;1011;1010,4;0;26;20,4;26,2;24,4;22;20,1;86;69;71;188;5,4;2,2;
2026/03/05;0100 UTC;0;1011,2;1011,3;1011;0;25,7;20,3;26,1;25,6;20,7;20,3;74;71;72;166;5,4;1,5;
2026/03/05;0200 UTC;0;1010,9;1011,2;1010,9;0;25,1;19,4;25,8;25;20,3;19,4;73;68;71;181;4,9;1,4;
2026/03/05;0300 UTC;0;1010,9;1011;1010,8;0;24,8;19,7;25,2;24,7;19,7;19,3;74;70;74;176;4,2;,5;
2026/03/05;0400 UTC;0;1010,7;1010,9;1010,7;0;23,2;21,1;24,8;23,2;21,1;19,7;88;74;88;86;2,6;0;
2026/03/05;0500 UTC;0;1010,4;1010,7;1010,4;0;22,3;21;23,3;22,3;21,2;20,8;93;86;92;37;1,5;0;
2026/03/05;0600 UTC;0;1010,1;1010,4;1010,1;0;22,5;21,4;22,6;22,3;21,4;21;94;92;94;39;,4;0;
2026/03/05;0700 UTC;0;1010,1;1010,2;1010;0;22,4;21,3;22,5;22,3;21,4;21,1;94;93;93;16;,6;0;
2026/03/05;0800 UTC;0;1010,2;1010,3;1010,1;0;22,5;21,6;22,7;22,4;21,7;21,2;95;93;94;38;0;0;
2026/03/05;0900 UTC;0;1010,5;1010,5;1010,2;7,3;21,9;21;22,7;21,9;21,7;21;95;93;94;14;,7;0;
2026/03/05;1000 UTC;0;1011,2;1011,2;1010,5;366,2;24,6;21,5;24,6;21,9;22,3;21;96;82;83;6;2,4;1,4;
2026/03/05;1100 UTC;0;1011,3;1011,4;1011,2;1206,1;27,3;20,9;27,3;24,6;22;20,3;83;66;68;209;2,4;,7;
2026/03/05;1200 UTC;0;1011,4;1011,4;1011,3;2049,4;28,3;20,1;28,6;27;21,5;20;70;60;61;216;3,4;,8;
2026/03/05;1300 UTC;0;1011,6;1011,6;1011,3;2779,7;29,7;20,8;29,8;28,3;21,7;20;65;58;59;159;3,8;1;
2026/03/05;1400 UTC;0;1011,4;1011,6;1011,4;3289,4;31;21,1;31;29,3;22,3;20;63;54;56;228;3,9;1,3;
2026/03/05;1500 UTC;0;1010,7;1011,4;1010,7;3127,4;31,3;20,9;32;29,9;22,6;20,2;62;52;54;209;4,2;1,9;
2026/03/05;1600 UTC;0;1010,1;1010,7;1010,1;2080;30,7;20,8;31,4;30,7;21,9;20,4;59;53;56;226;5,6;2;
2026/03/05;1700 UTC;0;1009,3;1010,1;1009,3;2974,9;31,8;22,4;31,8;30,5;22,4;20,8;59;53;58;211;5,6;2,4;
2026/03/05;1800 UTC;0;1009,2;1009,3;1009,1;2334,7;30,4;22,2;32,2;30,4;23;21,5;62;54;62;220;6;2,6;
2026/03/05;1900 UTC;0;1008,9;1009,3;1008,9;1690,9;30,4;22,8;31;30;23,1;22,1;65;61;64;251;7,9;2,3;
2026/03/05;2000 UTC;0;1009,2;1009,2;1008,9;1125,7;29,7;22,1;30,5;29,4;22,7;22;65;62;63;252;6,1;1,8;
2026/03/05;2100 UTC;0;1009,7;1009,7;1009,2;224,7;27,9;21,7;29,9;27,9;22,2;21,6;69;63;69;230;5,2;1,7;
2026/03/05;2200 UTC;0;1009,8;1009,8;1009,6;3,5;26,7;21,9;27,9;26,7;22,1;21,6;75;69;75;207;4,6;1;
2026/03/05;2300 UTC;0;1010,5;1010,5;1009,8;0;26,8;22,2;26,9;26,1;22,3;21,8;79;74;76;200;3,4;1,1;
2026/03/06;0000 UTC;0;1011,4;1011,4;1010,5;0;26,6;22;27;26,6;22,2;22;76;75;76;178;4,9;1,5;
2026/03/06;0100 UTC;0;1011,9;1011,9;1011,4;0;26,3;20;26,8;26,3;22,1;20;77;68;68;152;4,9;2;
2026/03/06;0200 UTC;0;1011,6;1011,9;1011,6;0;26;20,8;26,3;25,8;20,8;20;74;68;73;171;5,6;1,8;
2026/03/06;0300 UTC;0;1011,6;1011,7;1011,6;0;24,2;21,6;26;24,2;21,6;20,9;85;73;85;293;4,3;,1;
2026/03/06;0400 UTC;0;1011,1;1011,6;1011,1;0;23;21,9;24,2;22,9;22;21,6;94;85;93;62;,9;,1;
2026/03/06;0500 UTC;0;1010,8;1011,1;1010,8;0;22,7;21,8;23,1;22,7;22;21,7;95;93;95;15;,8;0;
2026/03/06;0600 UTC;0;1010,3;1010,8;1010,3;0;22,5;21,7;22,7;22,4;21,9;21,6;96;95;96;18;0;0;
2026/03/06;0700 UTC;0;1009,8;1010,3;1009,7;0;22,2;21,6;22,5;22,2;21,9;21,5;96;96;96;47;,7;0;
2026/03/06;0800 UTC;0;1010,3;1010,3;1009,8;0;22;21,4;22,4;22;21,7;21,3;96;96;96;39;1,3;,2;
2026/03/06;0900 UTC;0;1010,8;1010,8;1010,3;6,9;22;21,4;22,2;21,9;21,6;21,3;97;96;96;292;1,3;0;
2026/03/06;1000 UTC;0;1011,2;1011,2;1010,8;398,9;25,4;22,6;25,4;22;23,6;21,4;97;84;84;92;,8;0;
2026/03/06;1100 UTC;0;1011,5;1011,5;1011,2;1157,9;27,7;22,2;28;25,4;23,1;21,9;84;71;72;177;1,8;,4;
2026/03/06;1200 UTC;0;1011,7;1011,7;1011,5;2086,3;29,1;22,6;29,2;27,5;23,3;22;75;66;68;141;2,8;,7;
2026/03/06;1300 UTC;0;1011,6;1011,7;1011,6;2761,6;30,7;22,2;30,9;28,6;24,2;21,8;71;60;61;73;2,7;,5;
2026/03/06;1400 UTC;0;1011;1011,6;1011;2712,5;31;22,8;31,3;30,1;23,1;21,3;66;58;62;223;4,5;2;
2026/03/06;1500 UTC;0;1010,3;1011;1010,3;3201,2;31,9;23,4;32,5;30,6;24,3;22;65;56;61;200;5,1;1,2;
2026/03/06;1600 UTC;0;1009,6;1010,3;1009,6;3005,3;31,6;23,3;32,6;30,9;23,8;22;62;57;61;225;6,1;2,8;
2026/03/06;1700 UTC;0;1008,8;1009,6;1008,8;3017,8;31,5;23,1;31,9;30,8;23,9;22,6;65;60;61;228;6,3;2,6;
2026/03/06;1800 UTC;0;1008,4;1008,8;1008,4;2402,1;30,1;22,4;31,7;30,1;23,4;22,1;64;60;64;250;7,6;3,1;
2026/03/06;1900 UTC;0;1008,1;1008,4;1008,1;1927,5;30,3;23,3;30,4;29,8;23,4;22,2;68;63;66;257;8,4;2,7;
2026/03/06;2000 UTC;0;1008,2;1008,2;1008;1130,7;29,5;22,7;30,3;29,5;23,4;22,5;68;65;67;229;6;1,5;
2026/03/06;2100 UTC;0;1008,6;1008,6;1008,1;155,5;28,1;22,7;29,5;28,1;22,8;22,3;73;66;73;200;3,9;1;
2026/03/06;2200 UTC;0;1008,9;1008,9;1008,6;1,5;27,8;22,6;28,2;27,7;22,9;22,5;74;71;74;192;3;1;
2026/03/06;2300 UTC;0;1009,6;1009,6;1008,9;0;27,4;22,6;27,8;27,4;22,7;22,2;75;72;75;164;4,1;1;
2026/03/07;0000 UTC;0;1009,9;1010,1;1009,6;0;27,3;22,9;27,6;27,2;22,9;22,5;77;74;77;192;3,3;1,3;
2026/03/07;0100 UTC;0;1009,8;1010;1009,7;0;27;22,7;27,4;26,9;22,9;22,7;79;76;77;164;5;2,3;
2026/03/07;0200 UTC;0;1010,3;1010,3;1009,8;0;26,3;22,9;27;26,2;22,9;22,7;82;77;81;170;5;,8;
2026/03/07;0300 UTC;0;1010,2;1010,3;1010;0;25,3;23,3;26,5;25,3;23,3;22,7;88;80;88;100;2,5;0;
2026/03/07;0400 UTC;0;1009,7;1010,2;1009,6;0;24,6;23,4;25,8;24,6;23,4;22,8;93;84;93;100;1,9;,1;
2026/03/07;0500 UTC;0;1009,3;1009,7;1009,2;0;24,1;23,1;24,8;24;23,5;23;94;92;94;12;1,2;0;
2026/03/07;0600 UTC;0;1008,8;1009,4;1008,8;0;24,2;23,3;24,5;24;23,5;23,1;95;94;95;58;,7;0;
2026/03/07;0700 UTC;0;1008,5;1008,8;1008,5;0;24,3;23,3;24,4;24,2;23,5;23,3;95;94;94;18;1,7;0;
2026/03/07;0800 UTC;0;1008,8;1008,8;1008,4;0;23,7;22,9;24,3;23,6;23,3;22,9;96;94;96;21;,9;0;
2026/03/07;0900 UTC;0;1008,8;1009;1008,8;6,3;23,6;23;23,7;23,5;23;22,8;96;96;96;28;,4;0;
2026/03/07;1000 UTC;0;1009,4;1009,4;1008,8;280,4;26,2;24;26,2;23,6;24,3;23;96;88;88;49;,9;0;
2026/03/07;1100 UTC;0;1009,7;1009,7;1009,4;705,5;27,4;23,4;27,7;26,2;24,3;23,3;88;79;79;60;2,3;,4;
2026/03/07;1200 UTC;0;1009,3;1009,7;1009,2;1975,1;29,4;23,6;29,7;27,4;24,3;23,2;80;70;71;224;2,7;,9;
2026/03/07;1300 UTC;0;1008,8;1009,4;1008,8;2803,3;31,1;25,1;31,1;29,3;25,1;22,9;73;65;71;117;3,4;1,3;
2026/03/07;1400 UTC;0;1008;1008,8;1008;3179,1;32,1;23,4;32,4;31,1;24,6;22,6;70;59;60;52;3,5;,5;
2026/03/07;1500 UTC;0;1006,8;1008;1006,8;3309,9;33,3;23,7;33,3;32;24,8;23;64;56;57;117;5,4;1,7;
2026/03/07;1600 UTC;0;1005,8;1006,8;1005,8;3011,2;33,9;24,2;34;32,8;24,9;22,9;61;54;57;203;5,4;,9;
2026/03/07;1700 UTC;0;1005;1005,8;1005;2668,8;34,3;24,4;35,1;33,7;24,9;22,6;58;50;57;226;3,9;2,1;
2026/03/07;1800 UTC;0;1004,7;1005;1004,7;2274,5;32;24,1;34,3;31,9;24,9;23,9;64;57;63;237;5,7;2,3;
2026/03/07;1900 UTC;0;1004,8;1005,3;1004,5;710,3;30,6;22,9;32;30,3;24,3;22;66;61;64;246;6,9;1,1;
2026/03/07;2000 UTC;0;1006,7;1006,7;1004,6;150,8;28,9;22,5;30,7;28,9;23,7;22,5;71;63;68;83;5;1,9;
2026/03/07;2100 UTC;38,2;1005,9;1008,7;1005,6;34,5;23,1;22,4;28,9;22;23,1;20,7;97;67;96;138;17,4;,8;
2026/03/07;2200 UTC;,2;1008;1008;1005,9;7,4;24,4;23,1;24,4;23;23,2;22,2;96;93;93;151;5,4;1,7;
2026/03/07;2300 UTC;0;1008,1;1008,4;1008;1,1;24,4;22,9;24,5;24,2;23,2;22,6;93;90;92;203;5,8;,6;
2026/03/08;0000 UTC;0;1008,1;1008,5;1008,1;0;24;23,2;24,4;23,9;23,2;22,9;96;92;96;200;2,2;0;
2026/03/08;0100 UTC;0;1008,3;1008,3;1007,9;0;23,9;23,2;24,1;23,8;23,3;23,1;96;95;96;13;1,2;,4;
2026/03/08;0200 UTC;0;1008,2;1008,3;1008,2;0;23,8;23,2;24;23,8;23,3;23,1;97;96;97;49;1,2;0;
2026/03/08;0300 UTC;0;1007,6;1008,2;1007,6;0;23,9;23,3;23,9;23,8;23,4;23,2;97;96;97;55;1,1;,2;
2026/03/08;0400 UTC;0;1007,3;1007,6;1007,3;0;24;23,1;24,1;23,8;23,3;23,1;97;94;95;46;1,8;1;
2026/03/08;0500 UTC;0;1006,5;1007,3;1006,5;0;24,2;23,1;24,3;24;23,3;23,1;95;94;94;134;2,1;,9;
2026/03/08;0600 UTC;0;1005,6;1006,5;1005,6;0;23,9;23;24,2;23,9;23,1;23;95;94;95;91;2,1;,5;
2026/03/08;0700 UTC;0;1005,2;1005,6;1005,1;0;23,5;23;23,9;23,2;23;22,6;97;95;97;134;1,5;,2;
2026/03/08;0800 UTC;0;1005,1;1005,3;1005,1;0;23,1;22,7;23,5;23;22,9;22,5;97;97;97;140;1,1;0;
2026/03/08;0900 UTC;0;1005,3;1005,3;1005,1;8,4;23,1;22,6;23,1;22,8;22,7;22,4;97;97;97;308;1,3;,3;
2026/03/08;1000 UTC;0;1005,7;1005,7;1005,2;331,4;24,6;23,4;24,6;23;23,8;22,5;97;93;93;353;2,2;1;
2026/03/08;1100 UTC;0;1006,7;1006,7;1005,7;647,5;26,8;23,5;26,8;24,6;23,7;23,2;93;82;82;360;3,1;,8;
2026/03/08;1200 UTC;0;1007,4;1007,4;1006,7;1830,8;28,3;22,7;28,9;26,8;23,6;22,4;82;69;72;346;8,2;3,7;
2026/03/08;1300 UTC;0;1007,5;1007,6;1007,4;2136,6;30,5;23,2;30,7;28,2;24,2;22,5;73;64;65;345;7,1;3,1;
2026/03/08;1400 UTC;0;1006,9;1007,5;1006,9;3152;31,9;22;32,2;30,4;24,2;22;66;56;56;334;7,1;3,4;
2026/03/08;1500 UTC;0;1006,6;1006,9;1006,6;3252,8;32,7;23,2;32,7;31,9;23,4;21,8;59;54;57;341;7;3,1;
2026/03/08;1600 UTC;0;1006,2;1006,6;1006,2;3492,5;32,7;23,6;33,5;32,6;24,4;22,2;61;53;59;352;6,5;2;
2026/03/08;1700 UTC;0;1005,7;1006,2;1005,7;3351,6;33,1;22,4;33,7;32,8;24,6;21,3;62;50;53;346;7,1;3,8;
2026/03/08;1800 UTC;0;1005,7;1005,8;1005,6;2688,3;32,4;21,7;33,4;32,3;23,2;20,9;56;50;54;345;8;3,9;
2026/03/08;1900 UTC;0;1006,1;1006,3;1005,7;1445,5;30,8;21,3;33,7;30,7;22,8;21,2;61;50;57;271;8;2,7;
2026/03/08;2000 UTC;0;1006,8;1006,8;1005,8;674,4;29,4;20,5;31;29,4;21,7;20,2;60;53;59;296;8;2,3;
2026/03/08;2100 UTC;0;1007,6;1007,7;1006,8;236,9;28,8;21,7;29,5;28,8;21,7;20,5;65;59;65;256;8,1;2;
2026/03/08;2200 UTC;0;1008,1;1008,1;1007,6;1,7;27;22,8;28,8;27;22,8;21,8;78;65;78;5;4,8;1;
2026/03/08;2300 UTC;0;1008,7;1008,7;1008;0;25,8;23,4;27,5;25,6;23,5;22,7;88;75;87;124;3,5;1;
2026/03/09;0000 UTC;0;1009,6;1009,6;1008,7;0;25,2;24;26;25,2;24;23,4;93;86;93;57;1,7;0;
2026/03/09;0100 UTC;0;1009,6;1009,8;1009,5;0;25,2;24,2;25,6;25,2;24,3;23,9;94;92;94;69;,9;,1;
2026/03/09;0200 UTC;0;1010;1010,3;1009,5;0;25,6;23,9;26,3;25,2;24,3;23,9;94;88;91;9;5;3;
2026/03/09;0300 UTC;,4;1010,2;1010,2;1010;0;24,1;22,9;25,6;24,1;24;22,9;94;91;93;352;6,6;3;
2026/03/09;0400 UTC;,4;1009,7;1010,2;1009,7;0;23,9;22,8;24,1;23,6;22,9;22,7;95;93;94;337;5,6;2,8;
2026/03/09;0500 UTC;0;1009,4;1009,6;1009,3;0;23,8;22,6;24;23,6;22,8;22,6;95;92;93;353;5,9;2,9;
2026/03/09;0600 UTC;0;1009,3;1009,4;1009,3;0;24;22,6;24;23,7;22,7;22,5;93;92;92;355;5,6;2,2;
2026/03/09;0700 UTC;0;1009,3;1009,3;1009;0;24;22,3;24;23,7;22,6;22,3;93;90;90;341;4,5;1,9;
2026/03/09;0800 UTC;,2;1009,4;1009,4;1009,1;0;24,2;22,5;24,5;23,9;22,5;22,2;91;88;90;338;4;1,2;
2026/03/09;0900 UTC;0;1010,1;1010,1;1009,4;1,7;24,1;22,6;24,2;23,9;22,6;22,4;92;89;92;11;3,9;1,9;
2026/03/09;1000 UTC;0;1011,2;1011,2;1010,1;89,4;24,8;22,8;24,8;24;22,9;22,6;92;88;89;350;3,4;1,7;
2026/03/09;1100 UTC;0;1012,1;1012,1;1011,2;583,5;25,6;22,9;25,7;24,8;23,3;22,6;89;85;85;341;4,6;1,6;
2026/03/09;1200 UTC;0;1012,9;1012,9;1012,1;766,6;26,5;23,6;26,5;25,4;23,6;22,7;86;82;84;353;6,1;2,1;
2026/03/09;1300 UTC;0;1013,2;1013,2;1012,9;1156,3;27;23,4;27,6;26,5;24,1;22,9;84;79;81;263;4,5;1,2;
2026/03/09;1400 UTC;,4;1013,1;1013,3;1013,1;1104,6;25,3;23,2;27,5;25,3;23,7;22,5;90;77;88;239;5;1;
2026/03/09;1500 UTC;1,6;1012,9;1013,1;1012,8;973,1;25,4;23,1;25,8;25,1;24;23;92;86;87;264;4,1;1,2;
2026/03/09;1600 UTC;2;1012,3;1012,9;1012,3;967,7;25,7;23,5;25,7;24,5;24;22,8;95;87;88;327;4,9;,7;
2026/03/09;1700 UTC;0;1012;1012,3;1012;1248,5;26,9;21,6;27,1;25,7;23,5;21,3;88;71;73;261;6,4;1;
2026/03/09;1800 UTC;0;1012;1012,1;1011,9;456,3;25,4;22,2;26,9;25,3;22,5;21,1;83;72;83;255;6,5;1,1;
2026/03/09;1900 UTC;0;1012;1012,2;1012;811,2;26,9;22;27;25,2;23,5;21,7;88;73;74;252;4,7;1,7;
2026/03/09;2000 UTC;0;1012;1012,1;1011,9;184,2;26,4;21,9;26,9;26,2;22,1;21,5;77;74;77;225;5,5;1,7;
2026/03/09;2100 UTC;0;1012,4;1012,4;1012;61,9;26,2;21,6;26,4;26,2;22,1;21,5;78;75;76;232;4;1,5;
2026/03/09;2200 UTC;0;1013,2;1013,2;1012,3;1;24,6;22,5;26,2;24,6;22,6;21,6;88;76;88;99;3,3;1,3;
2026/03/09;2300 UTC;0;1013,5;1013,6;1013,2;0;24;21,5;24,6;24;22,5;21,5;88;85;86;97;4,4;2;
2026/03/10;0000 UTC;0;1013,8;1014;1013,5;0;23,9;21,7;24;23,8;21,8;21,5;88;86;88;101;4,4;,7;
2026/03/10;0100 UTC;0;1014,2;1014,2;1013,8;0;23,4;22,4;24,2;23,4;22,5;21,6;94;86;94;12;1,9;,2;
2026/03/10;0200 UTC;0;1014;1014,2;1013,9;0;23,5;22,2;23,6;23,4;22,5;22,1;94;92;92;320;2,4;1,4;
2026/03/10;0300 UTC;0;1013,7;1014;1013,7;0;23,5;22,5;23,7;23,5;22,6;22,2;95;92;94;343;2,4;,3;
2026/03/10;0400 UTC;,2;1013,1;1013,7;1013,1;0;23,2;22,6;23,5;23,2;22,6;22,5;96;94;96;10;2,9;1,6;
2026/03/10;0500 UTC;,8;1012,5;1013,1;1012,5;0;23,2;22,6;23,3;23,1;22,6;22,4;96;96;96;17;3,2;,1;
2026/03/10;0600 UTC;0;1011,9;1012,5;1011,9;0;23,2;22,6;23,3;23,1;22,6;22,4;96;96;96;24;1,9;1,1;
2026/03/10;0700 UTC;0;1012,1;1012,2;1011,9;0;23;22,3;23,2;23;22,6;22,3;96;96;96;34;2,3;1,4;
2026/03/10;0800 UTC;1,2;1012,3;1012,3;1012,1;0;22,9;22,4;23;22,9;22,4;22,3;97;96;97;13;2,4;0;
2026/03/10;0900 UTC;0;1012,8;1012,8;1012,3;,9;22,9;22,4;23,1;22,9;22,6;22,3;97;97;97;33;,9;,2;
2026/03/10;1000 UTC;,2;1013,8;1013,8;1012,8;66,7;23,2;22,6;23,2;22,9;22,7;22,4;97;96;96;7;1;0;
2026/03/10;1100 UTC;0;1014,4;1014,4;1013,8;198,3;24,1;22,7;24,1;23,2;23,2;22,7;97;92;92;189;1,2;0;
2026/03/10;1200 UTC;0;1014,7;1014,7;1014,3;619,3;24,8;22,4;24,8;24,1;23,2;22,2;93;85;87;129;1,9;,6;
2026/03/10;1300 UTC;0;1014,6;1014,8;1014,5;1237,7;26;22,1;26,2;24,7;23,1;22;89;79;79;108;2,2;,8;
2026/03/10;1400 UTC;0;1014,6;1014,7;1014,6;1225;26,3;22,4;26,7;25,9;23,1;22;83;77;79;109;2,9;1,2;
2026/03/10;1500 UTC;0;1013,9;1014,6;1013,9;1021,1;27,2;22,5;27,2;25,8;22,9;22;83;75;75;271;3,9;,8;
2026/03/10;1600 UTC;;;;;;;;;;;;;;;;;;
2026/03/10;1700 UTC;0;1012,7;1013,3;1012,7;543,3;24,9;22,1;25,7;24,7;22,5;21,8;85;81;85;235;6,5;2,4;
2026/03/10;1800 UTC;0;1012,5;1012,7;1012,5;667,3;25,2;21,5;25,3;24,9;22;21,4;85;79;80;227;5,8;1,7;
2026/03/10;1900 UTC;0;1012,4;1012,5;1012,4;374;25;21,4;25,3;24,9;21,7;20,8;81;78;81;233;3,8;1,8;
2026/03/10;2000 UTC;0;1012,4;1012,5;1012,4;131,2;24,9;20,8;25;24,8;22;20,8;84;78;78;182;5,1;2;
2026/03/10;2100 UTC;0;1012,4;1012,6;1012,4;31;24,2;21,4;24,9;24,1;21,4;20,7;85;78;84;155;5,1;2;
2026/03/10;2200 UTC;,2;1012,6;1012,7;1012,4;0;22,9;21,9;24,2;22,9;21,9;21,4;94;84;94;125;4,2;1,7;
2026/03/10;2300 UTC;,2;1012,9;1012,9;1012,6;0;23,3;22;23,3;22,9;22,2;21,9;95;93;93;166;4,7;,9;
2026/03/11;0000 UTC;,2;1013,2;1013,3;1012,9;0;23,3;22;23,4;23;22,1;21,8;94;91;93;179;4,1;,6;
2026/03/11;0100 UTC;0;1013;1013,2;1012,9;0;23,4;21,6;23,5;23,2;22;21,4;93;88;90;190;4,2;,3;
2026/03/11;0200 UTC;0;1012,7;1013;1012,6;0;23,6;21,2;23,7;23,3;21,8;21,1;91;86;86;154;3,8;,6;
2026/03/11;0300 UTC;0;1012,2;1012,7;1012,2;0;23,5;21,1;23,7;23,4;21,4;20,9;88;85;86;186;3,2;,6;
2026/03/11;0400 UTC;0;1011,7;1012,3;1011,7;0;23,4;21,1;23,6;23,4;21,2;20,7;88;84;87;187;3,4;,1;
2026/03/11;0500 UTC;,8;1011,3;1011,8;1011,3;0;22,6;21,8;23,5;22,6;21,8;20,9;95;85;95;194;2,4;0;
2026/03/11;0600 UTC;,2;1010,8;1011,3;1010,8;0;22,5;21,8;22,7;22,4;22;21,7;96;95;96;119;1,4;,1;
2026/03/11;0700 UTC;,4;1010,7;1010,8;1010,6;0;22,6;22;22,7;22,5;22;21,8;96;95;96;338;1;0;
2026/03/11;0800 UTC;0;1010,9;1010,9;1010,7;0;22,6;22;22,8;22,5;22,1;21,7;96;94;96;46;,9;0;
2026/03/11;0900 UTC;1;1011,3;1011,3;1010,9;,7;22,4;21,8;22,7;22,4;22,1;21,8;97;96;96;331;0;0;
2026/03/11;1000 UTC;,6;1011,9;1011,9;1011,3;54,7;22,7;21,7;22,7;22,4;21,9;21,6;96;94;94;237;,9;0;
2026/03/11;1100 UTC;0;1012,6;1012,6;1011,9;170,3;23,4;21,7;23,4;22,7;22,1;21,6;95;90;91;220;1;0;
2026/03/11;1200 UTC;,4;1012,8;1012,8;1012,6;282,4;23,4;22;23,7;23,3;22,3;21,5;93;89;92;219;1,6;,6;
2026/03/11;1300 UTC;,4;1012,9;1013;1012,8;409,2;23,6;22;23,6;23,3;22,4;21,7;93;90;91;224;2,4;,6;
2026/03/11;1400 UTC;0;1012,8;1012,9;1012,8;593,5;23,4;21,3;23,7;23,4;22,2;21,1;91;87;88;259;3,2;1;
2026/03/11;1500 UTC;0;1012,2;1012,8;1012,2;670,8;23,9;20,8;24,2;23,4;21,4;20,6;88;81;83;230;3,3;,8;
2026/03/11;1600 UTC;,2;1011,5;1012,2;1011,5;516,9;23,2;21,1;23,9;23,2;21,6;20,6;90;82;88;227;2,6;,6;
2026/03/11;1700 UTC;,4;1010,9;1011,5;1010,9;319,3;22,8;21,7;23,2;22,8;22;21,1;94;88;93;208;2,4;1,1;
2026/03/11;1800 UTC;1,6;1010,5;1010,9;1010,5;172,4;22,5;21,6;22,8;22,3;21,7;21,2;95;92;95;108;2,4;0;
2026/03/11;1900 UTC;2,6;1010,4;1010,5;1010,3;207,4;22,6;21,8;22,7;22,4;21,8;21,5;95;94;95;124;1,7;,2;
2026/03/11;2000 UTC;1,4;1010,2;1010,4;1010,2;140,4;22,5;21,8;22,7;22,4;21,8;21,6;96;95;96;124;1,7;,4;
2026/03/11;2100 UTC;,2;1010,5;1010,5;1010,2;45,3;22,5;21,8;22,6;22,4;21,9;21,6;96;95;96;114;1,7;0;
2026/03/11;2200 UTC;0;1010,8;1010,8;1010,5;,4;22,4;21,8;22,5;22,4;21,8;21,7;96;96;96;120;1,2;,2;
2026/03/11;2300 UTC;0;1011,4;1011,4;1010,7;0;22,5;21,8;22,6;22,4;21,9;21,6;96;95;96;173;1,6;0;
2026/03/12;0000 UTC;,2;1011,8;1011,8;1011,3;0;22,5;21,5;22,6;22,5;21,9;21,4;96;94;94;182;2,7;,9;
2026/03/12;0100 UTC;0;1012;1012;1011,8;0;22,2;21,5;22,5;22,2;21,6;21,4;96;94;96;180;2,7;,4;
2026/03/12;0200 UTC;,2;1011,8;1012;1011,8;0;22,3;21,6;22,3;22,1;21,7;21,4;96;96;96;215;2;0;
2026/03/12;0300 UTC;0;1010,8;1011,8;1010,8;0;22,2;21,5;22,3;22,2;21,6;21,3;96;95;96;175;,6;0;
2026/03/12;0400 UTC;0;1010;1010,8;1010;0;21,9;21,4;22,2;21,9;21,5;21,3;97;96;97;4;1,4;0;
2026/03/12;0500 UTC;,2;1009,4;1010;1009,4;0;21,9;21,4;22;21,9;21,5;21,3;97;97;97;27;,8;0;
2026/03/12;0600 UTC;0;1009,3;1009,4;1009,2;0;21,9;21,2;22;21,9;21,5;21,2;97;96;96;20;1,6;,1;
2026/03/12;0700 UTC;0;1009,3;1009,6;1009,3;0;22;21,5;22;21,9;21,5;21,2;97;96;97;208;1,5;0;
2026/03/12;0800 UTC;0;1009,4;1009,4;1009,3;0;22,2;21,7;22,3;22;21,8;21,5;97;97;97;29;0;0;
2026/03/12;0900 UTC;0;1009,7;1009,7;1009,4;1,4;22,1;21,6;22,3;22,1;21,8;21,5;97;96;97;46;,5;0;
2026/03/12;1000 UTC;0;1010,2;1010,2;1009,7;97,4;22,6;21,9;22,6;22,1;22;21,6;97;96;96;35;0;0;
2026/03/12;1100 UTC;,2;1010,5;1010,5;1010,2;224,2;23,3;22,3;23,3;22,6;22,3;21,8;96;93;94;193;1;,1;
2026/03/12;1200 UTC;,4;1010,7;1010,7;1010,4;499,7;23,6;22,2;23,6;23,2;22,5;22;94;92;92;102;2,5;,1;
2026/03/12;1300 UTC;,4;1010,5;1010,8;1010,5;760,8;24,2;22,9;24,2;23,6;22,9;22,2;93;90;92;125;1,5;,4;
2026/03/12;1400 UTC;,6;1009,7;1010,6;1009,7;682,6;24,2;22,8;24,4;24,1;23,2;22,5;93;90;91;160;2,3;,9;
2026/03/12;1500 UTC;,2;1008,8;1009,7;1008,8;765,2;24,4;22,7;24,7;24,1;23,1;22,5;92;89;91;139;3,4;1,4;
2026/03/12;1600 UTC;,4;1007,9;1008,8;1007,9;1212,5;25,4;23,2;25,5;24,3;23,8;22,5;92;87;87;167;3,4;1,1;
2026/03/12;1700 UTC;,2;1006,7;1007,9;1006,7;1678,5;25,7;22,9;26,4;25,4;23,9;22,6;89;81;85;203;2,9;1,4;
2026/03/12;1800 UTC;0;1006;1006,7;1005,8;622,2;25,8;23,1;26,1;25,7;23,6;22,7;88;82;85;123;3,1;1,5;
2026/03/12;1900 UTC;,4;1005,2;1006;1005,2;415,3;24,8;23,3;26,1;24,8;23,4;22,7;92;83;92;137;3,9;1,2;
2026/03/12;2000 UTC;,2;1005,5;1005,5;1005,1;263;25;23,8;25,3;24,8;24,1;23,3;94;91;93;108;2,7;,2;
2026/03/12;2100 UTC;0;1005,4;1005,5;1005,2;126,1;24,7;23,7;25,2;24,7;24,2;23,6;95;92;94;137;1;0;
2026/03/12;2200 UTC;0;1005,5;1005,5;1005,2;,6;24,1;23,6;24,7;24,1;23,7;23,5;97;93;97;15;,7;,1;
2026/03/12;2300 UTC;0;1006,2;1006,2;1005,4;0;24,5;23,9;24,5;24,1;23,9;23,6;97;97;97;37;1,4;,4;
2026/03/13;0000 UTC;1;1006,9;1006,9;1006,2;0;24,2;23,7;24,5;24,2;23,9;23,7;97;96;97;359;1,4;0;
2026/03/13;0100 UTC;2,8;1006,9;1007,3;1006,8;0;24;23,5;24,2;24;23,7;23,5;97;97;97;343;1,9;,2;
2026/03/13;0200 UTC;1,6;1006,9;1006,9;1006,6;0;24,2;23,5;24,3;24;23,7;23,5;97;96;96;100;6,2;3,2;
2026/03/13;0300 UTC;1,8;1005,4;1006,9;1005,4;0;23,8;23,2;24,2;23,7;23,5;23,1;97;96;96;130;6,2;0;
2026/03/13;0400 UTC;0;1004,9;1005,4;1004,9;0;23,7;23,1;23,8;23,5;23,2;23;97;96;96;98;2,5;1,1;
2026/03/13;0500 UTC;0;1003,8;1004,9;1003,8;0;23,7;23;24;23,6;23,1;22,9;96;94;96;252;2,5;0;
2026/03/13;0600 UTC;0;1003,1;1003,8;1003,1;0;23,5;23,1;23,7;23,4;23,1;22,9;97;96;97;101;1,5;,1;
2026/03/13;0700 UTC;0;1002,8;1003,1;1002,7;0;25,3;21,7;25,8;23,5;23,2;21,5;97;77;81;60;4,5;2;
2026/03/13;0800 UTC;0;1003,5;1003,5;1002,8;,3;26,4;21,5;26,5;23,4;22,7;21,2;95;73;75;57;4,5;1,7;
2026/03/13;0900 UTC;0;1003,6;1003,7;1003,5;1,8;23,5;22,7;26,5;23,5;22,8;21;96;72;96;184;4,5;,1;
2026/03/13;1000 UTC;0;1004,1;1004,2;1003,6;120,7;24,9;22,2;25;23,3;23;22;96;84;85;354;3,8;1,5;
2026/03/13;1100 UTC;0;1004,4;1004,4;1004,1;660,2;27;22,2;27,1;24,9;22,5;21,8;86;74;75;342;5,6;2,7;
2026/03/13;1200 UTC;0;1005;1005;1004,4;818;26,9;21,9;27;26,7;22,3;21,8;76;74;74;340;7;3,7;
2026/03/13;1300 UTC;0;1005,4;1005,4;1005;1106,4;27,8;23,2;27,8;26,6;23,4;21,6;78;73;76;341;8,5;3,7;
2026/03/13;1400 UTC;0;1006;1006;1005,4;2222,4;27,2;22,6;28,5;27,2;23,6;22,4;77;73;76;338;8,5;4,7;
2026/03/13;1500 UTC;0;1006,1;1006,1;1005,9;1286,9;26,5;22,9;27,2;26,4;23;22;81;75;81;349;8,9;3,7;
2026/03/13;1600 UTC;0;1005,5;1006,2;1005,5;1684,7;27;22,8;27,4;26,5;23,9;22,5;83;76;78;342;9,2;4,3;
2026/03/13;1700 UTC;0;1005,2;1005,6;1005,2;1055,8;26,2;22,1;27;26;23;21,9;81;77;78;353;10,3;3,7;
2026/03/13;1800 UTC;0;1005,1;1005,2;1004,9;746,7;26;21,8;26,2;26;22,1;21,4;79;75;78;356;9;4,1;
2026/03/13;1900 UTC;0;1005,2;1005,2;1005;514,9;25,6;22,2;26;25,5;22,4;21,7;83;77;82;349;7,8;3,8;
2026/03/13;2000 UTC;,2;1005,8;1005,9;1005,2;72,6;23,4;22,2;25,6;23,4;22,5;22,2;93;82;93;358;8,7;4,2;
2026/03/13;2100 UTC;3,6;1006,2;1006,2;1005,8;58,3;23,3;22,4;23,4;22,9;22,4;22,1;95;93;95;91;7,6;,3;
2026/03/13;2200 UTC;,2;1007,2;1007,2;1006,2;,7;23,3;22,1;23,4;23,2;22,4;22,1;95;92;93;77;4,7;,5;
2026/03/13;2300 UTC;1,2;1007,7;1007,7;1007,1;0;23;22;23,3;23;22,1;21,9;94;92;94;12;4;2;
2026/03/14;0000 UTC;,2;1008;1008;1007,7;0;23,1;22,1;23,2;22,9;22,2;21,9;95;94;94;354;4;1,1;
2026/03/14;0100 UTC;0;1007,6;1008,1;1007,6;0;23;22,1;23,1;22,7;22,2;21,9;96;94;95;358;3;1,4;
2026/03/14;0200 UTC;0;1007,2;1007,6;1007,2;0;23,1;21,7;23,2;22,9;22,1;21,7;95;92;92;355;3,9;2,2;
2026/03/14;0300 UTC;0;1006,8;1007,2;1006,8;0;22,9;21,7;23,1;22,7;21,8;21,6;94;92;93;7;3,9;1,9;
2026/03/14;0400 UTC;0;1006,1;1006,8;1006,1;0;22,6;21,5;22,9;22,3;21,7;21,3;95;92;94;61;3,9;1,2;
2026/03/14;0500 UTC;0;1005,7;1006,1;1005,7;0;22,2;21,4;22,6;22,1;21,5;21,3;96;93;95;10;2,4;,9;
2026/03/14;0600 UTC;0;1005,6;1005,7;1005,5;0;21,9;21,3;22,3;21,7;21,4;21,1;96;95;96;167;2,3;0;
2026/03/14;0700 UTC;0;1005,7;1005,8;1005,6;0;21,5;21,1;21,9;21,5;21,4;21;97;96;97;71;,7;0;
2026/03/14;0800 UTC;0;1006;1006;1005,6;0;21;20,6;21,5;21;21;20,6;98;97;98;21;0;0;
2026/03/14;0900 UTC;0;1006,5;1006,5;1006;6;21,1;20,7;21,4;20,8;21;20,4;98;97;97;224;1,5;0;
2026/03/14;1000 UTC;0;1007,2;1007,2;1006,5;387,7;23,4;22,3;23,4;21,1;22,4;20,7;98;94;94;1;1,5;,5;
2026/03/14;1100 UTC;0;1007,8;1007,8;1007,2;955;25,8;21,7;25,8;23,4;22,8;21,2;94;76;78;321;1,8;,5;
2026/03/14;1200 UTC;0;1008;1008;1007,8;2345,4;27,3;20,5;27,7;25,9;22,6;20,3;78;66;67;335;3,9;1,7;
2026/03/14;1300 UTC;0;1008;1008,1;1008;2707,9;27,9;20,9;28,1;26,8;22,4;20,2;73;64;66;14;4,7;2,3;
2026/03/14;1400 UTC;0;1007,9;1008,1;1007,8;2195,4;27,7;21,4;29;27,6;22,7;20,3;71;62;69;211;4,7;1,1;
2026/03/14;1500 UTC;0;1007,5;1007,9;1007,5;1009,5;27,8;22,4;28,4;27,3;22,4;21;73;67;73;197;4,2;1,5;
2026/03/14;1600 UTC;0;1007,2;1007,6;1007,2;1261,2;28,3;22,1;28,8;27,8;22,7;21,5;73;66;69;223;3,9;1,7;
2026/03/14;1700 UTC;0;1006,5;1007,2;1006,5;1064,9;28;21,9;28,4;27,8;22,5;21,1;71;67;70;226;5,6;1,9;
2026/03/14;1800 UTC;0;1006,3;1006,5;1006,3;947,2;28;20,7;28,4;27,7;22,1;20,7;70;65;65;242;6,1;2,2;
2026/03/14;1900 UTC;0;1006,3;1006,4;1006,2;634,6;27,2;19,9;28;27,2;20,9;19,9;66;64;64;227;6,1;1,8;
2026/03/14;2000 UTC;0;1006,1;1006,5;1006,1;455,1;27;20,3;27,4;27;20,7;19,9;68;64;67;252;4,7;1,6;
2026/03/14;2100 UTC;0;1006,5;1006,5;1006,1;323,4;25,9;20,2;27,3;25,9;20,4;19,9;71;65;71;252;4,5;1;
2026/03/14;2200 UTC;0;1007,3;1007,3;1006,5;1,5;22,2;21;25,9;22,2;21,1;20,2;93;71;93;78;3,7;,1;
2026/03/14;2300 UTC;0;1008,2;1008,2;1007,3;0;21,6;20,8;22,3;21,6;21,1;20,6;95;93;95;106;1,1;,2;
2026/03/15;0000 UTC;0;1008,7;1008,7;1008,2;0;21;20,4;21,6;20,9;20,7;20,3;97;95;97;56;1;0;
2026/03/15;0100 UTC;0;1009;1009;1008,7;0;20,6;19,9;21,2;20,5;20,6;19,9;97;96;96;25;1,6;0;
2026/03/15;0200 UTC;0;1008,8;1009,1;1008,8;0;20;19,3;20,6;20;19,9;19,3;96;95;96;353;1;0;
2026/03/15;0300 UTC;0;1008,3;1008,8;1008,3;0;19,8;19,4;20,1;19,8;19,6;19,3;97;96;97;20;1,3;0;
2026/03/15;0400 UTC;0;1007,8;1008,3;1007,8;0;19,6;19,2;20;19,5;19,6;19,1;98;97;97;99;1,4;,1;
2026/03/15;0500 UTC;0;1007,3;1007,8;1007,2;0;19,4;19;19,6;19,2;19,2;18,7;98;97;98;37;,9;0;
2026/03/15;0600 UTC;0;1007;1007,3;1007;0;19,3;18,9;19,5;19,1;19,1;18,7;98;97;98;50;0;0;
2026/03/15;0700 UTC;0;1007;1007;1006,8;0;19,1;18,8;19,4;18,9;19;18,5;98;98;98;39;0;0;
2026/03/15;0800 UTC;0;1007,4;1007,4;1006,9;0;18,9;18,5;19,2;18,7;18,8;18,3;98;98;98;177;0;0;
2026/03/15;0900 UTC;0;1007,8;1007,8;1007,3;6,3;18,8;18,4;18,9;18,4;18,6;18;98;98;98;14;0;0;
2026/03/15;1000 UTC;0;1008,3;1008,3;1007,8;328,6;21,2;20,9;21,2;18,5;20,9;18,1;98;98;98;344;0;0;
2026/03/15;1100 UTC;0;1008,6;1008,6;1008,3;1209,8;25,3;22,3;25,3;21,2;22,3;20,9;98;83;83;138;2,2;,3;
2026/03/15;1200 UTC;0;1008,8;1008,9;1008,6;1788,6;26,6;21,7;26,9;24,3;22,4;21,3;86;73;75;134;2,5;,9;
2026/03/15;1300 UTC;0;1008,7;1008,9;1008,5;2782,2;28;21,3;28;26,5;22,5;20,8;76;67;67;150;4,9;1,9;
2026/03/15;1400 UTC;0;1008,3;1008,7;1008,2;3306,2;29;20;29,2;27,7;22,2;19,3;70;56;58;124;4,9;1,5;
2026/03/15;1500 UTC;0;1007,5;1008,3;1007,5;3571,1;30,8;20,8;30,8;28,9;21,1;19,4;62;50;55;176;3,6;1,6;
2026/03/15;1600 UTC;0;1006,8;1007,5;1006,8;3538,2;31,7;20,3;32;30,7;21,7;19,8;57;50;51;115;3,9;1,5;
2026/03/15;1700 UTC;0;1006,5;1006,8;1006,5;3267,9;32,5;20,3;32,6;31,4;21,8;19,6;55;47;48;142;3,8;1,3;
2026/03/15;1800 UTC;0;1005,8;1006,5;1005,8;2715;32,5;21,8;33,2;32,4;22,6;18,8;54;43;53;207;4,4;2,5;
2026/03/15;1900 UTC;0;1005,7;1005,8;1005,7;1995,6;30,6;22;32,7;30,5;22,3;21,2;60;52;60;227;5,5;2,4;
2026/03/15;2000 UTC;0;1006,2;1006,2;1005,7;1065,1;30,1;21,7;31;30,1;22,5;21,5;62;59;61;225;5,3;1,6;
2026/03/15;2100 UTC;0;1006,8;1006,8;1006,2;279,3;27,2;21,5;30,1;27,2;22;21,1;71;60;71;197;3,7;,6;
2026/03/15;2200 UTC;0;1007,3;1007,3;1006,8;,9;23,8;22,2;27,2;23,7;22,5;21,4;91;71;91;62;1,6;0;
2026/03/15;2300 UTC;0;1008,3;1008,3;1007,3;0;23,1;22;23,8;23,1;22,3;21,9;94;91;94;93;,2;0;
2026/03/16;0000 UTC;0;1009,1;1009,1;1008,3;0;22,7;21,8;23,1;22,7;22,1;21,8;95;94;95;38;,7;0;
2026/03/16;0100 UTC;0;1009,4;1009,4;1009,1;0;22,6;21,8;22,7;22,5;21,9;21,7;96;95;96;11;0;0;
2026/03/16;0200 UTC;0;1009,6;1009,6;1009,4;0;22,2;21,6;22,6;22,2;21,8;21,6;96;96;96;38;,5;0;
2026/03/16;0300 UTC;0;1009,4;1009,7;1009,4;0;22,1;21,6;22,4;22,1;21,8;21,5;97;96;97;53;,5;0;
2026/03/16;0400 UTC;0;1008,8;1009,4;1008,8;0;22,1;21,7;22,2;22;21,7;21,5;97;97;97;39;,4;0;
2026/03/16;0500 UTC;0;1008,5;1008,8;1008,5;0;21,8;21,3;22,1;21,7;21,6;21,3;97;97;97;83;0;0;
2026/03/16;0600 UTC;0;1008,2;1008,5;1008,2;0;21,6;21,2;21,8;21,4;21,4;21;98;97;98;62;,4;0;
2026/03/16;0700 UTC;0;1008,1;1008,2;1008,1;0;21,5;21,1;21,7;21,4;21,3;21;98;97;98;25;,7;0;
2026/03/16;0800 UTC;0;1008,5;1008,5;1008,1;0;22;21,7;22;21,4;21,7;21;98;97;98;59;,4;0;
2026/03/16;0900 UTC;0;1009;1009;1008,4;3,2;22,8;22,4;22,8;22;22,4;21,7;98;98;98;41;1,3;,1;
2026/03/16;1000 UTC;0;1009,3;1009,4;1009;237,2;24;23;24;22,8;23;22,4;98;94;94;23;1,8;,3;
2026/03/16;1100 UTC;0;1009,9;1009,9;1009,3;1076,9;26,3;23,3;26,3;24;23,3;22,4;94;81;84;49;1,3;,1;
2026/03/16;1200 UTC;0;1010,3;1010,3;1009,9;2017,2;27,8;23,4;27,8;26,1;23,5;22,5;84;74;77;117;2,4;,6;
2026/03/16;1300 UTC;0;1010,2;1010,3;1010,2;2736,1;29,7;22,6;30;27,8;24;22,3;77;64;66;301;2,4;1;
2026/03/16;1400 UTC;0;1009,8;1010,3;1009,8;3273,3;31,2;22,8;31,3;29,7;23,8;21,1;69;57;61;356;3,2;1,2;
2026/03/16;1500 UTC;0;1008,9;1009,8;1008,9;3544,2;32,6;19,9;33;31,1;22,5;19,9;61;47;47;114;2,6;,9;
2026/03/16;1600 UTC;0;1008,2;1008,9;1008,2;3400,2;33,1;22,7;34;32,3;23,6;19,7;55;47;54;205;5,2;2,6;
2026/03/16;1700 UTC;0;1007,7;1008,2;1007,7;3130,7;32,9;22,1;33,7;32,6;23,7;21,7;58;51;53;228;6,3;2,8;
2026/03/16;1800 UTC;0;1007,5;1007,7;1007,4;2614,7;31,9;19,7;33;31,5;22;19,1;53;47;48;231;6,8;3;
2026/03/16;1900 UTC;0;1007,3;1007,5;1007,3;1875,2;31;19,3;32;30,9;20,3;18,1;51;45;50;229;7,6;2,2;
2026/03/16;2000 UTC;0;1007,4;1007,5;1007,3;1028,7;29,9;16,7;31;29,8;19,9;16,7;53;45;45;243;7,4;2,7;
2026/03/16;2100 UTC;0;1007,9;1007,9;1007,4;283;26,4;18,2;29,9;26,4;18,4;15,9;61;43;61;181;6,1;,3;
2026/03/16;2200 UTC;0;1008,5;1008,5;1007,9;,8;23,5;20;26,4;23,1;20;17,8;83;60;81;165;1,6;,3;
2026/03/16;2300 UTC;0;1009,5;1009,5;1008,5;0;23;21,4;23,5;22,8;21,4;19,9;91;80;91;37;1,4;0;
2026/03/17;0000 UTC;0;1010,4;1010,4;1009,5;0;22,6;21,6;23;22,5;21,7;21,4;94;91;94;47;,6;0;
2026/03/17;0100 UTC;0;1010,9;1010,9;1010,4;0;22,8;22,1;22,8;22,5;22,1;21,6;96;94;96;69;2,3;,5;
2026/03/17;0200 UTC;0;1010,9;1011;1010,8;0;22,4;20,7;23,3;22;22,2;20,3;96;87;91;92;2,4;,2;
2026/03/17;0300 UTC;0;1011,1;1011,1;1010,8;0;21,4;20,2;22,4;21,3;20,8;20,1;93;90;93;22;1,5;0;
2026/03/17;0400 UTC;0;1010,4;1011,1;1010,4;0;21,1;20,3;21,4;21,1;20,5;20,1;95;93;95;39;,8;0;
2026/03/17;0500 UTC;0;1009,8;1010,4;1009,8;0;20,7;20,1;21,2;20,7;20,4;20,1;96;95;96;29;,6;0;
2026/03/17;0600 UTC;0;1009,1;1009,8;1009,1;0;20,6;20,1;20,8;20,6;20,3;20;97;96;97;39;,2;0;
2026/03/17;0700 UTC;0;1009,1;1009,1;1008,9;0;20,7;20,2;20,7;20,4;20,3;19,9;97;97;97;15;1,2;,6;
2026/03/17;0800 UTC;0;1009,4;1009,4;1009,1;0;20,4;19,9;20,7;20,4;20,2;19,9;97;97;97;33;1,2;0;
2026/03/17;0900 UTC;0;1009,9;1009,9;1009,4;4,5;20,5;20;20,5;20,2;20;19,8;97;97;97;38;0;0;
2026/03/17;1000 UTC;0;1010,6;1010,6;1009,9;292,8;22,7;22,3;22,7;20,4;22,3;20;98;97;97;49;0;0;
2026/03/17;1100 UTC;0;1011,1;1011,1;1010,6;1088,2;25,9;22,7;26;22,8;23;22;97;80;82;104;2,4;,9;
2026/03/17;1200 UTC;0;1011,1;1011,2;1011,1;1912,1;28,3;23,2;28,3;25,9;23,2;21,9;83;72;74;130;3,2;,6;
2026/03/17;1300 UTC;0;1010,8;1011,2;1010,8;2625;28,9;22,5;29;27,6;23,3;21,9;74;67;68;190;2,6;1;
2026/03/17;1400 UTC;0;1010,3;1010,9;1010,3;3283,6;30,2;21,6;31;28,9;23,8;21,6;69;60;60;227;4,5;2,1;
2026/03/17;1500 UTC;0;1009,5;1010,3;1009,5;3519,5;31,5;22,4;31,8;30,1;23,4;21,4;65;56;58;224;5;2,4;
2026/03/17;1600 UTC;0;1008,8;1009,5;1008,8;3430,9;30,7;21,3;31,6;30,7;23;21,2;61;55;58;238;5,7;2,6;
2026/03/17;1700 UTC;0;1008,4;1008,8;1008,4;3131,7;30,5;22;31,6;30,3;22,8;21,4;62;57;60;230;6,5;2,8;
2026/03/17;1800 UTC;0;1007,5;1008,4;1007,5;2553,3;30,1;21,2;30,8;29,9;22,2;21,2;62;58;59;224;6,9;2,7;
2026/03/17;1900 UTC;0;1007,2;1007,5;1007,1;1914,1;29,9;19,8;30,6;29,7;22,5;19,5;62;53;55;226;6,3;2,1;
2026/03/17;2000 UTC;0;1007,2;1007,3;1007,2;1015,5;29,4;19,2;30,1;29,4;20,6;19,1;58;54;54;226;5,1;2,3;
2026/03/17;2100 UTC;0;1007,7;1007,7;1007,2;247,6;27,1;20,1;29,4;27,1;20,5;19,1;66;54;66;190;4,8;,6;
2026/03/17;2200 UTC;0;1008,3;1008,3;1007,7;,3;24,8;21,3;27,1;24,6;21,3;20;81;65;81;122;1,9;,1;
2026/03/17;2300 UTC;0;1009,5;1009,5;1008,3;0;25,7;21,5;26;24,4;21,6;21,2;84;75;78;198;1,8;,6;
2026/03/18;0000 UTC;0;1010,4;1010,4;1009,5;0;24,1;21,3;25,7;24,1;21,5;21;85;77;85;149;1,8;,1;
2026/03/18;0100 UTC;0;1010,9;1010,9;1010,3;0;24,6;21,3;24,9;23,9;21,5;21,1;86;80;82;138;2,3;,3;
2026/03/18;0200 UTC;0;1010,6;1010,9;1010,6;0;22,8;21,5;24,5;22,7;21,7;21,3;93;82;93;95;1,5;0;
2026/03/18;0300 UTC;0;1010,1;1010,6;1010,1;0;22,3;21,3;22,8;22,2;21,5;21,2;95;92;94;210;,8;0;
2026/03/18;0400 UTC;0;1009,5;1010,1;1009,5;0;22,2;21,4;22,3;22;21,5;21,2;95;94;95;25;,8;0;
2026/03/18;0500 UTC;0;1008,6;1009,5;1008,6;0;23,2;22,3;23,2;22,2;22,4;21,4;96;95;95;157;,5;0;
2026/03/18;0600 UTC;0;1008;1008,6;1008;0;22,5;21,6;23,5;22,5;22,2;21,6;95;89;95;40;1,1;,1;
2026/03/18;0700 UTC;0;1008,1;1008,1;1007,9;0;22,1;21,5;22,5;22,1;21,6;21,4;96;95;96;79;,7;0;
2026/03/18;0800 UTC;0;1008,8;1008,8;1008,1;0;22,5;21,9;22,5;22,1;21,9;21,4;97;96;97;46;,4;0;
2026/03/18;0900 UTC;0;1009,3;1009,3;1008,7;1,2;23,2;22,5;23,2;22,5;22,5;21,9;97;96;96;114;,9;0;
2026/03/18;1000 UTC;0;1009,8;1009,8;1009,3;141,5;24,5;22,9;24,5;23,1;23;22,4;96;91;91;114;,8;0;
2026/03/18;1100 UTC;0;1009,9;1010;1009,8;1037,7;26,8;22,2;26,9;24,5;23,1;21,6;92;74;76;115;2;,6;
2026/03/18;1200 UTC;0;1009,7;1009,9;1009,7;1746,4;27,4;22,5;27,9;26,6;23;21,9;78;71;75;119;2,2;1;
2026/03/18;1300 UTC;0;1009,3;1009,7;1009,3;1907,6;29,6;22,7;29,6;27,3;23,2;21,7;75;65;67;175;2,5;,9;
2026/03/18;1400 UTC;0;1008,6;1009,3;1008,6;2667,4;29,3;22;30,4;29,1;23,1;21,4;68;61;65;27;3,1;,8;
2026/03/18;1500 UTC;0;1007,8;1008,6;1007,8;2921,9;30,3;22,6;31,2;29,3;24,1;22;68;60;63;218;5;2,8;
2026/03/18;1600 UTC;0;1006,9;1007,8;1006,9;3277,5;31,3;22,6;31,9;30,3;24,2;22,1;66;58;60;223;5;1,4;
2026/03/18;1700 UTC;0;1006,1;1006,9;1006,1;3161,5;30,3;22,5;31,6;30,2;23,7;22,1;65;59;63;240;6,2;2,8;
2026/03/18;1800 UTC;0;1005,5;1006,1;1005,5;2565,2;30;22,2;30,6;29,8;23;21,8;66;61;63;250;6,2;2,2;
2026/03/18;1900 UTC;0;1005,1;1005,5;1005;1770,6;28,4;21,8;30,1;28,4;22,7;21,6;68;62;68;243;7,2;2,4;
2026/03/18;2000 UTC;0;1005,4;1005,4;1005;645,1;27,2;21,3;28,5;27,2;21,8;21,2;71;67;70;247;7,4;2,2;
2026/03/18;2100 UTC;0;1006;1006;1005,4;163,1;26,5;21,2;27,2;26,5;21,3;21;73;70;73;252;7,6;2,3;
2026/03/18;2200 UTC;0;1006,7;1006,7;1006;,2;25,9;21,3;26,5;25,9;21,3;21;76;73;76;208;6,3;1,4;
2026/03/18;2300 UTC;0;1007,9;1007,9;1006,7;0;25,9;21,1;26,1;25,3;21,5;21,1;80;75;75;196;3,8;1;
2026/03/19;0000 UTC;0;1008,2;1008,2;1007,9;0;25,5;21,3;26,1;25,2;21,4;21,1;79;74;78;178;4;1,2;
2026/03/19;0100 UTC;0;1008,3;1008,5;1008,1;0;23,9;21,5;25,5;23,9;21,5;21,3;86;77;86;90;2,8;0;
2026/03/19;0200 UTC;0;1008,1;1008,3;1008,1;0;22,5;21,5;23,9;22,4;21,8;21,4;94;86;94;103;0;0;
2026/03/19;0300 UTC;0;1007,7;1008,1;1007,7;0;22,8;22,1;22,8;22,1;22,1;21,2;96;94;96;80;0;0;
2026/03/19;0400 UTC;0;1007,1;1007,7;1007,1;0;22,6;21,9;22,9;22,4;22,2;21,6;96;95;96;133;0;0;
2026/03/19;0500 UTC;0;1006,7;1007,2;1006,7;0;23,4;22,4;23,4;22,6;22,5;21,9;96;94;94;58;0;0;
2026/03/19;0600 UTC;0;1006;1006,7;1006;0;23,6;22,6;23,6;23,4;22,7;22,3;95;94;94;69;0;0;
2026/03/19;0700 UTC;0;1005,9;1006;1005,7;0;23,7;22,5;24,1;23,6;22,7;21,8;95;87;93;38;1;0;
2026/03/19;0800 UTC;0;1005,9;1005,9;1005,8;0;23,9;22,7;23,9;23,7;22,8;22,3;94;92;93;150;1,3;0;
2026/03/19;0900 UTC;0;1006,1;1006,2;1005,9;2,3;24;22,8;24;23,8;22,8;22,4;94;92;93;78;1,3;0;
2026/03/19;1000 UTC;0;1006,3;1006,3;1006,1;109,8;25,1;22,6;25,1;23,9;23,3;22,6;94;86;86;107;1,3;,3;
2026/03/19;1100 UTC;0;1006,9;1006,9;1006,3;520,2;26,3;22,8;26,3;25,1;22,8;22,4;87;81;81;134;1,8;,7;
2026/03/19;1200 UTC;0;1006,8;1007;1006,8;1508,9;27,7;22,5;28,2;26,1;23,4;22,4;82;73;73;32;2,5;,8;
2026/03/19;1300 UTC;0;1006,2;1006,8;1006,2;1665,7;28,2;23;28,7;27,3;23,7;22,2;78;70;73;50;2,8;,6;
2026/03/19;1400 UTC;0;1006;1006,3;1006;1615,9;28,8;22,6;28,9;28;23,6;22,3;75;68;69;99;2,1;,5;
2026/03/19;1500 UTC;0;1005,3;1006;1005,3;2119,2;29,7;23,5;30,1;28,8;23,9;22,5;71;66;70;198;3,7;1,9;
2026/03/19;1600 UTC;0;1004,8;1005,3;1004,8;1929,3;29,1;22,6;30,6;29,1;24,2;22,6;70;66;68;210;4,4;1,7;
2026/03/19;1700 UTC;0;1004,1;1004,8;1004,1;1129,2;28,3;22,7;29,1;28,2;23,6;22,5;74;68;72;224;4,6;2,3;
2026/03/19;1800 UTC;0;1003,7;1004,1;1003,7;1183,9;27,8;21,9;28,6;27,8;23,2;21,9;73;69;70;225;5,8;2,5;
2026/03/19;1900 UTC;0;1004;1004;1003,7;506,9;27,2;21;27,9;27,2;22,2;21;72;68;69;242;5,7;2;
2026/03/19;2000 UTC;0;1004,5;1004,5;1004;215,6;26,5;21,7;27,3;26,5;22,1;20,9;77;69;75;195;5,7;1;
2026/03/19;2100 UTC;0;1004,9;1004,9;1004,4;53,8;25,9;21,7;26,9;25,9;21,9;21,1;78;70;78;155;3;1,4;
2026/03/19;2200 UTC;0;1005,8;1005,8;1004,9;0;26,2;21,9;26,2;25,9;22;21,5;78;76;78;197;2,9;,6;
2026/03/19;2300 UTC;,2;1006,8;1006,8;1005,8;0;24,5;23,5;26,2;24,5;23,6;21,8;94;77;94;312;2,5;0;
2026/03/20;0000 UTC;2,6;1007,2;1007,2;1006,8;0;24,3;23,6;24,6;24,2;23,7;23,5;96;94;96;114;1,2;,1;
2026/03/20;0100 UTC;1;1007,5;1007,6;1007,2;,1;23,8;22,9;24,3;23,8;23,7;22,9;97;95;95;125;4,6;,9;
2026/03/20;0200 UTC;1,2;1007,3;1007,6;1007,2;,1;22,7;21,7;23,8;22,7;22,7;21,7;95;93;94;149;7,1;,6;
2026/03/20;0300 UTC;0;1006,8;1007,3;1006,6;0;22,8;22,1;22,8;22,6;22,1;21,7;96;94;96;284;2,2;,2;
2026/03/20;0400 UTC;,2;1006,2;1006,8;1006,2;0;22,6;21,7;22,8;22,6;22,1;21,7;96;94;95;200;1,3;,1;
2026/03/20;0500 UTC;,2;1005,8;1006,3;1005,7;0;22,2;21,5;22,6;22,1;21,7;21,4;96;94;96;323;1,4;0;
2026/03/20;0600 UTC;0;1005,3;1005,8;1005,3;0;22,1;21,5;22,2;22;21,5;21,4;97;96;97;50;,8;,1;
2026/03/20;0700 UTC;0;1005;1005,3;1004,9;0;22;21,5;22,1;22;21,5;21,4;97;96;97;45;1,1;0;
2026/03/20;0800 UTC;0;1005,4;1005,4;1005;0;21,7;21,2;22;21,7;21,5;21,2;97;97;97;4;,9;0;
2026/03/20;0900 UTC;0;1006;1006;1005,4;,6;22,1;21,6;22,1;21,8;21,6;21,2;97;97;97;108;0;0;
2026/03/20;1000 UTC;0;1006,6;1006,6;1006;132;23;22,2;23;22,1;22,2;21,6;97;95;95;139;1;,1;
2026/03/20;1100 UTC;0;1007,2;1007,2;1006,6;587,1;24,4;22,1;24,6;23;22,5;22;95;86;87;235;1,4;,3;
2026/03/20;1200 UTC;0;1007,3;1007,4;1007,2;1348,3;26,9;22,5;27;24,4;23,3;22,1;88;76;77;204;1,9;,9;
2026/03/20;1300 UTC;0;1007,4;1007,4;1007,3;1463,1;26,9;22,1;27,3;26,5;23,4;21,9;81;74;75;14;2,5;,4;
2026/03/20;1400 UTC;0;1007,2;1007,4;1007,2;1448,6;27,8;22,5;28;26,9;23;21,5;77;69;73;320;3;,6;
2026/03/20;1500 UTC;0;1006,8;1007,2;1006,8;496,5;26,6;22;27,8;26,6;22,8;21,6;77;70;76;313;3,5;1,6;
2026/03/20;1600 UTC;0;1006,2;1006,8;1006,2;357,9;26,6;23;26,7;26,1;23,4;22,1;84;76;80;196;3,7;,9;
2026/03/20;1700 UTC;0;1005,7;1006,2;1005,7;379;26,4;22,5;26,8;26,4;23,3;22,5;82;79;79;228;4,6;1,9;
2026/03/20;1800 UTC;0;1005,7;1005,7;1005,6;466,2;26,1;22,8;26,8;26,1;23;22,3;82;78;82;194;4,7;1,8;
2026/03/20;1900 UTC;0;1005,7;1005,7;1005,5;892,3;26,2;22,4;27,8;25,9;23,1;22,4;83;74;79;206;5,9;2,2;
2026/03/20;2000 UTC;0;1005,9;1005,9;1005,6;419,4;26,2;22,3;26,6;25,9;22,8;22,3;81;79;79;255;4,8;1,5;
2026/03/20;2100 UTC;0;1006,5;1006,5;1005,9;58;25,8;22,1;26,2;25,7;22,6;22;82;79;80;241;4,7;,5;
2026/03/20;2200 UTC;0;1007,2;1007,2;1006,5;,1;24,5;22,6;25,8;24,5;22,6;21,9;89;80;89;30;2,2;1;
2026/03/20;2300 UTC;0;1007,6;1007,6;1007,2;0;23,7;22,3;24,5;23,7;22,7;22,1;92;88;92;13;2,1;,9;
2026/03/21;0000 UTC;0;1008,1;1008,1;1007,6;0;23,3;22,3;23,9;23,3;22,6;22,3;94;91;94;16;1,4;0;
2026/03/21;0100 UTC;0;1008,7;1008,7;1008;0;22,6;21,9;23,3;22,6;22,3;21,9;96;94;96;24;1,3;,4;
2026/03/21;0200 UTC;0;1008,7;1008,8;1008,6;0;22,4;21,8;22,6;22,3;22,1;21,7;97;96;96;23;1,3;,2;
2026/03/21;0300 UTC;0;1008,4;1008,7;1008,4;0;22,8;22,3;22,9;22,3;22,3;21,7;97;96;97;301;1,3;0;
2026/03/21;0400 UTC;0;1008,2;1008,5;1008,2;0;22,7;22,2;23;22,4;22,5;21,9;97;97;97;356;,3;0;
2026/03/21;0500 UTC;0;1007,9;1008,2;1007,8;0;22,3;21,8;22,9;22,2;22,4;21,8;97;97;97;339;0;0;
2026/03/21;0600 UTC;0;1007,3;1007,9;1007,3;0;21,6;21,2;22,3;21,6;21,8;21,1;97;97;97;19;1,1;0;
2026/03/21;0700 UTC;0;1007,1;1007,3;1007;0;21,2;20,7;21,8;21,2;21,3;20,7;98;97;97;21;,8;,1;
2026/03/21;0800 UTC;0;1007,3;1007,3;1007,1;0;21,6;21,2;21,8;21;21,4;20,6;98;97;98;6;1,5;,2;
2026/03/21;0900 UTC;0;1007,8;1007,8;1007,3;2,9;21,2;20,8;22,1;21,1;21,7;20,7;98;97;98;11;1;0;
2026/03/21;1000 UTC;0;1008,2;1008,2;1007,8;305;23,2;22,8;23,2;21,2;22,8;20,8;98;98;98;352;,9;0;
2026/03/21;1100 UTC;0;1008,8;1008,8;1008,2;1071,7;25,3;22,6;26,2;23,1;23,3;22,5;98;81;85;116;2;,7;
2026/03/21;1200 UTC;0;1009,1;1009,1;1008,8;1610,5;26,7;22;27,5;25,2;23;21,5;86;71;76;125;2,4;,3;
2026/03/21;1300 UTC;0;1008,9;1009,1;1008,9;2236,4;28,9;21,8;29;26,3;22,6;21;80;64;65;157;2,6;1,1;
2026/03/21;1400 UTC;0;1008,9;1009,2;1008,9;2281,4;28,8;20,2;29,6;28,3;22,5;20;68;58;60;226;3,3;,6;
2026/03/21;1500 UTC;0;1008,7;1009;1008,6;1966,8;29,5;21,6;30,5;28,7;23,1;20,3;68;58;63;209;6,5;2,7;
2026/03/21;1600 UTC;0;1008,5;1008,7;1008,5;1951,9;28,8;20,8;29,9;28,6;22,7;20,6;66;61;62;231;6,5;2,1;
2026/03/21;1700 UTC;0;1008,2;1008,5;1008,1;2777,3;29,3;20,1;30,2;28,8;22,1;20,1;64;57;58;247;6,3;2,9;
2026/03/21;1800 UTC;0;1007,9;1008,2;1007,9;2544,8;28,5;21,2;29,8;28,5;21,6;20,1;65;58;64;247;8,3;3,6;
2026/03/21;1900 UTC;0;1007,9;1008;1007,8;1325,5;27,3;21,3;29;27,3;21,8;20,9;70;63;70;247;8,4;3,3;
2026/03/21;2000 UTC;0;1008,1;1008,1;1007,8;841,8;26,8;21,4;27,8;26,8;21,8;21,3;73;69;73;255;7,5;2,5;
2026/03/21;2100 UTC;0;1008,5;1008,5;1008,1;164,8;26,1;21;26,9;26,1;21,6;21;74;72;73;244;6,8;1,9;
2026/03/21;2200 UTC;0;1009,4;1009,4;1008,5;,1;26,1;21,2;26,2;26;21,4;21;75;73;74;239;4,8;1,4;
2026/03/21;2300 UTC;0;1010;1010;1009,4;0;23,5;21,5;26,1;23,5;21,5;21,1;89;74;89;65;4,2;0;
2026/03/22;0000 UTC;0;1010,5;1010,5;1010;0;22,4;21,3;23,5;22,4;21,6;21,3;94;89;94;26;,6;0;
2026/03/22;0100 UTC;0;1010,6;1010,6;1010,5;0;21,8;21;22,4;21,7;21,3;20,9;95;94;95;24;0;0;
2026/03/22;0200 UTC;0;1010,4;1010,6;1010,4;0;21,5;20,9;21,8;21,4;21;20,7;96;95;96;53;0;0;
2026/03/22;0300 UTC;0;1010,2;1010,4;1010,2;0;21,2;20,7;21,6;21,1;20,9;20,5;97;96;97;47;0;0;
2026/03/22;0400 UTC;0;1009,6;1010,2;1009,6;0;20,9;20,3;21,3;20,9;20,7;20,3;97;96;97;37;0;0;
2026/03/22;0500 UTC;0;1008,9;1009,6;1008,9;0;20,8;20,3;21;20,6;20,5;20,1;97;97;97;32;0;0;
2026/03/22;0600 UTC;0;1008,7;1008,9;1008,6;0;20,8;20,3;20,8;20,6;20,4;20,1;97;97;97;42;0;0;
2026/03/22;0700 UTC;0;1009;1009;1008,7;0;20,7;20,3;20,9;20,6;20,4;20,1;97;97;97;27;0;0;
2026/03/22;0800 UTC;0;1009;1009,1;1008,9;0;20,6;20,2;20,8;20,5;20,4;20;97;97;97;31;,9;0;
2026/03/22;0900 UTC;0;1009,2;1009,3;1009;3,1;20,6;20,1;20,6;20,2;20,2;19,8;98;97;98;211;1;0;
2026/03/22;1000 UTC;0;1009,5;1009,5;1009;286,9;22,7;22,3;22,8;20,4;22,4;19,9;98;97;97;67;,6;0;
2026/03/22;1100 UTC;0;1010;1010;1009,5;1114,3;26;22,1;26;22,7;22,7;21,6;97;79;79;156;2;,5;
2026/03/22;1200 UTC;0;1010,1;1010,2;1010;1731,9;27,1;22,6;27,6;26;22,9;21,9;81;73;76;239;3,1;,3;
2026/03/22;1300 UTC;0;1009,9;1010,1;1009,9;2513,4;28,6;22,1;29,1;27,1;23,1;22;77;67;68;225;3,8;1,8;
2026/03/22;1400 UTC;0;1009,6;1010;1009,6;2908,3;30,2;22,2;30,3;28,5;23,2;21,1;70;59;62;185;3,9;1,7;
2026/03/22;1500 UTC;0;1008,8;1009,6;1008,8;3375,1;31,3;22,1;31,3;29,9;23,3;20,9;65;55;58;126;3,9;,9;
2026/03/22;1600 UTC;0;1007,9;1008,8;1007,9;2074,6;30,3;22,5;32;30,3;23,3;20,6;63;52;63;171;3,6;1,4;
2026/03/22;1700 UTC;0;1007,2;1007,9;1007,2;2198,3;31,1;21,7;31,7;30,2;22,7;21,3;63;56;58;226;5,3;2,5;
2026/03/22;1800 UTC;0;1007,2;1007,2;1007,1;2344,4;30,5;20,7;31,3;30,2;22,3;20,2;60;54;56;256;6,7;2,5;
2026/03/22;1900 UTC;0;1007,3;1007,3;1007,1;1810;29,4;19,9;30,7;29,4;20,9;19,8;59;54;56;235;6,9;2,5;
2026/03/22;2000 UTC;0;1007,7;1007,7;1007,2;946,4;28,2;20,5;29,6;27,9;20,5;19,7;64;56;63;263;7,1;2,4;
2026/03/22;2100 UTC;0;1008,1;1008,1;1007,7;206,5;26,8;19,6;28,2;26,8;20,7;19,6;66;63;65;262;7,1;1,9;
2026/03/22;2200 UTC;0;1009,1;1009,1;1008,1;,1;25,7;20,5;26,9;25,5;20,5;19,4;74;64;73;164;5,7;1,3;
2026/03/22;2300 UTC;0;1009,9;1009,9;1009,1;0;23,8;21;25,8;23,8;21;20,6;84;73;84;149;4;,1;
2026/03/23;0000 UTC;0;1010,3;1010,3;1009,9;0;22,6;21,3;23,8;22,3;21,3;20,9;93;84;93;264;1,4;0;
2026/03/23;0100 UTC;0;1010,5;1010,6;1010,2;0;22,5;21,3;23,2;22,5;21,7;21,2;93;91;93;44;,9;0;
2026/03/23;0200 UTC;0;1010,6;1010,7;1010,5;0;21,7;20,8;22,5;21,7;21,3;20,8;95;93;95;48;,8;,1;
2026/03/23;0300 UTC;0;1010,6;1010,7;1010,5;0;21,3;20,6;21,8;21,2;21;20,4;96;93;96;24;,7;0;
2026/03/23;0400 UTC;0;1010,5;1010,6;1010,4;0;21;20,5;21,3;20,9;20,7;20,2;97;96;96;37;,6;0;
2026/03/23;0500 UTC;0;1010;1010,5;1009,9;0;20,8;20,3;21,1;20,8;20,5;20,3;97;96;97;25;,7;0;
2026/03/23;0600 UTC;0;1009,5;1010;1009,5;0;20,8;20,3;20,9;20,6;20,4;20;97;97;97;20;,9;0;
2026/03/23;0700 UTC;0;1009,5;1009,6;1009,4;0;21,8;21,3;21,8;20,7;21,3;20,2;97;97;97;26;0;0;
2026/03/23;0800 UTC;0;1009,8;1009,8;1009,4;0;21;20,5;21,8;21;21,3;20,5;97;96;96;16;1,7;0;
2026/03/23;0900 UTC;0;1010,3;1010,3;1009,8;3,8;21,1;20,6;21,2;20,8;20,7;20,2;97;96;97;57;0;0;
2026/03/23;1000 UTC;0;1010,6;1010,6;1010,2;309,1;23,7;22;23,7;21,1;22,1;20,6;97;90;90;8;1,8;0;
2026/03/23;1100 UTC;0;1010,8;1010,8;1010,6;1122,1;27,2;21,9;27,2;23,7;22,7;21,1;91;72;73;167;1,6;,4;
2026/03/23;1200 UTC;0;1010,8;1010,9;1010,8;1165,8;26,4;21,5;27,2;26,1;22,2;21;77;70;74;25;2,9;,3;
2026/03/23;1300 UTC;0;1010,3;1010,8;1010,3;2228;27,5;21,1;28,5;26,3;22,6;20,4;76;62;68;186;4,8;1,6;
2026/03/23;1400 UTC;0;1009,7;1010,3;1009,7;2194;28,6;21,2;29,6;27,2;22,7;20,1;70;57;64;171;5,1;1,7;
2026/03/23;1500 UTC;0;1008,9;1009,7;1008,9;2698,3;30,3;19;30,4;28,6;22,4;19;67;51;51;183;5,2;2,5;
2026/03/23;1600 UTC;0;1007,8;1008,9;1007,7;3227,1;30,5;20,2;31,2;29,6;21,5;18,8;57;51;54;175;6,6;2,3;
2026/03/23;1700 UTC;0;1007,1;1007,8;1007,1;1880,5;30,5;20,2;30,9;29,1;21,9;19,9;62;53;54;186;5,5;2,4;
2026/03/23;1800 UTC;0;1007;1007,2;1006,9;2146,6;29,8;21,3;31,5;29,7;21,5;18,9;60;50;60;208;5,8;2,6;
2026/03/23;1900 UTC;,2;1007,8;1007,8;1007;539,6;26,6;20,6;29,8;26,4;21,2;19,4;73;58;70;170;9,5;4;
2026/03/23;2000 UTC;0;1007,7;1007,9;1007,5;811,6;26,2;20,3;27,3;26,1;20,3;19;70;62;70;156;9,5;2,5;
2026/03/23;2100 UTC;0;1007,8;1007,9;1007,5;128,9;23,7;20,8;26,2;23,7;20,9;20,2;84;70;84;105;5,9;,4;
2026/03/23;2200 UTC;0;1008;1008;1007,7;0;22,2;20,9;24,1;22,2;21,2;20,7;93;82;92;43;2;0;
2026/03/23;2300 UTC;0;1008;1008,2;1008;0;21,5;20,6;22,2;21,5;21,1;20,5;94;92;94;24;1,3;,6;
2026/03/24;0000 UTC;0;1008,9;1009;1008;0;21,2;20,5;21,8;21;20,8;20,1;96;94;96;43;1,3;0;
2026/03/24;0100 UTC;0;1009,2;1009,4;1008,9;0;21,3;20,4;21,3;20,8;20,6;20;96;95;95;342;1,6;,7;
2026/03/24;0200 UTC;0;1008,8;1009,3;1008,8;0;21,3;19,9;21,8;20,7;20,3;19,8;95;90;92;350;2,5;,9;
2026/03/24;0300 UTC;0;1009;1009,2;1008,8;0;22,1;19,9;22,1;20,9;20,2;19,8;94;88;88;295;2,7;,5;
2026/03/24;0400 UTC;0;1009,1;1009,2;1009;0;20,5;19,5;22;20,3;20;19,5;96;88;94;120;1,7;,1;
2026/03/24;0500 UTC;0;1008,6;1009,1;1008,6;0;20,3;19,4;20,8;20,2;19,9;19,4;96;93;95;56;1,6;0;
2026/03/24;0600 UTC;0;1008,4;1008,8;1008,4;0;19,8;19,2;20,3;19,7;19,5;19;97;95;96;357;1;0;
2026/03/24;0700 UTC;0;1008,2;1008,5;1008,1;0;19,9;19,4;20;19,6;19,5;19;97;96;97;320;1;0;
2026/03/24;0800 UTC;0;1008,4;1008,5;1008,2;0;20;19,6;20;19,6;19,6;19,2;97;97;97;166;1,2;,3;
2026/03/24;0900 UTC;0;1008,7;1008,8;1008,4;2,7;19,9;19,5;20,2;19,4;19,8;18,9;98;97;97;112;1,2;0;
2026/03/24;1000 UTC;0;1009,1;1009,1;1008,6;286,9;22,6;22;22,6;19,9;22;19,4;98;97;97;28;1,2;0;
2026/03/24;1100 UTC;0;1009,7;1009,7;1009;1116;25,5;21,1;25,5;22,6;22,3;20,8;97;77;77;28;2,9;,7;
2026/03/24;1200 UTC;0;1009,6;1009,8;1009,5;1922;27,7;20,1;27,7;25,5;21,4;19,1;77;60;63;27;2,3;,8;
2026/03/24;1300 UTC;0;1009,2;1009,6;1009,2;2659,2;29,8;19,5;30,1;27,8;21,3;19;64;53;54;160;2,5;,6;
2026/03/24;1400 UTC;0;1008,6;1009,2;1008,6;3114,7;30,3;19;31,2;29,6;21,3;18,7;58;49;51;85;3,5;1,6;
2026/03/24;1500 UTC;0;1007,8;1008,6;1007,8;3347,4;31,7;20;31,9;30,2;20,6;18,7;55;46;50;27;5,5;1,8;
2026/03/24;1600 UTC;0;1007,2;1007,8;1007,2;3365,3;32,5;19,7;32,5;31,5;20,9;18,8;52;45;47;87;6,5;2,6;
2026/03/24;1700 UTC;0;1006,2;1007,2;1006,2;3148,6;32,9;20;33,2;32,2;20,8;18,5;49;42;47;122;6,3;2,1;
2026/03/24;1800 UTC;0;1005,4;1006,2;1005,4;2574;33;18,9;33,7;32,9;20,4;18,6;47;42;43;105;5,9;2,8;
2026/03/24;1900 UTC;0;1005,5;1005,5;1005,3;1814,4;32,7;20,5;33,6;32,5;21,1;18,9;51;42;49;212;5,2;1,9;
2026/03/24;2000 UTC;0;1005,7;1005,7;1005,4;951,4;31,3;20,2;32,7;31,2;21,1;20;54;49;52;218;5;1,9;
2026/03/24;2100 UTC;0;1006,2;1006,2;1005,7;177,9;26,1;21,3;31,4;26,1;21,3;20,1;75;51;75;88;3,6;,1;
2026/03/24;2200 UTC;0;1006,8;1006,8;1006,2;0;24,1;21,6;26,1;24;21,8;21,3;86;75;86;83;1,5;0;
2026/03/24;2300 UTC;0;1007,6;1007,6;1006,8;0;23,6;21,6;24,2;23,5;21,7;21,4;89;85;89;37;,9;0;
2026/03/25;0000 UTC;0;1008,2;1008,2;1007,6;0;23,2;21,7;23,6;23,1;21,8;21,4;92;89;91;27;1,3;,5;
2026/03/25;0100 UTC;0;1008,7;1008,7;1008,2;0;23,1;21,3;23,8;23;21,8;21,3;92;86;90;30;2,1;,7;
2026/03/25;0200 UTC;0;1009,1;1009,1;1008,5;0;25,1;21,9;25,1;22,7;22,1;21,3;93;82;82;355;3,6;1,6;
2026/03/25;0300 UTC;0;1009,4;1009,5;1009;0;23,2;21,7;25,2;23,2;22;21,6;91;82;91;95;3,6;,3;
2026/03/25;0400 UTC;0;1009,4;1009,4;1009,2;0;22,4;21,5;23,2;22,3;22,1;21,2;95;91;94;44;1,1;0;
2026/03/25;0500 UTC;0;1009,2;1009,5;1009,1;0;22,1;21,4;22,5;22;21,7;21,2;96;94;96;356;1,4;,1;
2026/03/25;0600 UTC;0;1009,4;1009,4;1009,2;0;22,2;21,6;22,2;21,8;21,6;21,2;97;96;96;2;2,2;1;
2026/03/25;0700 UTC;0;1009,2;1009,4;1009,1;0;21,5;20,8;22,3;21,5;21,6;20,8;96;94;96;48;2,2;,2;
2026/03/25;0800 UTC;0;1009,8;1009,8;1009,2;0;21,5;20,9;22,1;21,4;21,4;20,6;97;95;96;123;1,5;,1;
2026/03/25;0900 UTC;0;1010,4;1010,4;1009,8;2,6;21,4;20,8;21,6;21,1;21;20,4;97;96;97;136;1,1;,1;
2026/03/25;1000 UTC;0;1010,9;1010,9;1010,4;269,8;24,3;23,3;24,3;21,2;23,3;20,6;97;94;94;23;1,3;0;
2026/03/25;1100 UTC;0;1011,4;1011,4;1010,9;1082,3;27,9;23,3;27,9;24,3;23,7;22,3;94;73;76;245;2,2;,5;
2026/03/25;1200 UTC;0;1011,7;1011,8;1011,4;1907,8;30;21,8;30,3;27,9;23,4;21,2;76;60;62;26;2,4;1,1;
2026/03/25;1300 UTC;0;1011,7;1011,8;1011,7;2604,7;31,7;20,2;32,1;30;22,7;19,8;63;50;51;360;3,9;1,5;
2026/03/25;1400 UTC;0;1011,3;1011,7;1011,3;3125,8;32,7;20;32,9;31,7;22,4;19,6;57;47;47;135;5,4;2;
2026/03/25;1500 UTC;0;1010,6;1011,3;1010,6;3330,5;33,9;20,9;34;32,5;21,7;19;51;42;47;10;4,7;,7;
2026/03/25;1600 UTC;0;1010;1010,6;1010;3347;34,9;19,7;34,9;33,8;21,7;18,4;49;39;41;98;4,5;1,3;
2026/03/25;1700 UTC;0;1009,4;1010;1009,4;2518,3;34,3;21,1;35,3;32,7;22,1;19,3;50;40;46;228;5,7;2,4;
2026/03/25;1800 UTC;0;1009,3;1009,4;1009,2;1448,3;31,8;20,4;34,8;31,8;21,8;20,3;51;45;51;233;6,3;2,6;
2026/03/25;1900 UTC;0;1009,4;1009,5;1009,3;1425,2;32,6;19,2;33;31,7;20,5;19;52;44;45;232;6,8;2,5;
2026/03/25;2000 UTC;0;1009,4;1009,5;1009,2;923;31,5;20,6;32,9;31,5;20,7;19,2;53;45;53;227;5,3;1,8;
2026/03/25;2100 UTC;0;1009,9;1009,9;1009,4;182,8;26,8;22,1;31,6;26,8;22,1;20,3;75;52;75;82;3,8;0;
2026/03/25;2200 UTC;0;1010,4;1010,4;1009,9;0;27;22,1;27;25,3;22,3;21,9;82;75;75;1;3,7;1,7;
2026/03/25;2300 UTC;0;1011,5;1011,5;1010,4;0;26,3;22,3;27,2;26,3;22,3;22,2;79;74;79;358;6,8;2,7;
2026/03/26;0000 UTC;0;1012;1012;1011,5;0;26;21,9;26,4;26;22,4;21,9;79;78;78;353;7,4;2,1;
2026/03/26;0100 UTC;0;1012,2;1012,2;1012;0;25,1;21,6;26;25;21,9;21,5;81;78;81;7;4,2;1,1;
2026/03/26;0200 UTC;0;1012,3;1012,5;1012,2;0;24,4;22;25,5;24,3;22,1;21,6;87;80;86;346;2,3;,1;
2026/03/26;0300 UTC;0;1012,1;1012,3;1012,1;0;23,9;22,2;24,8;23,9;22,2;22;90;85;90;34;2,8;1,3;
2026/03/26;0400 UTC;0;1011,8;1012,1;1011,8;0;23,4;22;24,8;23,4;22,5;22;92;86;92;357;2;,1;
2026/03/26;0500 UTC;0;1011,6;1011,9;1011,6;0;22,6;21,8;23,5;22,6;22,3;21,8;95;92;95;35;1,5;,5;
2026/03/26;0600 UTC;0;1010,8;1011,6;1010,8;0;22,5;21,8;22,8;22,4;22;21,7;96;95;96;34;1,5;0;
2026/03/26;0700 UTC;0;1010,9;1010,9;1010,7;0;22,2;21,6;22,5;22,1;21,9;21,5;97;96;96;350;,7;0;
2026/03/26;0800 UTC;0;1011,4;1011,4;1010,9;0;21,9;21,4;22,3;21,9;21,8;21,3;97;96;97;70;1,1;,1;
2026/03/26;0900 UTC;0;1011,8;1011,8;1011,4;2,6;22,3;21,8;22,4;21,9;21,9;21,3;97;96;97;31;,6;0;
2026/03/26;1000 UTC;0;1012,6;1012,6;1011,8;279,5;25,4;23,8;25,4;22,2;24;21,7;97;91;91;37;0;0;
2026/03/26;1100 UTC;0;1013,3;1013,3;1012,6;1077,7;27,8;23,2;27,8;25,4;23,7;22,3;91;74;76;61;1,6;,6;
2026/03/26;1200 UTC;0;1013,7;1013,7;1013,3;1842,5;29,3;22,6;29,4;27,8;23,7;22,3;76;66;67;61;2,2;,5;
2026/03/26;1300 UTC;0;1013,7;1013,7;1013,6;2742,2;31,5;23;31,6;29,3;23,7;21,7;68;59;60;102;3,4;1,3;
2026/03/26;1400 UTC;0;1013,2;1013,7;1013,2;3108;32,4;22,2;32,7;30,9;23,4;21,4;64;54;55;171;3,2;1,2;
2026/03/26;1500 UTC;0;1012,6;1013,2;1012,6;2147,4;32,5;22,3;32,7;31,4;24,2;21,1;62;53;55;102;2,9;,9;
2026/03/26;1600 UTC;0;1011,8;1012,6;1011,8;3355,4;33,2;22,9;33,8;32,5;24;21,7;59;50;55;211;6,4;2,7;
2026/03/26;1700 UTC;0;1011,3;1011,8;1011,3;2988,3;32,9;22,9;33,3;32,3;23,6;22,3;59;54;56;234;6,4;2,6;
2026/03/26;1800 UTC;0;1010,9;1011,3;1010,9;2456,1;31,7;22;33;31,7;23,2;21,7;58;54;57;236;6,8;3,1;
2026/03/26;1900 UTC;0;1010,9;1011;1010,8;1642,8;31,1;21,8;32;30,9;22,4;21,4;59;55;58;252;7,5;2,4;
2026/03/26;2000 UTC;0;1010,8;1010,9;1010,7;825,3;30,2;20,9;31,1;30,2;21,7;20,9;59;57;58;241;8,2;2;
2026/03/26;2100 UTC;0;1011,3;1011,3;1010,8;73,6;29,2;20,8;30,2;28,9;21;20,6;62;58;60;261;6;,6;
2026/03/26;2200 UTC;0;1011,9;1011,9;1011,3;0;25,1;22,2;29,2;25,1;22,3;20,7;84;60;84;87;2,5;0;
2026/03/26;2300 UTC;0;1012,6;1012,6;1011,9;0;24,3;22;25,1;24,1;22,4;22;88;84;87;26;1,4;,7;
2026/03/27;0000 UTC;0;1013,2;1013,2;1012,6;0;24,1;22,2;25,3;23,7;22,2;21,4;90;79;89;17;2,4;,4;
2026/03/27;0100 UTC;0;1013,5;1013,5;1013,2;0;24,1;22,6;24,6;24;22,6;22,1;91;88;91;22;1,6;,9;
2026/03/27;0200 UTC;0;1013,4;1013,6;1013,4;0;25,6;22,7;25,7;24,1;22,9;22,7;91;84;84;357;2,7;1,3;
2026/03/27;0300 UTC;0;1013,3;1013,5;1013,2;0;24,9;22,7;25,6;24,9;22,7;22,6;88;84;88;7;2,7;1,3;
2026/03/27;0400 UTC;0;1012,9;1013,3;1012,9;0;24,6;22,6;24,9;24,6;22,8;22,6;89;88;89;359;3,3;,7;
2026/03/27;0500 UTC;0;1012,7;1012,9;1012,7;0;23,3;22,4;24,6;23,2;22,7;22,2;95;89;95;187;1,3;0;
2026/03/27;0600 UTC;0;1012,5;1012,7;1012,4;0;22,6;22;23,3;22,5;22,4;21,8;96;95;96;96;,7;0;
2026/03/27;0700 UTC;0;1012,7;1012,7;1012,5;0;22,2;21,7;22,6;22;22;21,4;97;96;97;49;,6;0;
2026/03/27;0800 UTC;0;1013;1013;1012,7;0;22;21,4;22,3;21,9;21,8;21,4;97;97;97;27;0;0;
2026/03/27;0900 UTC;0;1013,6;1013,6;1013;2,4;21,7;21,2;22,1;21,7;21,6;21,2;97;97;97;44;0;0;
2026/03/27;1000 UTC;0;1014,4;1014,4;1013,6;271,3;24,7;22,8;24,7;21,6;23,1;21,1;97;89;89;112;1,5;1;
2026/03/27;1100 UTC;0;1015,3;1015,3;1014,4;1043,2;25,9;22,8;26,6;24,7;23,4;22,3;90;79;83;359;2,8;1,5;
2026/03/27;1200 UTC;0;1015,6;1015,7;1015,3;1446,4;27,9;22,8;28,3;25,7;23,5;22,5;85;73;74;80;2,8;,6;
2026/03/27;1300 UTC;0;1015,6;1015,8;1015,6;2503,1;29,5;22,3;29,9;27,7;23,4;21,4;77;62;65;74;2,2;,7;
2026/03/27;1400 UTC;0;1015,3;1015,7;1015,3;2941,6;29,9;20,6;31,4;29,6;23;20,5;66;54;58;347;3;1,3;
2026/03/27;1500 UTC;0;1014,5;1015,3;1014,5;2764,3;31,2;22,4;31,9;29,9;23,1;20,9;62;54;60;222;6,3;3,3;
2026/03/27;1600 UTC;0;1013,5;1014,5;1013,5;3232;31,5;21,4;32;31;23;21,4;60;55;55;226;6,4;2,7;
2026/03/27;1700 UTC;0;1013;1013,5;1013;2862,4;30,9;21,7;31,8;30,7;22,2;21;59;54;58;236;6,7;2,8;
2026/03/27;1800 UTC;0;1012,7;1013;1012,7;2399,7;31,8;21;31,9;30,8;22,2;20,9;59;53;53;229;6,7;2,2;
2026/03/27;1900 UTC;0;1012,9;1012,9;1012,7;1665;31,1;20,4;31,9;30,9;21,1;20;55;51;53;251;5,8;2,3;
2026/03/27;2000 UTC;0;1013,1;1013,1;1012,8;572,9;29,8;20,7;31,1;29,7;20,9;20,3;59;53;58;250;6;2,1;
2026/03/27;2100 UTC;0;1013,4;1013,4;1013,1;147,7;28,6;20,9;29,8;28,6;20,9;20,6;63;58;63;229;4,9;1;
2026/03/27;2200 UTC;0;1014,3;1014,3;1013,4;0;27,1;21,3;28,6;26,8;21,4;20,9;72;63;71;192;2,9;,8;
2026/03/27;2300 UTC;0;1015,2;1015,2;1014,3;0;27,6;20,6;27,8;27;21,4;20,6;71;66;66;182;6,8;2,7;
2026/03/28;0000 UTC;0;1015,5;1015,5;1015,2;0;26,9;20;27,6;26,8;20,7;19,7;67;64;66;170;6,3;1,5;
2026/03/28;0100 UTC;0;1015,8;1015,8;1015,5;0;26,5;20,8;26,9;26,5;20,8;20;71;66;71;174;6,4;2,3;
2026/03/28;0200 UTC;0;1015,7;1015,8;1015,7;0;26,1;21;26,5;26,1;21,1;20,8;74;71;74;177;5,8;1,7;
2026/03/28;0300 UTC;0;1015,6;1015,8;1015,6;0;25,4;21;26,2;25,4;21,1;20,9;77;73;77;186;5,4;,9;
2026/03/28;0400 UTC;0;1015,1;1015,6;1015,1;0;23;21,2;25,5;23;21,4;20,9;89;77;89;122;3,5;,2;
2026/03/28;0500 UTC;0;1014,8;1015,1;1014,8;0;21,8;20,8;23;21,8;21,2;20,5;94;89;94;18;1,3;,2;
2026/03/28;0600 UTC;0;1014,6;1014,8;1014,6;0;21,4;20,6;21,9;21,3;21;20,5;96;94;95;22;,7;0;
2026/03/28;0700 UTC;0;1014,5;1014,6;1014,4;0;21,1;20,5;21,4;20,9;20,7;20,2;96;95;96;27;1,2;,1;
2026/03/28;0800 UTC;0;1015;1015;1014,5;0;21;20,5;21,2;20,7;20,6;20,1;97;96;97;19;1,2;,1;
2026/03/28;0900 UTC;0;1015,4;1015,4;1015;2,3;20,7;20,2;21,1;20,5;20,6;19,9;97;96;97;39;,7;0;
2026/03/28;1000 UTC;0;1016,1;1016,1;1015,4;278,8;24,3;22,7;24,3;20,5;22,7;20;97;91;91;31;,8;0;
2026/03/28;1100 UTC;0;1016,9;1016,9;1016,1;1071,7;27,2;21,5;27,2;24,2;22,7;21,4;91;71;71;178;2,4;,3;
2026/03/28;1200 UTC;0;1017;1017;1016,9;1718,9;27,5;21,1;28,3;27,2;21,8;20,2;71;63;68;224;2,7;,5;
2026/03/28;1300 UTC;0;1016,9;1017;1016,8;2090,3;28,5;20,9;29,5;27,5;21,6;20;70;58;64;45;3,2;,9;
2026/03/28;1400 UTC;0;1016,6;1016,9;1016,5;2454,5;30,3;19,6;31;28,5;21,1;19,5;64;51;53;168;5,7;2,7;
2026/03/28;1500 UTC;0;1015,7;1016,6;1015,7;3194,7;31,5;19,7;31,6;30,2;20,5;18,6;54;48;50;185;5,9;2,8;
2026/03/28;1600 UTC;0;1014,6;1015,7;1014,6;3209,8;32;19,9;32,2;30,8;20,7;19;52;47;49;177;5,9;2,3;
2026/03/28;1700 UTC;0;1013,8;1014,6;1013,8;3019,1;31,9;21,2;32,9;31;21,8;19,2;56;46;53;208;5,3;2,6;
2026/03/28;1800 UTC;0;1013,3;1013,8;1013,3;2609,8;31,8;22,3;32,5;31,3;22,6;20,8;58;52;57;227;5,4;2,6;
2026/03/28;1900 UTC;0;1013,4;1013,4;1013,3;1584,4;30;21,3;31,8;30;22,2;21,2;60;56;60;258;5,8;2,8;
2026/03/28;2000 UTC;0;1013,9;1013,9;1013,4;456,6;29,2;21,7;30;29;21,8;21,3;65;60;64;235;7;2,4;
2026/03/28;2100 UTC;0;1014,4;1014,4;1013,9;133,7;27,6;21;29,3;27,6;21,9;21;67;64;67;220;5,3;1,8;
2026/03/28;2200 UTC;0;1015,1;1015,1;1014,4;0;26,8;20,6;27,6;26,6;21,1;20,6;70;67;69;188;3,6;,8;
2026/03/28;2300 UTC;0;1016;1016;1015,1;0;26,3;20,3;26,9;25,2;20,6;20,2;75;67;70;177;3,2;,6;
2026/03/29;0000 UTC;0;1016,5;1016,5;1016;0;26,4;20,6;26,9;26,3;20,6;20,1;70;67;70;174;5,2;1,3;
2026/03/29;0100 UTC;0;1016,5;1016,6;1016,5;0;26,2;21,1;26,6;26,1;21,1;20,6;74;70;73;180;5,3;1,8;
2026/03/29;0200 UTC;0;1016,5;1016,6;1016,4;0;25,7;21,3;26,2;25,6;21,4;21;77;73;77;202;5,5;1,8;
2026/03/29;0300 UTC;0;1016,4;1016,5;1016,4;0;25,4;21,6;25,7;25,3;21,7;21,3;80;77;79;166;6;1,7;
2026/03/29;0400 UTC;0;1015,4;1016,4;1015,4;0;24,7;21,2;25,5;24,7;21,6;21,2;80;79;80;149;5,3;1,1;
2026/03/29;0500 UTC;0;1014,8;1015,4;1014,8;0;24;21,5;24,7;22,6;21,7;20,8;91;80;86;178;3,6;,5;
2026/03/29;0600 UTC;0;1014,5;1014,8;1014,5;0;21,4;20,5;24,4;21,4;21,6;20,4;95;84;95;40;2,9;0;
2026/03/29;0700 UTC;0;1014,6;1014,6;1014,4;0;20,8;20,2;21,5;20,8;20,7;20,1;96;95;96;36;,9;0;
2026/03/29;0800 UTC;0;1014,5;1014,7;1014,4;0;21;20,5;21,1;20,6;20,6;19,9;97;96;97;21;,5;0;
2026/03/29;0900 UTC;0;1014,8;1014,9;1014,5;2;20,4;19,9;21;20,1;20,4;19,6;97;96;97;62;0;0;
2026/03/29;1000 UTC;0;1015,1;1015,1;1014,8;306,5;23,6;22,3;23,6;20,3;22,3;19,8;97;92;92;43;0;0;
2026/03/29;1100 UTC;0;1015,7;1015,7;1015,1;1183,3;25,5;21,9;26,2;23,6;22,6;21,1;92;77;81;32;2,7;1,4;
2026/03/29;1200 UTC;0;1016,1;1016,1;1015,7;1953,3;27,7;20,9;28,1;25,5;22,3;20,7;81;66;66;309;2,2;,5;
2026/03/29;1300 UTC;0;1015,6;1016,1;1015,6;2674,1;29,1;20;29,3;27,5;21,4;19,9;69;58;58;311;2,7;,6;
2026/03/29;1400 UTC;0;1014,9;1015,6;1014,9;3109,7;30,1;17,2;30,5;29;20,3;17,2;59;46;46;131;4,4;1,5;
2026/03/29;1500 UTC;0;1013,9;1014,9;1013,9;3387,5;31,6;15,2;31,9;29,9;18,9;14,5;49;36;37;225;5,7;2;
2026/03/29;1600 UTC;0;1013,3;1013,9;1013,3;3368,1;31,6;19;32,3;30,9;19,8;14,3;49;34;47;237;6,1;2,4;
2026/03/29;1700 UTC;0;1012,6;1013,3;1012,6;3037,3;31,3;19,5;32,1;30,7;19,9;18,1;50;44;50;215;6,1;2,1;
2026/03/29;1800 UTC;0;1011,8;1012,6;1011,7;2530,2;31,1;19,5;32,3;30,9;20,7;18;51;44;50;216;5,2;2,4;
2026/03/29;1900 UTC;0;1011,8;1011,8;1011,5;1778,9;29,9;20;31,7;29,9;20,7;19,4;56;50;55;236;6;2,4;
2026/03/29;2000 UTC;0;1012,2;1012,3;1011,7;899,1;28;19,9;29,9;28;20,5;19,8;62;56;61;232;7,1;2,7;
2026/03/29;2100 UTC;0;1012,5;1012,5;1012,1;157,3;26;20,5;28,2;26;20,5;19,8;72;61;72;179;7,1;1,5;
2026/03/29;2200 UTC;0;1013,3;1013,3;1012,5;0;25,6;21;26;25,3;21;20,4;76;72;75;215;5;1,5;
2026/03/29;2300 UTC;0;1014,1;1014,1;1013,2;0;25;21,1;25,7;24,9;21,2;20,9;79;75;79;190;3,9;,4;
2026/03/30;0000 UTC;0;1014,4;1014,4;1014;0;22,9;21,2;25;22,9;21,5;21;90;79;90;325;1,8;,1;
2026/03/30;0100 UTC;0;1014,4;1014,5;1014,4;0;22,3;21;22,9;22,2;21,4;20,9;93;90;92;31;,8;0;
2026/03/30;0200 UTC;0;1014,4;1014,5;1014,3;0;22,7;21,6;22,7;22;21,6;21;94;92;94;45;,6;0;
2026/03/30;0300 UTC;0;1014,1;1014,5;1014,1;0;23,2;21,9;23,3;22,7;21,9;21,6;94;92;93;37;,4;0;
2026/03/30;0400 UTC;0;1013,3;1014,1;1013,3;0;23,9;22,1;23,9;23;22,1;21,8;93;90;90;45;1,2;,4;
2026/03/30;0500 UTC;0;1012,9;1013,3;1012,9;0;23,9;22,1;24,1;23,7;22,2;21,8;90;87;90;297;1,2;0;
2026/03/30;0600 UTC;0;1012,1;1012,9;1012,1;0;22,4;21,6;23,9;22,4;22,2;21,4;95;90;95;36;,6;,1;
2026/03/30;0700 UTC;0;1011,8;1012,1;1011,7;0;21,4;20,6;22,4;21,4;21,6;20,6;96;95;95;17;,8;0;
2026/03/30;0800 UTC;0;1011,6;1011,8;1011,6;0;21,5;20,9;21,6;21,3;21,1;20,6;97;95;97;19;,8;0;
2026/03/30;0900 UTC;0;1011,9;1011,9;1011,6;1,8;21,4;20,8;21,6;21,2;21;20,6;97;96;97;38;0;0;
2026/03/30;1000 UTC;0;1011,9;1011,9;1011,8;237,8;23,7;22,5;23,7;21,2;22,6;20,7;97;93;93;22;1,8;,8;
2026/03/30;1100 UTC;0;1012;1012;1011,8;1015,4;26,3;22;26,4;23,7;22,7;21,8;93;77;77;132;2,4;1,2;
2026/03/30;1200 UTC;0;1012,2;1012,2;1012;1894,8;28,5;22;28,5;26,2;22,5;21,4;79;68;68;72;2,6;,8;
2026/03/30;1300 UTC;0;1011,9;1012,2;1011,9;1795,4;29,3;21,7;29,3;27,9;22,4;20,9;70;63;64;21;2,6;,5;
2026/03/30;1400 UTC;0;1011,3;1011,9;1011,3;2863,4;30,1;22;30,9;29,3;22,3;20,7;64;58;62;157;4,7;1,9;
2026/03/30;1500 UTC;0;1010,8;1011,3;1010,8;2194,9;29,5;21,5;30,7;29,4;22,7;21,2;64;59;62;212;5,2;2,1;
2026/03/30;1600 UTC;0;1010;1010,8;1010;2443,7;31,2;21,4;31,3;29,5;22,2;21;63;56;56;202;4,7;1,7;
2026/03/30;1700 UTC;0;1009,2;1010;1009,2;2880,1;30;20,8;31,4;30;22,6;20,6;61;56;58;234;6,2;2,8;
2026/03/30;1800 UTC;0;1008,9;1009,3;1008,9;2418,8;29;19,7;30,3;29;21,2;19,6;60;56;57;235;7,7;3,3;
2026/03/30;1900 UTC;0;1009;1009;1008,9;1077,8;27,6;18,8;29,2;27,4;19,8;18,7;60;56;59;254;9;3,3;
2026/03/30;2000 UTC;0;1009;1009;1008,8;810,1;27,3;17,7;28;27,2;19;17,7;59;56;56;257;9;3;
2026/03/30;2100 UTC;0;1009,9;1009,9;1009;97,1;26,5;19;27,3;26,5;19;17,6;64;56;64;249;7,8;2,3;
2026/03/30;2200 UTC;0;1010,4;1010,4;1009,9;0;26;20,1;26,5;26;20,1;19;70;63;70;191;5,6;1,3;
2026/03/30;2300 UTC;0;1010,8;1010,8;1010,4;0;24,8;20,5;26,1;24,8;20,5;19,9;77;70;77;133;3,1;,2;
2026/03/31;0000 UTC;0;1010,9;1010,9;1010,8;0;25,4;20,6;25,4;24,3;20,8;20,5;81;74;75;217;2,6;,8;
2026/03/31;0100 UTC;0;1010,5;1010,9;1010,5;0;22,8;20,8;25,4;22,8;20,9;20,5;89;75;89;104;2,5;0;
2026/03/31;0200 UTC;0;1010,3;1010,5;1010,3;0;22,2;20,9;22,8;22,1;21;20,7;93;89;92;52;,6;0;
2026/03/31;0300 UTC;0;1010;1010,3;1009,9;0;21,8;20,6;22,2;21,8;20,9;20,6;93;92;93;21;,4;0;
2026/03/31;0400 UTC;0;1009,3;1010;1009,3;0;21,5;20,5;21,9;21,5;20,8;20,5;94;93;94;37;,9;,3;
2026/03/31;0500 UTC;0;1008,5;1009,3;1008,4;0;22,5;21;22,6;21,5;21,1;20,5;94;91;91;345;,9;,3;
2026/03/31;0600 UTC;0;1008;1008,5;1007,9;0;22,5;21,2;22,5;22,3;21,3;20,9;93;91;93;46;,9;0;
2026/03/31;0700 UTC;0;1007,8;1008;1007,7;0;22,4;21,5;22,5;22,3;21,5;21,2;95;93;95;17;,5;0;
2026/03/31;0800 UTC;0;1007,9;1007,9;1007,8;0;22,1;21,2;22,6;22,1;21,7;21,1;95;94;95;12;1,3;,7;
2026/03/31;0900 UTC;0;1008,2;1008,3;1007,9;,9;22;21;22,2;21,9;21,2;20,9;95;94;94;34;1,4;0;
2026/03/31;1000 UTC;0;1008,7;1008,7;1008,2;191,3;23,8;22,4;23,8;21,9;22,4;21;95;92;92;38;,9;0;
2026/03/31;1100 UTC;0;1009,2;1009,3;1008,7;796;26,1;22,1;26,3;23,8;22,9;21,6;92;77;79;75;1,9;,4;
2026/03/31;1200 UTC;0;1009,4;1009,4;1009,1;1656,4;28,4;22,5;28,4;26;22,5;21,4;79;69;71;186;2,4;1;
2026/03/31;1300 UTC;0;1009,3;1009,4;1009,3;2296,7;28,2;21,7;29,6;28;22,9;21,3;72;65;68;191;4,7;1,6;
2026/03/31;1400 UTC;0;1009,5;1009,5;1009,3;615,8;25,9;21,8;28,3;25,9;22,1;21,4;78;68;78;242;5;2,3;
2026/03/31;1500 UTC;0;1009,2;1009,5;1009,2;1245,3;25,3;21,4;25,9;25;22;21,2;81;78;79;239;8,9;3,5;
2026/03/31;1600 UTC;0;1008,2;1009,2;1008,2;1728,2;24,8;20,8;25,8;24,6;21,7;20,7;80;76;78;247;9,4;3,4;
2026/03/31;1700 UTC;0;1008,2;1008,3;1008;822,1;24,2;20,9;25,6;24,1;21,3;20,7;82;76;82;271;7,7;2,1;
2026/03/31;1800 UTC;5;1008,6;1008,7;1008;33,4;22,6;21,4;24,2;22,3;21,7;20,8;94;82;93;314;5,2;1,2;
2026/03/31;1900 UTC;5,2;1008,9;1008,9;1008,5;19,3;22,3;21,3;22,8;22,3;22;21,2;95;93;94;164;3;,5;
2026/03/31;2000 UTC;1,8;1008,6;1008,9;1008,4;85,1;22,6;21,7;22,6;22,3;21,7;21,3;95;94;95;162;1,7;,1;
2026/03/31;2100 UTC;,2;1009;1009;1008,6;38,7;22,7;21,8;22,8;22,5;21,9;21,6;95;94;95;140;1,9;,7;
2026/03/31;2200 UTC;,2;1009,7;1009,7;1009;0;22,6;22;22,8;22,5;22;21,7;96;95;96;4;1,8;0;
2026/03/31;2300 UTC;0;1010;1010;1009,7;0;22,6;22;22,7;22,5;22,2;21,9;97;96;97;21;,6;0;
