REGIAO:;SE
UF:;RJ
ESTACAO:;RIO DE JANEIRO - JACAREPAGUA
CODIGO (WMO):;A636
LATITUDE:;-22,93999999
LONGITUDE:;-43,40277777
ALTITUDE:;20
DATA DE FUNDACAO:;10/08/17
Data;Hora UTC;PRECIPITAÇÃO TOTAL, HORÁRIO (mm);PRESSAO ATMOSFERICA AO NIVEL DA ESTACAO, HORARIA (mB);PRESSÃO ATMOSFERICA MAX.NA HORA ANT. (AUT) (mB);PRESSÃO ATMOSFERICA MIN. NA HORA ANT. (AUT) (mB);RADIACAO GLOBAL (Kj/m²);TEMPERATURA DO AR - BULBO SECO, HORARIA (°C);TEMPERATURA DO PONTO DE ORVALHO (°C);TEMPERATURA MÁXIMA NA HORA ANT. (AUT) (°C);TEMPERATURA MÍNIMA NA HORA ANT. (AUT) (°C);TEMPERATURA ORVALHO MAX. NA HORA ANT. (AUT) (°C);TEMPERATURA ORVALHO MIN. NA HORA ANT. (AUT) (°C);UMIDADE REL. MAX. NA HORA ANT. (AUT) (%);UMIDADE REL. MIN. NA HORA ANT. (AUT) (%);UMIDADE RELATIVA DO AR, HORARIA (%);VENTO, DIREÇÃO HORARIA (gr) (° (gr));VENTO, RAJADA MAXIMA (m/s);VENTO, VELOCIDADE HORARIA (m/s);
2026/01/01;0000 UTC;0;1009,1;1009,1;1008,7;;24,5;23,3;25,7;24,5;23,7;23,1;93;88;93;263;1,9;,1;
2026/01/01;0100 UTC;0;1009,4;1009,4;1009,1;;23,9;22,9;24,6;23,9;23,4;22,8;94;93;94;253;2,5;0;
2026/01/01;0200 UTC;0;1009,1;1009,5;1009;;23,9;23,1;24;23,7;23,2;22,9;96;94;96;240;1,1;,2;
2026/01/01;0300 UTC;0;1008,7;1009,1;1008,7;;23,8;23,2;23,9;23,7;23,2;23;97;96;97;262;1;0;
2026/01/01;0400 UTC;0;1008,2;1008,7;1008,2;;23,6;23,2;23,8;23,6;23,2;23,1;97;97;97;234;,5;0;
2026/01/01;0500 UTC;0;1007,3;1008,2;1007,3;;23,5;23,1;23,7;23,5;23,2;23,1;98;97;97;245;,9;,1;
2026/01/01;0600 UTC;0;1006,7;1007,3;1006,7;;23,5;23,2;23,6;23,5;23,2;23,1;98;97;98;262;1,1;0;
2026/01/01;0700 UTC;0;1006,2;1006,7;1006,2;;23,4;23,1;23,6;23,4;23,2;23;98;98;98;242;1;0;
2026/01/01;0800 UTC;0;1006,3;1006,3;1006,1;;23,1;22,8;23,4;23,1;23,1;22,8;98;98;98;194;,7;0;
2026/01/01;0900 UTC;0;1006,7;1006,7;1006,3;78,1;23,6;23,3;23,6;23;23,3;22,7;98;98;98;268;,9;0;
2026/01/01;1000 UTC;0;1007,1;1007,1;1006,8;644,7;26,7;26;26,7;23,6;26,2;23,3;98;96;96;293;,8;0;
2026/01/01;1100 UTC;0;1007;1007,1;1006,9;1242,1;30,3;24,9;30,3;26,7;26,4;24,6;96;71;73;121;2,2;,8;
2026/01/01;1200 UTC;0;1006,7;1007,2;1006,7;2249,6;32,7;24,7;32,7;30,1;25,1;23,1;74;58;63;114;2,5;,9;
2026/01/01;1300 UTC;0;1006,6;1006,7;1006,6;2982,7;33,5;24,8;33,9;32,7;26;23,2;66;55;61;130;4,3;1,5;
2026/01/01;1400 UTC;0;1006;1006,6;1005,9;3568,4;33,8;26,1;34,6;33,5;26,1;24,4;65;57;64;139;5,4;2,4;
2026/01/01;1500 UTC;0;1005,6;1006;1005,6;3485,9;31,3;24;33,9;31,3;27;24;69;62;65;127;7,1;1,8;
2026/01/01;1600 UTC;0;1005,2;1005,7;1005,2;3800,2;32,1;23,6;32,4;30,9;24,7;23,6;68;61;61;78;8,4;2,8;
2026/01/01;1700 UTC;0;1004,2;1005,2;1004,2;3515,4;31,5;23,8;32,5;31,2;24,7;23,1;65;59;64;126;8,2;2;
2026/01/01;1800 UTC;0;1003,8;1004,2;1003,6;1391,9;28,8;22,9;31,9;28,7;24,4;22,7;71;62;71;74;8,8;1,6;
2026/01/01;1900 UTC;0;1003,3;1004;1003,2;1755,8;30;23,2;30,9;28,5;24,1;22,7;72;64;67;47;8,3;1,6;
2026/01/01;2000 UTC;0;1003,6;1003,8;1003,3;925,4;31,1;23,5;31,1;29,8;24,5;23;71;63;64;98;5,1;,3;
2026/01/01;2100 UTC;0;1003,9;1003,9;1003,5;367,2;29,4;23,8;31,8;29,3;24,1;22,6;72;61;72;282;2,7;,4;
2026/01/01;2200 UTC;0;1004,4;1004,4;1003,9;9,6;26;23,3;29,4;26;24,4;23,2;85;72;85;255;4,1;,8;
2026/01/01;2300 UTC;0;1004,8;1004,8;1004,3;;25,5;23,6;26,1;25,5;23,6;23,3;90;85;90;228;2,8;,6;
2026/01/02;0000 UTC;0;1005,2;1005,2;1004,8;;25,7;24,7;25,7;25,2;24,8;23,6;95;90;94;240;2,3;,6;
2026/01/02;0100 UTC;0;1005,3;1005,4;1005;;25,9;24,7;26,2;25,6;25,2;24,5;94;93;94;225;2,8;,5;
2026/01/02;0200 UTC;0;1005;1005,3;1005;;25,8;24,7;26;25,7;24,9;24,6;94;93;93;242;2,8;1,2;
2026/01/02;0300 UTC;0;1004,2;1005;1004,2;;25,6;24,6;26,3;25,6;25;24,5;94;92;94;269;2,7;0;
2026/01/02;0400 UTC;0;1003,6;1004,2;1003,6;;26;24,1;28,7;25,6;26;23,7;95;79;89;94;3,8;,3;
2026/01/02;0500 UTC;0;1003;1003,6;1003;;28,5;24;28,8;26;25,1;23,9;90;77;77;307;5,4;1,8;
2026/01/02;0600 UTC;0;1003;1003,1;1002,7;;26,5;24,2;29;26,4;24,4;23,6;88;73;87;261;4,3;,2;
2026/01/02;0700 UTC;0;1003,2;1003,2;1002,9;;27,9;24;28;26,1;24,5;23,5;89;78;79;243;5,6;2,5;
2026/01/02;0800 UTC;0;1003,4;1003,4;1003,1;;26,8;22,3;27,9;26,8;23,9;22,3;81;76;76;241;6,7;1,5;
2026/01/02;0900 UTC;0;1003,7;1003,8;1003,3;38;25,3;23,1;26,9;25,2;23,1;22,2;88;76;88;263;3,7;0;
2026/01/02;1000 UTC;0;1003,9;1003,9;1003,6;345,8;26,7;24,5;26,7;25,3;24,5;23,2;89;87;88;226;1,1;0;
2026/01/02;1100 UTC;0;1003,8;1003,9;1003,7;1061;29,8;23,9;30,2;26,7;24,6;23,3;88;67;71;307;2,3;,5;
2026/01/02;1200 UTC;0;1003,7;1003,8;1003,6;965,9;31,1;22;31,1;29,1;24,9;21,5;78;57;59;285;4,6;1,6;
2026/01/02;1300 UTC;0;1003,3;1003,7;1003,2;2247,8;32,6;22,9;33,3;30,8;24,3;21,4;62;52;57;21;3,5;1,3;
2026/01/02;1400 UTC;,2;1002,9;1003,3;1002,9;1980,1;33,8;21,6;33,8;32,4;24,3;20,4;62;47;49;263;4,7;1,4;
2026/01/02;1500 UTC;0;1002,6;1003;1002,6;2075,2;34,1;20,6;34,7;33,3;22,2;20;51;44;45;167;5,4;,5;
2026/01/02;1600 UTC;0;1001,8;1002,6;1001,8;2606,2;35;21,6;35,1;33,7;24,1;19,5;56;41;46;269;6;1,2;
2026/01/02;1700 UTC;0;1000,8;1001,8;1000,8;3008,5;35,1;21,3;36,2;34,7;22,4;18,9;48;37;45;250;6,8;1,8;
2026/01/02;1800 UTC;0;1000,4;1000,9;1000,4;2616,4;32,6;22,2;35,1;32,6;23;21,5;55;45;54;279;7,5;1,5;
2026/01/02;1900 UTC;0;1000,2;1000,5;1000,1;1313,4;32;22,3;33,1;32;24,2;22,1;61;54;56;255;6,6;1,4;
2026/01/02;2000 UTC;0;1001;1001;1000,2;543,7;30,3;23,1;32;30,3;23,1;21,4;65;55;65;264;7,9;2,4;
2026/01/02;2100 UTC;0;1001,9;1002;1001;144;28,8;23,9;30,3;28,7;24,2;23,2;76;65;75;163;7,9;,9;
2026/01/02;2200 UTC;0;1002,8;1002,8;1001,7;11,7;28,3;24;28,8;28,3;24,5;23,8;80;74;77;248;3,7;1,4;
2026/01/02;2300 UTC;1,8;1003,9;1003,9;1002,8;;25,4;24,2;28,3;25,4;24,9;23,8;93;77;93;245;3,4;,8;
2026/01/03;0000 UTC;6;1005;1005;1004;;25;24,1;25,5;24,7;24,5;23,9;95;93;95;293;3,8;1;
2026/01/03;0100 UTC;3,8;1004,8;1005,2;1004,8;;24,2;23,4;25;24,1;24;23,1;95;92;95;272;3,8;,1;
2026/01/03;0200 UTC;,2;1004;1004,8;1004;;24,2;23,7;24,2;24;23,7;23,3;97;95;97;282;2,1;,2;
2026/01/03;0300 UTC;0;1003,4;1004;1003,3;;24,3;23,8;24,7;24,2;24,2;23,7;97;96;97;266;2,8;,1;
2026/01/03;0400 UTC;0;1002,9;1003,4;1002,9;;23,9;23,5;24,3;23,9;23,8;23,5;97;97;97;255;2,5;,3;
2026/01/03;0500 UTC;0;1002,8;1002,9;1002,5;;23,7;23,4;24;23,7;23,5;23,3;98;97;98;268;2,1;,8;
2026/01/03;0600 UTC;0;1002,5;1002,8;1002,2;;23,5;23,1;23,8;23,4;23,4;23;98;98;98;282;2,1;,4;
2026/01/03;0700 UTC;0;1003,1;1003,1;1002,5;;23,5;23,1;23,6;23,4;23,2;23;98;98;98;241;1,7;,5;
2026/01/03;0800 UTC;0;1003,4;1003,5;1003,1;;23,6;23,2;23,7;23,5;23,3;23,1;98;98;98;248;2;,3;
2026/01/03;0900 UTC;0;1003,3;1003,5;1003,3;43,5;23,7;23,4;23,8;23,4;23,4;23,1;98;98;98;261;1,5;,5;
2026/01/03;1000 UTC;0;1003,5;1003,5;1003,2;312,7;24,9;24,4;24,9;23,7;24,5;23,3;98;97;97;262;1,6;,3;
2026/01/03;1100 UTC;0;1003,9;1004;1003,5;701,2;26,6;24,2;26,6;24,9;25,2;24,2;97;87;87;7;1;0;
2026/01/03;1200 UTC;0;1004;1004;1003,8;2120,9;29,9;24,3;30,4;26,6;25,7;23,7;89;72;72;165;1,5;,3;
2026/01/03;1300 UTC;0;1003,8;1004,1;1003,8;2482;31,4;24,8;31,4;29,4;25,5;23,6;77;66;68;116;2,5;,6;
2026/01/03;1400 UTC;0;1003,8;1003,9;1003,7;2471,6;30,3;24,8;31,6;29,8;25,5;23,9;76;65;72;130;5,3;1;
2026/01/03;1500 UTC;,2;1003,3;1003,8;1003,3;3220,1;31,3;25,4;31,5;29,6;26;24;76;69;71;97;6,3;1,1;
2026/01/03;1600 UTC;0;1002,8;1003,3;1002,7;3833,2;30,8;25;32,1;30,5;26,5;24,4;75;67;71;355;5,6;1,6;
2026/01/03;1700 UTC;0;1002,6;1002,8;1002,6;3500,8;30,8;25,5;31,7;30;26,7;24,6;76;70;74;28;5,9;1,1;
2026/01/03;1800 UTC;0;1002,6;1002,7;1002,5;2142,9;29,2;24;30,8;29,2;25,4;23,8;74;69;74;277;6,6;1,4;
2026/01/03;1900 UTC;0;1002,5;1002,7;1001,8;357,2;28,5;24,1;29,2;28;24,5;23,6;79;73;77;240;4,9;1,6;
2026/01/03;2000 UTC;0;1003;1003;1002,2;827,9;28,7;24,4;29,1;28,4;24,5;23,8;78;75;77;130;5,2;,7;
2026/01/03;2100 UTC;0;1003,5;1003,5;1002,8;317,3;28,3;23,8;28,9;28,1;24,6;23,6;79;76;77;264;3,7;,4;
2026/01/03;2200 UTC;0;1004,3;1004,3;1003,4;43,4;26,8;23,4;28,3;26,8;24,2;23,4;85;77;82;232;2,3;,8;
2026/01/03;2300 UTC;0;1005,2;1005,2;1004,3;;26,2;23,3;26,9;26;23,3;22,7;85;78;84;242;2,3;,7;
2026/01/04;0000 UTC;0;1005,5;1005,5;1005,2;;25,8;23,8;26,9;25,7;24,5;23,2;89;84;89;256;2,7;0;
2026/01/04;0100 UTC;0;1005,8;1005,8;1005,5;;25,6;24,3;25,8;25,4;24,4;23,7;93;89;93;217;1,9;,2;
2026/01/04;0200 UTC;0;1005,9;1005,9;1005,7;;25,9;24,2;26,4;25,4;24,8;24,1;93;89;90;267;2,2;,7;
2026/01/04;0300 UTC;0;1005,6;1005,9;1005,5;;24,9;24;25,9;24,9;24,2;24;95;90;95;254;2,1;,3;
2026/01/04;0400 UTC;0;1005,1;1005,6;1005,1;;24,6;23,9;24,9;24,5;24;23,7;96;95;95;232;1,4;,2;
2026/01/04;0500 UTC;0;1004,5;1005,1;1004,5;;24,3;23,5;24,7;24,3;23,9;23,5;96;95;96;243;1,5;0;
2026/01/04;0600 UTC;0;1004,6;1004,7;1004,5;;23,8;23,2;24,3;23,8;23,5;23,2;96;96;96;236;,9;0;
2026/01/04;0700 UTC;0;1004,7;1004,8;1004,5;;23,6;23,1;23,8;23,6;23,2;23;97;96;97;267;1;,2;
2026/01/04;0800 UTC;0;1005,4;1005,4;1004,7;;23,8;23,2;23,8;23,6;23,3;23,1;97;97;97;238;1;0;
2026/01/04;0900 UTC;0;1006,1;1006,1;1005,4;39,5;24,2;23,6;24,3;23,8;23,6;23,2;97;96;96;248;1,4;,3;
2026/01/04;1000 UTC;0;1007;1007;1006,1;184,4;25,1;24,1;25,2;24,2;24,3;23,5;96;94;94;306;1,3;0;
2026/01/04;1100 UTC;1,2;1007,4;1007,4;1007;387,8;25,6;24,6;25,8;24,9;24,7;23,1;95;87;94;130;3,2;,2;
2026/01/04;1200 UTC;,2;1008,1;1008,2;1007,4;826;26;23,7;26;25,4;24,6;23;94;87;88;223;6;1,1;
2026/01/04;1300 UTC;1,4;1008,5;1008,6;1008,1;941,5;26,3;24,7;26,5;25,7;24,7;23,5;92;86;91;12;4;,3;
2026/01/04;1400 UTC;26,8;1008,8;1009;1008,4;386;24,5;23,8;26,7;24,2;24,7;23,4;96;86;96;237;3,8;1,2;
2026/01/04;1500 UTC;13,6;1009,1;1009,3;1008,7;848,3;25;23,7;25;24,3;23,9;23,1;96;92;93;172;6,6;1,4;
2026/01/04;1600 UTC;,2;1009,3;1009,4;1009;1606,6;24,8;22,6;25,8;24,5;24,3;22,5;93;87;88;235;4,2;1,2;
2026/01/04;1700 UTC;0;1009,1;1009,3;1008,9;735,1;24,9;22,4;25,7;24,5;23,6;22,4;90;85;86;238;4,5;,8;
2026/01/04;1800 UTC;0;1009,2;1009,2;1009;273,4;24,5;21,8;25,1;24,1;22,6;21,7;90;83;85;224;5,7;1,4;
2026/01/04;1900 UTC;1;1009,5;1009,5;1009,2;180,1;23,1;21,3;24,5;23,1;21,8;21,3;90;84;90;220;5,7;1,3;
2026/01/04;2000 UTC;,8;1009,8;1009,9;1009,5;93,6;22,6;21,2;23,2;22,5;21,8;21,2;93;90;92;203;3,9;,7;
2026/01/04;2100 UTC;,8;1010,8;1010,8;1009,9;26;22,3;21;23;22,3;21,7;21;93;91;92;236;4,8;1,6;
2026/01/04;2200 UTC;2,6;1012;1012;1010,8;5,4;22;21,1;22,7;21,9;21,2;20,7;95;90;95;230;6,3;1,1;
2026/01/04;2300 UTC;1;1013;1013;1012;;21,4;20,6;22;21,4;21,1;20,6;95;95;95;108;6,5;,8;
2026/01/05;0000 UTC;,2;1013,6;1013,7;1013;;21,4;20,6;21,6;21,3;20,8;20,5;95;95;95;117;3,6;,7;
2026/01/05;0100 UTC;,8;1014;1014;1013,6;;21,2;20,2;21,4;21,1;20,6;20,2;96;94;94;53;4,6;,9;
2026/01/05;0200 UTC;,4;1014;1014,1;1013,9;;21,1;20;21,6;20,9;20,5;20;95;92;93;276;4,1;,7;
2026/01/05;0300 UTC;4,6;1013,5;1014;1013,5;;21,1;20,5;21,1;20,8;20,5;19,9;97;93;96;166;3,9;1,2;
2026/01/05;0400 UTC;3;1013,5;1013,6;1013,4;;20,7;20;21,1;20,7;20,5;20;96;96;96;243;6,5;1,3;
2026/01/05;0500 UTC;,8;1013;1013,5;1012,9;;20,7;20;20,7;20,5;20;19,8;96;96;96;242;5,4;1,2;
2026/01/05;0600 UTC;,4;1012,9;1013;1012,8;;20,2;19,6;20,7;20,2;20;19,6;97;96;96;228;5,4;1;
2026/01/05;0700 UTC;,6;1013,3;1013,3;1012,9;;20;19,4;20,3;20;19,7;19,4;97;96;97;191;3,1;,3;
2026/01/05;0800 UTC;1,8;1013,7;1013,7;1013,3;;20,3;19,8;20,3;19,9;19,8;19,4;97;97;97;237;1,9;,4;
2026/01/05;0900 UTC;,6;1014,2;1014,3;1013,7;20,5;20,2;19,6;20,3;20,1;19,9;19,6;97;97;97;242;2,3;,4;
2026/01/05;1000 UTC;,8;1014,8;1014,8;1014,2;68,3;20,2;19,7;20,2;20,1;19,7;19,5;97;97;97;246;2,1;,3;
2026/01/05;1100 UTC;0;1015,1;1015,1;1014,8;302;21;20,4;21;20;20,5;19,6;97;96;96;241;2,2;1;
2026/01/05;1200 UTC;0;1015,6;1015,6;1015,1;592,8;21,7;20,4;21,8;21;20,7;20,3;96;92;92;220;2,8;,8;
2026/01/05;1300 UTC;0;1015,6;1015,7;1015,6;1328,2;24,1;17,3;24,2;21,7;21,3;17,3;92;66;66;117;2,4;,4;
2026/01/05;1400 UTC;0;1015,3;1015,6;1015,3;1847,7;24,6;19;25,5;24;19,9;17;78;60;71;271;2,4;,2;
2026/01/05;1500 UTC;0;1015,3;1015,4;1015,2;850,9;24,4;16,3;24,6;23,5;21,2;15,9;86;60;61;176;3,9;1;
2026/01/05;1600 UTC;0;1015;1015,3;1015;979,6;25,3;18,9;25,3;23,1;20,4;15,8;82;57;68;352;3,9;,2;
2026/01/05;1700 UTC;0;1014,6;1015;1014,6;1970,2;25,1;16,1;26,4;25,1;18,7;15,1;68;51;57;121;4,1;1,5;
2026/01/05;1800 UTC;0;1014,5;1014,7;1014,3;998;24,3;18,6;25,3;24,2;18,6;15,6;71;55;71;283;5,1;1,5;
2026/01/05;1900 UTC;0;1014,7;1014,7;1014,5;540,2;22,9;18,1;24,4;22,9;19;17,8;75;68;74;140;4,8;,8;
2026/01/05;2000 UTC;,2;1014,8;1014,8;1014,6;189,5;21,4;19,5;22,9;21;19,7;17,9;90;73;89;236;3,5;1;
2026/01/05;2100 UTC;0;1015,1;1015,1;1014,8;111,3;21,1;19,5;21,4;21;19,6;19,4;91;89;90;241;3,2;,8;
2026/01/05;2200 UTC;0;1015,9;1015,9;1015,1;27,4;20,9;19,7;21,2;20,8;19,8;19,4;93;90;93;244;2,1;,1;
2026/01/05;2300 UTC;0;1016,4;1016,4;1015,9;;20,8;19,7;21;20,7;19,8;19,6;94;93;93;246;2,2;,1;
2026/01/06;0000 UTC;0;1016,6;1016,6;1016,4;;20,6;19,8;20,8;20,4;19,8;19,5;95;93;95;245;1,6;,4;
2026/01/06;0100 UTC;0;1016,9;1016,9;1016,6;;20,4;19,2;20,8;20,4;19,9;19,2;95;93;93;223;2,3;,5;
2026/01/06;0200 UTC;0;1016,6;1016,9;1016,6;;20,3;19,4;20,7;20,3;19,7;19,3;94;93;94;231;1,8;,1;
2026/01/06;0300 UTC;0;1016;1016,7;1016;;20,7;19,7;20,7;20,3;19,8;19,4;95;94;94;246;2,1;,5;
2026/01/06;0400 UTC;0;1015,6;1016;1015,6;;20,6;19,7;20,7;20,3;19,8;19,4;95;94;95;253;2;,6;
2026/01/06;0500 UTC;0;1015,1;1015,6;1015,1;;20,4;19,4;20,7;20,4;19,8;19,4;95;94;94;239;1,6;,2;
2026/01/06;0600 UTC;0;1015,2;1015,2;1015;;20,3;19,4;20,6;20,2;19,7;19,3;95;94;95;245;1,8;,7;
2026/01/06;0700 UTC;0;1015,2;1015,3;1015,1;;20,2;19,6;20,4;20,1;19,6;19,3;96;95;96;257;1,8;,7;
2026/01/06;0800 UTC;0;1015,5;1015,5;1015,2;;20,2;19,5;20,4;20,2;19,8;19,5;96;96;96;255;1,6;,7;
2026/01/06;0900 UTC;0;1015,8;1015,8;1015,5;50,6;20,3;19,7;20,4;20,1;19,7;19,4;96;96;96;252;1,7;,6;
2026/01/06;1000 UTC;0;1016,3;1016,3;1015,8;294,8;22,1;20,4;22,1;20,3;20,6;19,5;96;90;90;252;1,7;,5;
2026/01/06;1100 UTC;0;1016,6;1016,7;1016,3;856,2;24,4;19;24,4;22,1;20,7;18,3;90;70;72;354;1,7;,2;
2026/01/06;1200 UTC;0;1016,9;1016,9;1016,6;1135,9;25,2;18,4;25,3;24,2;19,8;17,6;75;62;66;40;3,2;1,1;
2026/01/06;1300 UTC;0;1016,9;1017;1016,8;1267,8;25,4;18,1;25,9;25,1;19,4;17,8;69;62;64;16;3,6;1,3;
2026/01/06;1400 UTC;0;1016,7;1017;1016,6;1638,7;26,1;17,8;26,6;25,3;19,4;17,5;69;58;61;73;4,1;1,3;
2026/01/06;1500 UTC;0;1016;1016,7;1016;2016,1;26,8;18,7;27,3;26;19,4;17,3;64;58;61;69;4,6;1,6;
2026/01/06;1600 UTC;0;1015,9;1016,1;1015,9;1462,9;26,3;18,3;27,5;26,3;19,4;17,8;64;56;61;24;4,6;1,4;
2026/01/06;1700 UTC;,2;1015,5;1015,9;1015,5;919,5;26,1;19,2;26,7;26;19,9;18,3;68;61;66;76;5;1;
2026/01/06;1800 UTC;0;1014,8;1015,5;1014,8;1446,5;26,7;19,6;27;26,1;20,3;18,6;68;61;65;55;5;1,4;
2026/01/06;1900 UTC;0;1014,5;1014,9;1014,5;1662,3;27,1;17,8;27,6;26,2;19,8;17,2;67;55;57;81;5,4;2;
2026/01/06;2000 UTC;0;1014,4;1014,6;1014,2;822,2;25,9;17,7;27,1;25,9;18,6;17,3;62;56;61;69;5,4;,9;
2026/01/06;2100 UTC;0;1014,6;1014,7;1014,3;146,1;25,3;18,7;26;25,3;19;17,5;68;60;67;78;3,9;,3;
2026/01/06;2200 UTC;0;1015;1015,2;1014,6;34,4;23,3;20,5;25,3;23,3;20,5;18,5;84;67;84;193;1,9;,3;
2026/01/06;2300 UTC;0;1015,3;1015,4;1014,9;;22,1;20,2;23,5;22,1;20,5;20,1;89;82;89;280;1,6;,2;
2026/01/07;0000 UTC;0;1015,8;1015,9;1015,3;;21,4;20,2;22,2;21,4;20,4;20,1;93;89;93;268;1,5;0;
2026/01/07;0100 UTC;0;1016,3;1016,4;1015,8;;21,1;20;21,5;21;20,3;19,9;94;92;93;272;2;,5;
2026/01/07;0200 UTC;0;1016;1016,3;1015,9;;20,7;19,9;21,2;20,6;20,1;19,8;95;93;95;264;1,8;,5;
2026/01/07;0300 UTC;0;1015,2;1016;1015,2;;20,6;19,7;20,9;20,5;20;19,7;95;94;95;244;1,8;,2;
2026/01/07;0400 UTC;0;1014,5;1015,2;1014,5;;20,5;19,8;20,7;20,4;19,9;19,7;96;95;96;262;1,7;,1;
2026/01/07;0500 UTC;0;1014;1014,5;1014;;20,9;19,7;21,8;20,5;20,9;19,6;96;92;93;241;3;,3;
2026/01/07;0600 UTC;0;1013,5;1014;1013,5;;20,4;19,8;20,9;20,3;19,9;19,6;96;93;96;89;1,6;,1;
2026/01/07;0700 UTC;0;1013,6;1013,7;1013,5;;20,5;20;20,6;20,4;20;19,7;97;96;97;241;1,4;,2;
2026/01/07;0800 UTC;0;1014;1014;1013,4;;20,8;20,3;21;20,5;20,5;20;97;97;97;250;1,1;,1;
2026/01/07;0900 UTC;0;1014,2;1014,3;1014;46,9;21,4;20,5;22,2;20,8;21,4;20,2;97;94;95;200;2,5;0;
2026/01/07;1000 UTC;0;1014,7;1014,7;1014,2;202,7;22,4;21,4;22,4;21,3;21,4;20,5;95;93;94;235;1,6;,3;
2026/01/07;1100 UTC;0;1014,9;1015;1014,7;702,6;25,1;20,6;25,1;22,4;22;20,5;94;76;76;318;2,5;1;
2026/01/07;1200 UTC;0;1015,1;1015,2;1014,9;1119,4;26,8;20,4;26,9;25,1;21,7;19,9;77;68;68;288;2,5;,3;
2026/01/07;1300 UTC;0;1015,1;1015,2;1015,1;1498,2;27,4;20,8;27,8;26,8;21,7;20,1;72;65;67;7;3,5;,6;
2026/01/07;1400 UTC;0;1015;1015,2;1015;1282,2;27,6;20,8;28;27,2;21,2;19,6;69;61;67;20;2,3;,7;
2026/01/07;1500 UTC;0;1014,9;1015,1;1014,8;763,9;26,8;20,8;27,7;26,8;21,9;20;73;63;69;30;3;1,5;
2026/01/07;1600 UTC;0;1014,7;1014,9;1014,7;683,3;26,9;20,7;27,2;26,5;21,7;20,2;74;66;69;38;5,9;1,9;
2026/01/07;1700 UTC;0;1014,1;1014,7;1014,1;741,5;26,2;21,4;26,9;26;22,1;20,5;78;68;75;297;5,9;,5;
2026/01/07;1800 UTC;0;1013,5;1014,1;1013,5;513,8;25,4;21,1;26,2;25,4;21,5;20,7;77;74;77;312;4,8;1,2;
2026/01/07;1900 UTC;0;1012,8;1013,5;1012,7;523,4;25,7;21,1;26;25,3;21,7;20,9;78;74;76;325;3,3;,9;
2026/01/07;2000 UTC;0;1012,9;1013;1012,8;289,8;25,4;20,5;25,8;25,3;21,2;20,2;76;71;75;323;4,7;1,3;
2026/01/07;2100 UTC;0;1012,6;1013;1012,6;260,3;25,5;20,7;25,6;25,3;21;20,6;77;75;75;307;5,3;1,1;
2026/01/07;2200 UTC;0;1012,7;1012,8;1012,6;33,6;25,6;20,3;26;25,4;20,7;20,1;75;70;73;315;5;1,3;
2026/01/07;2300 UTC;0;1013,2;1013,2;1012,5;;26,3;20,5;26,5;25,2;20,9;20,2;75;69;71;295;4,3;1,9;
2026/01/08;0000 UTC;0;1013,3;1013,3;1013;;23,3;21,3;26,3;23,3;21,4;20,5;88;71;88;229;4;0;
2026/01/08;0100 UTC;0;1013,3;1013,6;1013,2;;23,2;21,8;23,3;23,1;21,9;21,3;92;88;92;250;2,1;,7;
2026/01/08;0200 UTC;0;1013,3;1013,5;1013,1;;26,1;22,2;26,2;23,1;24,3;21,8;95;79;79;307;5,7;1,4;
2026/01/08;0300 UTC;0;1013;1013,3;1012,8;;23,7;22,3;26,4;23,7;22,3;21,6;92;77;92;245;4,5;0;
2026/01/08;0400 UTC;;;;;;;;;;;;;;;;;;
2026/01/08;0500 UTC;0;1012,6;1012,6;1012,4;;22,8;22,1;23,3;22,8;22,4;22,1;96;94;96;68;1,3;,1;
2026/01/08;0600 UTC;0;1012,3;1012,7;1012,3;;22,6;22;22,8;22,5;22,2;21,9;97;96;97;267;1,1;,1;
2026/01/08;0700 UTC;0;1012,4;1012,4;1012,1;;22,2;21,8;22,5;22,2;22;21,8;97;97;97;200;1,3;,1;
2026/01/08;0800 UTC;0;1012,5;1012,5;1012,3;;22,1;21,7;22,3;22,1;21,8;21,7;98;97;98;297;1,5;,3;
2026/01/08;0900 UTC;0;1012,9;1012,9;1012,4;31,1;22,3;21,9;22,3;22,1;21,9;21,7;98;97;98;274;1,5;,1;
2026/01/08;1000 UTC;0;1013,2;1013,2;1012,9;368,2;25,2;23,3;25,2;22,3;23,8;21,9;98;89;89;20;3,8;1,7;
2026/01/08;1100 UTC;0;1013,4;1013,4;1013,1;1606,9;27,6;22,9;27,9;25,2;23,3;22,5;89;75;75;339;5;1,7;
2026/01/08;1200 UTC;0;1013,5;1013,6;1013,3;2317,8;29,7;22,4;30;27,7;23,4;22,2;76;63;65;35;6,2;1;
2026/01/08;1300 UTC;0;1013,4;1013,6;1013,4;1832,3;30,7;19,8;30,7;29,3;22,7;19,8;66;52;52;312;5,3;1,3;
2026/01/08;1400 UTC;0;1012,9;1013,4;1012,9;1431;30,9;22,3;31,4;30,1;22,7;19,5;64;49;60;310;3,7;1;
2026/01/08;1500 UTC;0;1012,4;1012,9;1012,4;1732;31,1;23,8;32,3;30,5;24;18,8;66;46;65;76;4;,5;
2026/01/08;1600 UTC;0;1012;1012,4;1012;1650,8;31,5;23,1;31,6;30,7;25,2;21,4;72;56;61;169;3,6;,7;
2026/01/08;1700 UTC;0;1011,7;1012,1;1011,7;2023,6;31,4;22,5;31,7;30,1;23,6;21,5;66;57;59;157;4,6;1,7;
2026/01/08;1800 UTC;0;1011,2;1011,7;1011,2;2671,7;31,2;21,5;32,6;31,2;23,7;21,3;62;53;56;194;4,5;1,3;
2026/01/08;1900 UTC;0;1011,1;1011,2;1011;1313,9;30,3;21,6;31,3;30,1;22,2;20,4;61;54;60;171;5,4;1;
2026/01/08;2000 UTC;0;1011,1;1011,1;1010,9;718,3;29,6;20,9;30,4;29,5;21,3;19,7;61;54;60;228;6,5;,8;
2026/01/08;2100 UTC;0;1011,5;1011,5;1011;281,8;28;22,6;29,6;28;22,8;21,1;73;60;73;259;2,8;,4;
2026/01/08;2200 UTC;0;1011,6;1011,7;1011,3;30,4;25,3;22,4;28;25,3;23;22,4;84;73;84;230;1,4;,1;
2026/01/08;2300 UTC;0;1012;1012;1011,6;;23,9;21,9;25,3;23,9;22,6;21,9;89;84;89;257;1,9;,5;
2026/01/09;0000 UTC;0;1012,3;1012,3;1011,8;;23,5;21,9;23,9;23,2;22;21,5;91;88;90;238;2;,5;
2026/01/09;0100 UTC;0;1012,8;1012,8;1012,3;;23,6;22,3;23,6;23,2;22,3;21,6;92;90;92;258;1,9;,5;
2026/01/09;0200 UTC;0;1013,1;1013,2;1012,8;;23;22,1;23,7;23;22,3;22;95;91;95;247;1,7;,1;
2026/01/09;0300 UTC;0;1012,7;1013,1;1012,7;;22,8;22,2;23,1;22,8;22,3;22;96;95;96;246;1,6;,2;
2026/01/09;0400 UTC;0;1012,4;1012,7;1012,3;;22,5;22;22,9;22,5;22,3;22;97;96;97;259;1,2;,1;
2026/01/09;0500 UTC;0;1012,1;1012,4;1012,1;;22,3;21,9;22,5;22,3;22;21,9;97;97;97;268;1,2;,1;
2026/01/09;0600 UTC;0;1012,6;1012,6;1012,1;;22,1;21,8;22,4;22,1;21,9;21,7;98;97;98;243;,9;,2;
2026/01/09;0700 UTC;0;1012,7;1012,7;1012,5;;21,9;21,6;22,1;21,9;21,8;21,6;98;98;98;262;,9;0;
2026/01/09;0800 UTC;0;1013,1;1013,1;1012,7;;21,6;21,3;21,9;21,5;21,6;21,3;98;98;98;252;1;,1;
2026/01/09;0900 UTC;0;1013,3;1013,4;1013,1;48,3;22,9;22,6;22,9;21,5;22,6;21,2;99;98;99;336;3,1;,5;
2026/01/09;1000 UTC;0;1013,5;1013,5;1013,2;645,2;26,9;23,5;26,9;22,9;25,1;23,1;99;81;82;1;3,5;,7;
2026/01/09;1100 UTC;0;1013,4;1013,7;1013,4;1518,7;29,3;23,1;29,3;26,8;23,6;22,7;82;68;69;34;3,4;1,8;
2026/01/09;1200 UTC;0;1013,3;1013,4;1013,3;2402,8;31,4;21;31,8;29,2;23,3;21;70;53;54;311;4,8;1,2;
2026/01/09;1300 UTC;0;1013,2;1013,5;1013,2;2983,3;33,4;21;33,7;31,4;22,5;20,4;56;47;49;68;4,8;,8;
2026/01/09;1400 UTC;0;1012,8;1013,2;1012,8;3326,2;32,8;23,1;34,1;32,4;24,6;20,7;61;46;57;170;5,6;2,6;
2026/01/09;1500 UTC;0;1012,6;1012,8;1012,6;3773,5;32,3;23,8;32,9;32;25;22,6;64;56;61;27;6,5;1,5;
2026/01/09;1600 UTC;0;1012,1;1012,6;1012,1;3763,7;31,9;21,8;32,8;31,8;23,9;21,6;61;54;55;290;6,6;2,1;
2026/01/09;1700 UTC;0;1011,3;1012,1;1011,3;3505;33;21,9;33,1;31,9;22,9;21,4;56;51;52;105;6,6;1,5;
2026/01/09;1800 UTC;0;1010,7;1011,3;1010,7;3026,5;33,4;21,8;33,6;32,9;22,2;20,8;53;47;51;237;9,2;3,5;
2026/01/09;1900 UTC;0;1010,5;1010,8;1010,5;2340,1;32,8;21,3;33,6;32,4;22;20,5;54;49;51;233;9,2;2,4;
2026/01/09;2000 UTC;0;1010,6;1010,7;1010,5;1493,8;32,1;21,3;33,2;32,1;21,7;20,6;53;49;53;218;6,3;2;
2026/01/09;2100 UTC;0;1010,9;1010,9;1010,5;602,9;30,6;21,9;32,2;30,6;22,2;21,5;60;53;60;206;6,4;1,4;
2026/01/09;2200 UTC;0;1011,4;1011,4;1010,9;52,9;28,9;22,7;30,6;28,2;22,9;21,8;72;60;69;182;4,1;1,5;
2026/01/09;2300 UTC;0;1011,9;1011,9;1011,3;;26;23,3;29;26;23,3;22,5;85;69;85;274;4,1;,1;
2026/01/10;0000 UTC;0;1012,5;1012,5;1011,9;;24,8;23,1;26;24,8;23,4;23,1;90;85;90;295;1,3;,1;
2026/01/10;0100 UTC;0;1012,5;1012,7;1012,4;;23,9;22,7;24,9;23,9;23,2;22,7;93;90;93;237;1,1;0;
2026/01/10;0200 UTC;0;1012,5;1012,6;1012,5;;23,5;22,7;23,9;23,5;22,8;22,6;95;93;95;258;,9;,1;
2026/01/10;0300 UTC;0;1012,2;1012,5;1012,2;;23,1;22,4;23,5;23,1;22,7;22,4;96;95;96;213;,9;,1;
2026/01/10;0400 UTC;0;1012,1;1012,2;1012;;23;22,5;23,2;23;22,6;22,4;97;96;97;315;,8;0;
2026/01/10;0500 UTC;0;1011,8;1012,1;1011,8;;23,1;22,6;23,2;23;22,7;22,5;97;97;97;251;1,3;,4;
2026/01/10;0600 UTC;0;1011,4;1011,8;1011,3;;22,9;22,5;23,1;22,9;22,6;22,4;98;97;97;233;1,3;,4;
2026/01/10;0700 UTC;0;1011,7;1011,7;1011,3;;22,8;22,4;23,1;22,8;22,6;22,4;98;97;98;260;1,3;,2;
2026/01/10;0800 UTC;0;1012;1012;1011,7;;22,6;22,3;22,9;22,6;22,5;22,3;98;98;98;255;1,2;0;
2026/01/10;0900 UTC;0;1012,2;1012,2;1012;52,2;24,6;23,4;25,1;22,5;24,4;22,2;98;93;93;272;4,2;1,2;
2026/01/10;1000 UTC;0;1012,4;1012,5;1012,2;672,8;26,8;22,9;26,8;24,6;23,9;22,7;93;79;79;15;4,9;1,8;
2026/01/10;1100 UTC;0;1012,5;1012,5;1012,4;1529,8;29;22,9;29,1;26,8;23,7;22,6;80;68;70;6;4,8;,9;
2026/01/10;1200 UTC;0;1012,7;1012,8;1012,5;2358,3;30,6;22;31;28,9;23,4;21,9;71;60;60;288;3,5;1,2;
2026/01/10;1300 UTC;0;1012,3;1012,7;1012,3;3006,8;32,4;22;32,5;30,6;22,8;21,1;61;52;54;30;4,5;1,6;
2026/01/10;1400 UTC;0;1011,8;1012,3;1011,7;3361,7;33,6;21;33,8;32,3;23,3;20,6;58;46;48;353;5,3;1,2;
2026/01/10;1500 UTC;0;1010,9;1011,8;1010,9;3776,4;32,8;23,2;33,6;31,9;23,9;20,1;60;46;57;133;7,2;1,6;
2026/01/10;1600 UTC;0;1010;1010,9;1010;3819,8;35;18;35;32,8;23,6;17,8;58;37;37;307;5,6;1,9;
2026/01/10;1700 UTC;0;1009,1;1010,1;1009;3584,3;35,9;16,7;36,5;35;19,4;16;39;31;32;70;7,8;1,3;
2026/01/10;1800 UTC;0;1008,2;1009,1;1008,2;3120,5;36,3;16,2;36,7;34,3;20,5;15,6;46;29;31;288;6,8;2;
2026/01/10;1900 UTC;0;1007,4;1008,2;1007,4;2428,9;36,6;17,2;37,1;36,2;18,3;15,2;34;28;32;86;6,4;1,2;
2026/01/10;2000 UTC;0;1007,2;1007,4;1007,1;1578,4;35,8;18,6;36,7;35,7;19,3;16,6;38;31;36;57;5,2;1,8;
2026/01/10;2100 UTC;0;1007,1;1007,2;1007;700,1;32,4;20,7;35,8;32,4;21,2;18,2;51;36;50;325;5,2;,6;
2026/01/10;2200 UTC;0;1007,6;1007,6;1007,1;25,5;26,8;21,7;32,4;26,8;21,9;20,2;74;49;74;239;2,2;,3;
2026/01/10;2300 UTC;0;1008,5;1008,5;1007,6;;25,5;21,5;26,8;25,5;22,1;21,5;80;74;79;261;2;,5;
2026/01/11;0000 UTC;0;1009,6;1009,6;1008,5;;24,4;21,3;25,5;24,4;21,9;21,2;83;79;83;239;2,6;,1;
2026/01/11;0100 UTC;0;1010;1010;1009,6;;26,7;21;27,6;24,1;22,6;20,7;86;68;71;258;3,7;1,4;
2026/01/11;0200 UTC;0;1010,3;1010,3;1010;;27;20,7;28,6;24,8;21,5;20,4;79;63;68;314;4,7;1;
2026/01/11;0300 UTC;0;1009,8;1010,3;1009,8;;26,6;20,3;27,8;25,7;20,8;20,3;73;65;68;296;4,2;1,1;
2026/01/11;0400 UTC;0;1009,2;1009,8;1009,2;;27;19,8;28,2;24,9;20,8;19,6;76;61;64;284;5,6;1,9;
2026/01/11;0500 UTC;0;1008,8;1009,2;1008,8;;23,5;20;27,3;23,4;20,1;19,1;81;64;81;268;4,8;,7;
2026/01/11;0600 UTC;0;1008,8;1008,9;1008,6;;23,3;20,4;26,2;22,8;20,7;19,3;84;70;84;321;3,6;,6;
2026/01/11;0700 UTC;0;1008,9;1009;1008,7;;22,8;19,5;26,3;22,6;21,1;19,2;85;70;82;358;2,7;,2;
2026/01/11;0800 UTC;0;1009,5;1009,5;1008,9;;21;19,8;24,2;21;20,9;19,4;93;81;93;244;2,4;,3;
2026/01/11;0900 UTC;0;1010,2;1010,2;1009,5;41,8;21,1;20,3;21,1;20,6;20,3;19,7;96;93;96;224;1,5;0;
2026/01/11;1000 UTC;0;1010,4;1010,4;1010,2;695,6;27,4;21,2;27,4;21,1;22,7;20,3;96;68;69;24;2,7;1,4;
2026/01/11;1100 UTC;0;1010,4;1010,5;1010,4;1571,4;29,6;20,8;29,7;27,4;21,6;20,3;69;58;59;7;4;1,4;
2026/01/11;1200 UTC;0;1010,5;1010,5;1010,4;2447,6;31,8;19,2;31,8;29,6;21,3;18,9;60;47;47;12;5,1;1,8;
2026/01/11;1300 UTC;0;1010,3;1010,5;1010,3;3096,7;33,7;18,7;33,7;31,8;20,2;18,2;49;39;41;33;6,2;,8;
2026/01/11;1400 UTC;0;1009,7;1010,3;1009,7;3551;35,3;17,1;35,3;33,7;19,7;16,7;42;33;34;316;4,4;1,5;
2026/01/11;1500 UTC;0;1008,9;1009,7;1008,9;3796,6;35,4;20,6;36,1;34,8;21,6;15,5;47;30;42;87;4,7;1,3;
2026/01/11;1600 UTC;0;1008,2;1008,9;1008,2;3823,9;37;15,9;37;34,6;21,9;15;47;27;29;17;5,8;1,5;
2026/01/11;1700 UTC;0;1007,7;1008,2;1007,6;3635,5;34,3;20,2;37,4;34,1;20,2;13,6;44;25;44;162;7,8;2,2;
2026/01/11;1800 UTC;0;1007;1007,7;1007;3127,3;33,9;19,1;34,9;33,7;21,1;18,4;48;39;42;187;6,6;2;
2026/01/11;1900 UTC;0;1006,7;1007,1;1006,6;2432;34,5;19,2;35,1;33,9;20,4;18,7;45;38;41;232;5,5;2,1;
2026/01/11;2000 UTC;0;1006,4;1006,7;1006,4;1596,3;34;19,3;34,7;34;19,9;18,3;43;39;42;229;6,3;2;
2026/01/11;2100 UTC;0;1006,7;1006,7;1006,4;711,4;31,6;19,5;34,1;31,6;20,6;18,3;51;40;49;254;4,9;1,5;
2026/01/11;2200 UTC;0;1007,1;1007,1;1006,7;33,3;28,3;21,6;31,8;27,6;21,7;19,5;69;48;67;234;4,1;1,1;
2026/01/11;2300 UTC;0;1007,6;1007,6;1007,1;;25,5;21,8;28,2;25,5;21,9;21,3;80;67;80;267;3;,1;
2026/01/12;0000 UTC;0;1008,4;1008,4;1007,6;;25,1;21,4;25,7;24,9;21,9;21,2;82;78;80;246;2,1;,7;
2026/01/12;0100 UTC;0;1008,9;1008,9;1008,4;;24,5;21,4;25,2;24,5;21,6;21,1;83;79;83;249;2;,5;
2026/01/12;0200 UTC;0;1008,8;1008,9;1008,8;;24,6;22;24,8;24,1;22;21,4;86;83;85;278;1,9;,4;
2026/01/12;0300 UTC;0;1008,4;1008,8;1008,4;;23,7;21,7;24,6;23,7;22;21,6;89;85;89;255;1,9;,1;
2026/01/12;0400 UTC;0;1008,1;1008,5;1008,1;;23;21,7;23,7;23;22;21,7;92;89;92;267;1,7;,3;
2026/01/12;0500 UTC;0;1007,8;1008,1;1007,8;;22,3;21,4;23,1;22,3;21,8;21,4;95;92;95;252;1,4;,4;
2026/01/12;0600 UTC;0;1007,9;1007,9;1007,7;;21,7;20,7;22,3;21,6;21,4;20,6;95;94;94;243;1,4;,2;
2026/01/12;0700 UTC;0;1008,1;1008,1;1007,8;;21,1;20,3;21,8;21,1;20,8;20,2;95;94;95;255;1,4;,1;
2026/01/12;0800 UTC;0;1008,8;1008,8;1008,1;;21,3;20,4;22,9;21;22,3;20,2;96;92;95;222;3,6;,2;
2026/01/12;0900 UTC;0;1009,5;1009,5;1008,8;39,6;21,4;20,7;21,4;21,2;20,8;20,4;96;95;96;242;1,8;,1;
2026/01/12;1000 UTC;0;1009,9;1009,9;1009,4;690,3;27,8;22;28,3;21,4;23;20,7;96;64;71;301;4;,8;
2026/01/12;1100 UTC;0;1009,9;1010;1009,8;1561,8;31,9;19,2;31,9;27,6;21,8;17,9;71;45;47;310;4,5;,7;
2026/01/12;1200 UTC;0;1010;1010,1;1009,9;2399,6;33,5;18,2;33,6;31,7;20,3;18,1;50;40;40;351;5,5;1,3;
2026/01/12;1300 UTC;0;1009,7;1010,1;1009,7;3052,6;35,3;17,1;35,4;33,5;18,8;16;42;32;34;300;6,2;1,1;
2026/01/12;1400 UTC;0;1009,3;1009,7;1009,3;3534,3;36,5;16,9;36,7;35,2;18,4;16,1;37;30;31;250;7,2;1,8;
2026/01/12;1500 UTC;0;1008,7;1009,3;1008,7;3793;35,9;18,7;37;35,5;20,4;15,7;41;29;36;151;5,2;1,9;
2026/01/12;1600 UTC;0;1008,3;1008,7;1008,2;3811,4;36,2;20,4;36,4;35,4;20,7;17,8;41;35;40;87;4,9;1,3;
2026/01/12;1700 UTC;0;1007,7;1008,3;1007,7;3594,4;36,1;19,1;36,4;35,6;21,3;18,7;43;36;37;323;4,7;,9;
2026/01/12;1800 UTC;0;1007,3;1007,7;1007,2;3065,7;35,4;18,6;36;35,2;20,5;17,3;41;34;37;229;7,8;2,7;
2026/01/12;1900 UTC;0;1006,9;1007,3;1006,8;2380,2;35,7;18,5;35,9;35,3;18,6;17,1;37;33;36;240;7,8;1,9;
2026/01/12;2000 UTC;0;1006,8;1006,9;1006,7;1569,7;34,3;16,7;35,9;34,3;19,2;16,6;38;34;35;238;5,6;2,1;
2026/01/12;2100 UTC;0;1007;1007;1006,7;693,8;32,2;15,8;34,4;32,1;17;15,7;39;35;37;241;4,6;1,7;
2026/01/12;2200 UTC;0;1007,6;1007,6;1007;34,2;29,7;18,4;32,2;28,6;18,9;16,6;55;37;51;216;5,1;1,4;
2026/01/12;2300 UTC;0;1008,3;1008,3;1007,6;;26,6;20,7;30,5;26,5;20,7;18,1;70;48;70;250;5,1;,5;
2026/01/13;0000 UTC;0;1009,4;1009,4;1008,3;;25,6;21,3;26,6;25,1;21,4;20,3;79;70;77;260;2,2;,4;
2026/01/13;0100 UTC;0;1009,6;1009,6;1009,4;;24,8;21,3;25,7;24,6;21,5;20,6;81;75;81;273;2,4;,5;
2026/01/13;0200 UTC;0;1009,5;1009,8;1009,5;;23,7;21,5;24,8;23,7;21,6;21,2;88;81;88;282;2,4;0;
2026/01/13;0300 UTC;0;1009,3;1009,6;1009,3;;23,3;21,8;23,7;23,1;22;21,5;92;88;91;250;1;,2;
2026/01/13;0400 UTC;0;1008,9;1009,3;1008,8;;23,3;22,2;23,3;23;22,2;21,7;94;91;94;266;,9;,2;
2026/01/13;0500 UTC;0;1008,7;1008,8;1008,6;;22,8;22;23,3;22,8;22,1;21,9;95;93;95;275;,9;0;
2026/01/13;0600 UTC;0;1008,5;1008,7;1008,5;;22,5;21,8;22,9;22,5;22,1;21,8;96;95;96;54;,6;0;
2026/01/13;0700 UTC;0;1008,7;1008,7;1008,4;;22,2;21,6;22,6;22,2;22;21,6;96;96;96;266;,7;0;
2026/01/13;0800 UTC;0;1009,4;1009,4;1008,7;;22;21,4;22,3;22;21,8;21,4;97;96;97;232;1,2;0;
2026/01/13;0900 UTC;0;1010,3;1010,3;1009,4;41,3;22,1;21,7;22,1;21,9;21,7;21,4;97;97;97;248;,9;0;
2026/01/13;1000 UTC;0;1011,2;1011,2;1010,3;570,8;25,2;23,7;25,2;22,1;23,7;21,7;97;91;91;246;,5;0;
2026/01/13;1100 UTC;0;1011,5;1011,5;1011,2;1454,5;30;23;30,2;25,2;24,5;22,9;92;65;66;83;2,2;,6;
2026/01/13;1200 UTC;0;1011,9;1011,9;1011,5;2306,2;31,5;24,3;31,6;29,9;24,3;21,9;67;61;66;127;4,9;1;
2026/01/13;1300 UTC;0;1012,1;1012,2;1011,9;2942,7;30,2;24,5;31,9;29,8;24,6;23,4;73;63;72;73;6,1;2,2;
2026/01/13;1400 UTC;0;1012,4;1012,6;1012,1;3424,2;30,4;24,6;30,5;29,5;25,4;24;76;70;71;142;8,1;2,4;
2026/01/13;1500 UTC;0;1012,5;1012,6;1012,4;3697,6;29,9;23,6;31,3;29,9;25,3;23,3;72;65;69;170;8,1;2,4;
2026/01/13;1600 UTC;0;1012,3;1012,6;1012,2;3757,7;29,9;23,5;30,7;29,7;24,3;23;70;65;69;66;9,3;2,3;
2026/01/13;1700 UTC;0;1011,4;1012,5;1011,3;3506;30,3;23,7;30,9;29,8;24,8;23,3;73;66;68;1;8,4;2;
2026/01/13;1800 UTC;0;1012,4;1012,4;1010,7;2808,7;29,1;23,2;30,7;29,1;24,6;23,1;72;65;71;149;8,4;1,9;
2026/01/13;1900 UTC;0;1012,1;1012,8;1012,1;1543,8;30;23,6;30,4;28,8;24,1;22,9;74;66;69;238;6;1;
2026/01/13;2000 UTC;0;1011;1012,1;1011;1364,2;29,6;22,9;30,1;29,1;23,6;22,7;71;66;67;242;4,5;,8;
2026/01/13;2100 UTC;0;1011,4;1011,4;1010,8;454,8;28,5;22,7;29,7;28,5;23,3;22,3;72;66;71;354;4;,3;
2026/01/13;2200 UTC;0;1011,9;1011,9;1011,3;56,8;26,3;23,2;28,5;26,3;23,4;22,9;83;71;83;260;2,3;,1;
2026/01/13;2300 UTC;0;1012,2;1012,2;1011,8;;25,2;22,8;26,3;25,2;23,2;22,8;87;83;87;276;1,4;0;
2026/01/14;0000 UTC;0;1013,3;1013,3;1012,2;;24,7;22,8;25,4;24,7;23,1;22,7;89;86;89;241;1,5;,2;
2026/01/14;0100 UTC;0;1013,8;1013,8;1013,3;;24,1;22,8;24,8;24;22,9;22,6;93;89;93;240;1,3;,1;
2026/01/14;0200 UTC;0;1013,9;1014,1;1013,8;;24;22,9;24,3;23,9;23;22,7;94;92;94;264;1,1;,1;
2026/01/14;0300 UTC;0;1013,2;1014;1013,2;;23,6;22,7;24;23,6;22,9;22,7;95;94;95;298;1,2;0;
2026/01/14;0400 UTC;0;1012,2;1013,2;1012,2;;23,3;22,6;23,6;23,2;22,7;22,5;96;95;96;247;1,2;,3;
2026/01/14;0500 UTC;0;1011,4;1012,2;1011,4;;23;22,4;23,4;22,9;22,7;22,3;96;96;96;266;1,2;0;
2026/01/14;0600 UTC;0;1011,7;1011,7;1011,4;;22,6;22,1;23;22,6;22,4;22;97;96;97;243;1;0;
2026/01/14;0700 UTC;0;1011,9;1011,9;1011,7;;22,3;21,8;22,8;22,3;22,3;21,8;97;97;97;247;1,2;,1;
2026/01/14;0800 UTC;0;1012,4;1012,4;1011,9;;22,5;22,1;22,5;22,3;22,1;21,8;97;97;97;253;1,3;,4;
2026/01/14;0900 UTC;0;1012,7;1012,7;1012,4;42,4;22,4;22;22,6;22,3;22,2;21,8;97;97;97;315;1,1;0;
2026/01/14;1000 UTC;0;1013,3;1013,3;1012,7;597,2;26,8;21;26,9;22,4;24,4;20,9;98;70;70;28;3,5;1,4;
2026/01/14;1100 UTC;0;1013,2;1013,4;1013,2;1458,7;29,4;20,8;29,4;26,8;22,3;20,6;72;59;60;43;3,5;1;
2026/01/14;1200 UTC;0;1013,3;1013,3;1013,2;2385,6;31;19,8;31,2;29,4;21,7;19,7;62;51;51;43;3,2;,7;
2026/01/14;1300 UTC;0;1013,1;1013,3;1013,1;2961,5;32,4;19,8;32,5;31;21,2;19,2;54;47;47;53;4,8;1,6;
2026/01/14;1400 UTC;0;1012,7;1013,1;1012,5;3358,6;32,2;21,6;33,7;32;22,3;19,1;56;43;54;183;6,7;2,3;
2026/01/14;1500 UTC;0;1012,2;1012,8;1012,2;3415;31,5;22,4;32,2;30,7;23,5;21,7;62;54;58;156;6,7;2;
2026/01/14;1600 UTC;0;1011,5;1012,2;1011,5;3823,7;32,4;23,2;32,7;31,4;23,5;22;60;55;58;216;5,9;2;
2026/01/14;1700 UTC;0;1010,7;1011,5;1010,7;3276,5;31,6;22,2;32,6;31,5;23,2;21,9;59;55;58;212;6,4;2,4;
2026/01/14;1800 UTC;0;1010,3;1010,7;1010,1;2522,2;30,9;21,8;31,9;30,9;22,6;21,6;58;56;58;222;7,9;2,8;
2026/01/14;1900 UTC;0;1009,7;1010,3;1009,4;1560,9;31,6;22,5;33;30,9;22,9;21,8;60;53;59;254;6,7;1,8;
2026/01/14;2000 UTC;0;1011;1011;1009,7;249,3;29,2;20,3;31,5;29,2;22,9;20,1;63;57;59;301;7,2;2;
2026/01/14;2100 UTC;0;1010,1;1011;1010;123,4;25,6;23,3;29,2;25,5;23,3;20,2;88;59;87;239;6,4;,9;
2026/01/14;2200 UTC;0;1010,7;1010,7;1010,1;40,5;24,7;22,1;25,7;24,7;23,5;22;88;84;85;233;3,2;1,1;
2026/01/14;2300 UTC;0;1011,5;1011,5;1010,7;;23,9;22,4;25,2;23,9;22,5;21,7;91;81;91;337;3,2;0;
2026/01/15;0000 UTC;0;1012,1;1012,1;1011,4;;23,8;22,7;24,2;23,8;22,9;22,3;93;91;93;254;1,3;0;
2026/01/15;0100 UTC;0;1012,5;1012,5;1012,1;;23,8;22,9;24;23,6;23,1;22,6;95;93;95;204;1,1;,1;
2026/01/15;0200 UTC;0;1012,5;1012,6;1012,4;;24;23,1;24,2;23,8;23,3;22,9;95;94;95;268;1;0;
2026/01/15;0300 UTC;0;1012,4;1012,6;1012,4;;23,8;23;24;23,8;23,2;22,9;95;95;95;223;1;,2;
2026/01/15;0400 UTC;0;1011,9;1012,4;1011,9;;23,3;22,6;23,8;23,3;23,1;22,6;96;95;96;231;1;0;
2026/01/15;0500 UTC;0;1011,8;1012;1011,8;;23,3;22,6;23,5;23,2;22,9;22,6;97;96;96;254;1,1;,4;
2026/01/15;0600 UTC;0;1011,2;1011,8;1011,2;;22,8;22,3;23,3;22,8;22,6;22,3;97;96;97;176;1;,1;
2026/01/15;0700 UTC;0;1011,4;1011,4;1011,1;;22,6;22,1;22,9;22,6;22,4;22,1;97;97;97;263;1,1;,3;
2026/01/15;0800 UTC;0;1012,1;1012,1;1011,5;;22,3;21,9;22,6;22,3;22,1;21,9;97;97;97;249;1,1;,2;
2026/01/15;0900 UTC;0;1012,7;1012,7;1012,1;40,5;22,5;22;22,5;22,3;22;21,8;98;97;97;266;1,1;0;
2026/01/15;1000 UTC;0;1013,2;1013,2;1012,6;655,2;26,6;23,2;26,6;22,5;24,9;22,1;98;82;82;319;2,3;,6;
2026/01/15;1100 UTC;0;1013,4;1013,4;1013,2;1426,2;28,9;22,1;28,9;25,7;23,4;21,8;84;66;67;312;3,1;,8;
2026/01/15;1200 UTC;0;1013,5;1013,5;1013,3;1977,1;30,5;21,8;30,5;28,9;22,7;21,2;69;58;60;36;3,7;1,1;
2026/01/15;1300 UTC;0;1013,7;1013,7;1013,5;2688,5;32;19,9;32,4;30;21,6;19,9;60;49;49;16;5;1,3;
2026/01/15;1400 UTC;,2;1013,4;1013,7;1013,4;3403,5;33,2;21,4;33,2;31,9;21,4;19,9;52;48;50;29;5,4;1,5;
2026/01/15;1500 UTC;0;1012,8;1013,4;1012,8;3607,8;33,6;19,8;34,4;33,1;21,6;19,7;50;43;45;26;5,4;1,7;
2026/01/15;1600 UTC;0;1012,1;1012,8;1012,1;2531,1;31,8;19,8;33,7;31,8;21,3;19,3;51;44;49;223;5,9;2,8;
2026/01/15;1700 UTC;0;1011;1012,1;1011;3109,4;33,2;19,6;33,5;31,8;20,7;19;51;44;45;232;5,9;2,1;
2026/01/15;1800 UTC;0;1010,3;1011;1010,3;3005,6;34,1;18,9;34,7;33;20,3;18,7;46;40;41;251;6,2;2,1;
2026/01/15;1900 UTC;0;1010,2;1010,3;1009,9;1689,4;32;19,3;34,7;32;19,9;18,5;47;39;47;246;5,7;2,7;
2026/01/15;2000 UTC;0;1010,7;1010,7;1010,1;361,4;30,5;19,9;32;30,5;20,2;19,1;54;47;53;230;4,9;1;
2026/01/15;2100 UTC;0;1011,9;1012;1010,5;52,9;29;19,6;30,5;27,8;20,8;19,6;65;53;57;278;9;3,6;
2026/01/15;2200 UTC;20,4;1013,2;1014,3;1011,8;4,4;22,5;21,7;29,2;22,2;21,7;19,4;96;56;96;261;7,9;1,7;
2026/01/15;2300 UTC;1;1013,1;1013,2;1012,9;;22,8;22,4;22,9;22,5;22,4;21,8;97;96;97;249;4,4;,2;
2026/01/16;0000 UTC;0;1013,7;1013,7;1013,1;;23,1;22,7;23,1;22,8;22,7;22,3;98;97;98;253;1,8;,5;
2026/01/16;0100 UTC;0;1014,2;1014,2;1013,7;;22,6;22,2;23,1;22,6;22,7;22,2;98;98;98;248;1,8;,2;
2026/01/16;0200 UTC;0;1014;1014,3;1014;;22,3;22;22,6;22,3;22,2;21,9;98;98;98;250;1,6;,2;
2026/01/16;0300 UTC;0;1013,5;1014;1013,5;;22,3;21,9;22,6;22,2;22,3;21,8;98;97;98;251;2,3;1;
2026/01/16;0400 UTC;0;1013;1013,5;1013;;22,2;21,8;22,3;22;21,9;21,6;98;98;98;251;2,3;1,1;
2026/01/16;0500 UTC;0;1012,4;1013;1012,4;;22,3;21,9;22,3;22,1;22;21,7;98;98;98;229;2,4;1;
2026/01/16;0600 UTC;0;1012,1;1012,4;1012,1;;22,3;21,9;22,4;22,2;22;21,8;98;98;98;261;1,9;,5;
2026/01/16;0700 UTC;0;1012,3;1012,3;1012,1;;22,2;21,8;22,4;22,1;22;21,8;98;98;98;270;1,3;,6;
2026/01/16;0800 UTC;0;1012,3;1012,3;1012,2;;22,1;21,8;22,2;22,1;21,9;21,8;98;98;98;249;1,4;,1;
2026/01/16;0900 UTC;0;1012,9;1012,9;1012,3;63,8;23,5;22,9;24,2;22,1;23,8;21,8;98;96;96;2;2,6;,5;
2026/01/16;1000 UTC;0;1012,9;1013;1012,9;691,1;26;22,4;26,1;23,5;23,7;22;96;79;81;341;2,9;,8;
2026/01/16;1100 UTC;0;1013,4;1013,4;1012,9;984,3;26,6;22,7;26,6;25,8;23;21,9;82;77;79;20;3,7;1,1;
2026/01/16;1200 UTC;0;1013,4;1013,5;1013,4;1837;29,1;22,8;29,2;26,5;23,7;22,3;83;68;69;44;3,1;1,7;
2026/01/16;1300 UTC;0;1013,1;1013,4;1013,1;2807,6;31,1;22,9;31,1;29,1;23,5;21,6;71;59;62;319;3,8;1,1;
2026/01/16;1400 UTC;0;1012,8;1013,1;1012,8;3429,3;32,3;20,7;32,6;31;22,8;20,7;62;51;51;54;4,5;1,4;
2026/01/16;1500 UTC;0;1012,2;1012,8;1012,2;3224,6;30,6;21,5;33,2;30,5;22,9;20,7;62;50;58;167;5,7;1,9;
2026/01/16;1600 UTC;0;1011,6;1012,2;1011,6;2175,3;30,7;21,3;30,9;30;22,1;20,9;61;57;57;173;5,7;1,4;
2026/01/16;1700 UTC;0;1010,9;1011,7;1010,9;2784,9;31,5;21,1;31,7;30,5;21,6;20,5;58;53;54;211;5,8;1,9;
2026/01/16;1800 UTC;0;1010;1010,9;1010;1962,6;30,7;20,7;31,8;30,7;21,3;20,2;56;52;55;190;6,1;2,2;
2026/01/16;1900 UTC;0;1009,4;1010;1009,4;832;30,4;20,7;30,7;30,3;21,1;20,2;59;54;56;225;5,9;1,6;
2026/01/16;2000 UTC;0;1008,9;1009,4;1008,9;759,7;31,3;21,4;31,6;29,9;22;20,5;61;54;56;255;4,3;1,4;
2026/01/16;2100 UTC;0;1009,4;1009,4;1008,9;685,5;29,8;22;32;29,8;22;20,8;63;52;63;266;3,4;,6;
2026/01/16;2200 UTC;0;1009,5;1009,7;1009,3;55,8;26,2;23,1;29,8;26,2;23,4;21,8;83;63;83;105;1,9;0;
2026/01/16;2300 UTC;0;1010,1;1010,1;1009,5;;25,6;22,9;26,2;25,3;23,3;22,9;88;83;85;261;1,9;,5;
2026/01/17;0000 UTC;0;1010,8;1010,8;1010,1;;24,7;23,1;25,8;24,6;23,1;22,5;91;83;91;271;1,3;0;
2026/01/17;0100 UTC;0;1011,4;1011,4;1010,8;;24,6;23,1;24,8;24,4;23,3;22,9;92;91;92;258;1,1;0;
2026/01/17;0200 UTC;0;1011,1;1011,5;1011,1;;24,5;23,3;24,6;24,4;23,4;23;93;92;93;310;1,1;0;
2026/01/17;0300 UTC;0;1010,6;1011,1;1010,6;;23,9;23;24,5;23,9;23,3;22,9;94;93;94;289;1,2;,1;
2026/01/17;0400 UTC;0;1010;1010,7;1010;;23,9;23,1;24;23,7;23,2;22,9;96;94;95;258;1;,4;
2026/01/17;0500 UTC;0;1009,4;1010;1009,4;;23,9;23;24;23,8;23,2;23;95;95;95;229;1,6;,4;
2026/01/17;0600 UTC;0;1008,8;1009,4;1008,8;;23,9;23,1;24,2;23,8;23,5;23;96;95;95;284;1,6;,3;
2026/01/17;0700 UTC;0;1008,9;1008,9;1008,7;;25,6;22,7;26,1;23,9;24,1;22,5;95;83;84;263;3,4;1;
2026/01/17;0800 UTC;0;1009;1009;1008,8;;24;22,8;25,6;24;23,1;22,3;93;84;93;268;2,9;,1;
2026/01/17;0900 UTC;0;1009,4;1009,4;1009;58,6;23,8;22,9;24;23,6;22,9;22,7;95;93;95;251;1,8;,1;
2026/01/17;1000 UTC;0;1009,7;1009,7;1009,4;380,6;26,3;23;26,3;23,8;23,9;22,8;95;81;82;33;2,7;1;
2026/01/17;1100 UTC;0;1010;1010;1009,7;1289;29;22,6;29;26,3;23,4;22,4;83;68;69;41;3,3;1,3;
2026/01/17;1200 UTC;0;1010;1010,1;1009,9;2020,2;30,5;22,4;30,5;29;22,8;21,5;69;60;62;3;2,8;,9;
2026/01/17;1300 UTC;0;1009,9;1010,1;1009,9;2529;31,6;21,5;32;30,5;22,4;20,6;62;52;55;19;4,7;1,8;
2026/01/17;1400 UTC;0;1009,4;1009,9;1009,4;2849,3;33,2;20,1;33,4;31,3;21,8;19,9;56;46;46;27;5,4;1,8;
2026/01/17;1500 UTC;0;1008,5;1009,4;1008,5;2958,9;33,9;19,5;34,4;32,8;22,2;19,3;52;42;43;46;5,8;1,6;
2026/01/17;1600 UTC;0;1007,8;1008,6;1007,8;1658,2;32;21,6;34,1;32;23;18,8;58;42;54;116;5,9;1,4;
2026/01/17;1700 UTC;0;1007,3;1007,8;1007,3;1463,5;30,6;21,9;32,3;30,6;23,7;21,6;63;54;60;172;5,5;2,7;
2026/01/17;1800 UTC;0;1006,8;1007,3;1006,7;2267,2;30,6;21,2;32;30,5;22,5;20,8;61;54;57;209;7,1;2,5;
2026/01/17;1900 UTC;0;1006,3;1006,9;1006,3;1260,6;30,5;21,5;31,6;30,5;21,7;20,7;58;53;58;224;7,4;1,7;
2026/01/17;2000 UTC;0;1006,4;1006,5;1006,2;1138,8;31,5;20,5;32;30,5;21,9;20,5;60;52;52;262;4,6;1,8;
2026/01/17;2100 UTC;0;1007;1007;1006,3;324,9;29,3;22,1;31,6;29,2;22,6;20,4;68;52;65;276;3,8;1,1;
2026/01/17;2200 UTC;0;1007,5;1007,5;1007;39,6;27,3;23;29,4;27,3;23,4;21,9;77;65;77;35;3;0;
2026/01/17;2300 UTC;0;1007,5;1007,5;1007,1;;25,7;23;28;25,7;23;22,5;85;71;85;238;2,8;,3;
2026/01/18;0000 UTC;0;1008;1008;1007,5;;24,8;22,9;25,9;24,8;23,2;22,8;89;84;89;206;1,2;,2;
2026/01/18;0100 UTC;0;1008,1;1008,4;1008;;24,2;22,7;25;24,1;23,2;22,7;92;89;92;229;1,7;,1;
2026/01/18;0200 UTC;0;1008,5;1008,6;1008,1;;23,7;22,3;24,3;23,6;22,9;22,2;93;91;92;220;1,4;,3;
2026/01/18;0300 UTC;0;1007,7;1008,5;1007,7;;23,1;22,1;23,9;23;22,4;21,9;94;91;94;76;1,4;,2;
2026/01/18;0400 UTC;0;1007,2;1007,7;1007,2;;22,9;21,8;23,2;22,9;22,3;21,8;95;94;94;239;1,3;,2;
2026/01/18;0500 UTC;0;1006,5;1007,2;1006,5;;22,5;21,5;22,9;22,4;21,9;21,4;94;94;94;254;1,1;,1;
2026/01/18;0600 UTC;0;1006,1;1006,5;1006,1;;22,4;21,6;22,5;22,3;21,6;21,4;95;94;95;250;1;,1;
2026/01/18;0700 UTC;0;1006,1;1006,2;1006,1;;22,2;21,5;22,4;22,1;21,6;21,4;96;95;96;199;1,3;,1;
2026/01/18;0800 UTC;0;1006,3;1006,3;1006;;23;21,7;24;22,2;23,1;21,5;96;92;92;7;2,8;0;
2026/01/18;0900 UTC;0;1006,8;1006,8;1006,3;36;24,7;21,4;25,8;22,9;22,8;21;93;76;82;34;4,3;1,3;
2026/01/18;1000 UTC;0;1007,2;1007,2;1006,8;309,9;25,6;22,7;26;24,3;22,8;21,3;86;76;84;21;3,9;,7;
2026/01/18;1100 UTC;0;1007,5;1007,5;1007,2;1107,6;29,1;21;29,1;25,6;23,3;20,9;84;62;62;33;3,8;1,4;
2026/01/18;1200 UTC;0;1007,6;1007,7;1007,5;1309,9;30,1;19,6;30,2;29,1;21,7;19,4;64;53;53;24;6;1,5;
2026/01/18;1300 UTC;0;1007,8;1007,9;1007,5;1312,7;30,1;18,7;30,5;30;19,7;18,3;54;49;51;6;8,5;2,5;
2026/01/18;1400 UTC;0;1007,5;1007,8;1007,5;1759,7;29,9;18,4;30,5;29,9;19,5;18,2;53;49;50;360;8,4;2,8;
2026/01/18;1500 UTC;0;1007,5;1007,6;1007,3;1924,7;30,9;18,9;30,9;29,8;19,3;18,1;52;48;49;340;7,8;3,1;
2026/01/18;1600 UTC;0;1007;1007,5;1006,9;3058,6;31,1;18;31,4;30,5;19,4;17,9;50;45;46;291;10,3;3,1;
2026/01/18;1700 UTC;0;1006,1;1007;1006;3870;31,8;17,5;32,3;31;19,3;17,2;47;42;43;31;10,1;4,1;
2026/01/18;1800 UTC;0;1005,1;1006,1;1004,9;2621,7;32,1;17,1;32,5;31,6;18,5;17,1;45;41;41;43;10,7;2,1;
2026/01/18;1900 UTC;0;1004,5;1005,1;1004,5;2091,6;32,4;17,5;32,9;31,6;18,1;16,4;43;39;41;23;10,7;2;
2026/01/18;2000 UTC;0;1003,7;1004,5;1003,7;1626,8;32,2;16,7;32,8;32,2;18,2;16,4;42;38;39;25;6,1;1,9;
2026/01/18;2100 UTC;0;1003,8;1003,8;1003,7;726,5;31;17,4;32,3;31;17,7;16,7;44;39;44;31;5,3;2;
2026/01/18;2200 UTC;0;1004,5;1004,5;1003,9;49,1;29,1;17,7;31;28,8;18,7;17,2;52;44;50;41;5,1;,4;
2026/01/18;2300 UTC;0;1004,5;1004,6;1004,5;;25,7;20,5;29,2;25,6;20,5;18,4;73;50;73;250;2;,5;
2026/01/19;0000 UTC;0;1005;1005;1004,4;;24,5;20,3;25,7;24,4;20,7;20,2;79;73;77;259;2,6;,7;
2026/01/19;0100 UTC;0;1004,8;1005;1004,7;;23,7;20,6;24,5;23,6;20,8;20,3;84;77;83;253;2,4;,7;
2026/01/19;0200 UTC;0;1004,8;1005;1004,8;;26,7;18,7;27,5;23,5;20,8;18,7;84;59;62;283;5,3;2;
2026/01/19;0300 UTC;0;1005,1;1005,3;1004,8;;28,5;18;28,5;26,6;18,9;18;63;53;53;291;8,3;3,1;
2026/01/19;0400 UTC;0;1004;1005,1;1004;;27,5;18,2;28,5;26,9;18,3;17,8;59;52;57;314;8,3;,8;
2026/01/19;0500 UTC;0;1003;1004;1002,9;;27,2;18,3;27,8;25,8;18,8;18;65;56;58;308;5,4;1,3;
2026/01/19;0600 UTC;0;1002,7;1003,1;1002,7;;26,6;18,8;27,6;25,8;19;18,2;66;57;62;54;5,4;,5;
2026/01/19;0700 UTC;0;1002,7;1002,8;1002,6;;25,5;19,5;27,5;24,8;19,6;18,2;72;57;69;252;3,7;,7;
2026/01/19;0800 UTC;0;1003,1;1003,1;1002,6;;25,4;19,2;26,2;25;19,5;18,7;71;65;69;336;2,5;,3;
2026/01/19;0900 UTC;0;1003,1;1003,3;1003,1;48,2;28,5;18,1;28,7;25;19,5;18;70;53;53;10;5,4;1,3;
2026/01/19;1000 UTC;0;1003,6;1003,6;1003;388,7;28,7;18,9;29,2;27,3;20,1;18;63;52;55;32;6,2;,7;
2026/01/19;1100 UTC;0;1003,4;1003,7;1003,4;826,8;30,2;18,5;30,2;28,7;20,2;18,4;60;50;50;333;7,6;2,1;
2026/01/19;1200 UTC;0;1003,6;1003,6;1003,4;1073,5;30,6;18,8;30,6;29,6;19,9;18,5;56;49;49;42;6,7;2,4;
2026/01/19;1300 UTC;0;1003,7;1003,8;1003,5;1294;30,8;20,2;30,9;30,4;20,6;18,7;56;48;53;276;6,3;1,5;
2026/01/19;1400 UTC;0;1004;1004,2;1003,7;791,6;29,6;20,2;30,8;29,5;20,5;18,8;58;49;57;276;6,2;1,5;
2026/01/19;1500 UTC;0;1003,7;1004;1003,6;1645,5;31,6;19,7;31,8;29,7;21,5;19,1;58;48;49;282;5,4;1,6;
2026/01/19;1600 UTC;0;1003,2;1003,7;1003,1;2714,9;32,6;21;33,1;31,3;21,9;19,4;54;46;51;285;5,4;1,2;
2026/01/19;1700 UTC;0;1002,4;1003,2;1002,4;1716,3;33,5;21,2;33,5;31,4;22,6;19,5;59;45;49;256;3,3;,5;
2026/01/19;1800 UTC;0;1002,9;1002,9;1002,2;1086,6;27,2;22,9;33,6;27,2;23;20,4;77;47;77;335;7,4;1,2;
2026/01/19;1900 UTC;0;1002,3;1003,1;1002,3;611,6;28;22,6;28,3;27,2;23,6;22,1;79;69;73;277;5,6;2,1;
2026/01/19;2000 UTC;0;1002,7;1002,7;1002,3;362,4;27,7;22,7;28;27,5;23,2;22,5;77;72;74;229;5,6;,8;
2026/01/19;2100 UTC;0;1003,1;1003,1;1002,6;44,3;25,8;23,3;27,7;25,8;23,3;22,6;86;74;86;207;2,3;,2;
2026/01/19;2200 UTC;,6;1004,2;1004,2;1003,1;;25,1;22,6;25,8;25,1;24;22,6;92;86;86;205;6,2;2;
2026/01/19;2300 UTC;,4;1004,9;1004,9;1004,1;;24,2;22,4;25,1;24;22,5;21,9;90;84;89;233;6,1;1,4;
2026/01/20;0000 UTC;2,4;1005,8;1005,8;1004,9;;22,4;21,1;24,3;22,3;22,5;20,8;92;88;92;210;5,9;,8;
2026/01/20;0100 UTC;6,2;1006,5;1006,6;1005,8;;22,2;21,6;22,4;22,1;21,7;21,1;97;92;97;177;2,6;,1;
2026/01/20;0200 UTC;4,6;1006,9;1006,9;1006,5;;22,2;21,8;22,3;22,1;21,9;21,6;98;97;98;229;,9;,1;
2026/01/20;0300 UTC;5;1006,7;1006,9;1006,7;;22,8;22,4;22,8;22,2;22,5;21,8;98;98;98;41;1,9;,2;
2026/01/20;0400 UTC;1,6;1006,4;1006,7;1006,4;;23,4;22,9;23,4;22,8;23;22,4;98;97;97;166;3;,9;
2026/01/20;0500 UTC;5;1006,6;1006,6;1006,2;;22,4;21;23,5;22,4;23;21;97;92;92;231;7,9;2,4;
2026/01/20;0600 UTC;1,6;1006,6;1006,7;1006,4;;22,2;20,7;22,7;22;21;20,2;92;88;91;226;9,4;2,4;
2026/01/20;0700 UTC;4,6;1007,2;1007,2;1006,6;;21,5;20,3;22,4;21,3;20,9;19,6;93;89;93;253;10,8;1,6;
2026/01/20;0800 UTC;4,8;1007,7;1007,8;1007,2;;21,6;20,6;22,7;21,2;21,5;20,1;96;91;94;270;7,2;,2;
2026/01/20;0900 UTC;10,6;1008,6;1008,7;1007,7;8,5;22;21;22,4;21,4;21,6;20,5;96;94;94;213;7,8;2,2;
2026/01/20;1000 UTC;10,8;1009,1;1009,2;1008,6;127,2;22,8;21,2;22,9;21,7;21,7;20,8;95;91;91;225;7,7;2,3;
2026/01/20;1100 UTC;1,8;1009,9;1010;1009,1;424,5;23,6;21,5;24;22,7;21,6;21,1;92;84;88;227;8,5;1,3;
2026/01/20;1200 UTC;1,8;1011,2;1011,3;1010;355,4;22,2;20,5;24,2;22,2;21,4;20,4;90;83;90;206;7,6;2,4;
2026/01/20;1300 UTC;,8;1011,5;1011,5;1011,2;670;22,9;21,2;22,9;22;21,3;20,4;93;89;90;253;6,4;,5;
2026/01/20;1400 UTC;,2;1011,7;1011,8;1011,5;629;23,8;21,1;23,8;22,8;21,3;20,6;90;84;85;207;6,4;1,7;
2026/01/20;1500 UTC;,2;1011,7;1011,9;1011,7;1058,5;24,4;20,8;24,5;23,3;21,3;20,5;87;78;80;220;5,7;1,8;
2026/01/20;1600 UTC;1,4;1011,6;1012;1011,6;681,4;23,8;20,7;24,5;22,5;21,1;19,9;90;78;83;225;6,4;1,3;
2026/01/20;1700 UTC;,4;1011,5;1011,7;1011,5;808,8;23,9;20,8;24,2;23;21,5;20,5;89;82;83;255;5;1,9;
2026/01/20;1800 UTC;0;1011,5;1011,6;1011,4;589,4;23,5;20,5;23,9;23,3;21,3;20,2;87;81;83;222;5;,5;
2026/01/20;1900 UTC;0;1011,7;1011,7;1011,5;463,3;23,5;20,4;24;23,3;21;20,2;86;82;83;248;4;1,1;
2026/01/20;2000 UTC;0;1011,7;1011,8;1011,6;222,9;22,7;20,5;23,5;22,6;20,6;19,8;88;80;87;305;4,5;,3;
2026/01/20;2100 UTC;0;1012,1;1012,1;1011,7;165,1;22,6;20,2;23,3;22,4;20,7;19,4;90;79;87;247;3,8;,4;
2026/01/20;2200 UTC;0;1012,7;1012,7;1012,1;9,4;21,8;20,1;22,6;21,8;20,4;20;90;87;90;240;4;1,1;
2026/01/20;2300 UTC;0;1013,1;1013,2;1012,7;;21,3;20;22;21,1;20,4;19,9;93;90;93;224;4,3;,7;
2026/01/21;0000 UTC;0;1013,3;1013,3;1013;;21;19,8;21,3;20,8;20,2;19,7;94;93;93;248;2,8;,9;
2026/01/21;0100 UTC;0;1013,5;1013,5;1013,3;;20,8;20,1;21,1;20,7;20,1;19,8;96;93;96;255;1,9;,2;
2026/01/21;0200 UTC;0;1013,6;1013,7;1013,5;;20,9;20,3;20,9;20,8;20,4;20,1;97;96;97;329;1,3;,2;
2026/01/21;0300 UTC;0;1013,3;1013,6;1013,3;;20,8;20,3;20,9;20,7;20,4;20,2;97;97;97;254;1;,5;
2026/01/21;0400 UTC;0;1012,7;1013,3;1012,7;;20,6;20,2;20,9;20,6;20,4;20,1;97;97;97;261;2;,3;
2026/01/21;0500 UTC;,2;1012;1012,7;1012;;20,4;20;20,7;20,4;20,3;20;98;97;98;250;1,3;,3;
2026/01/21;0600 UTC;,4;1011,6;1012;1011,6;;20,3;19,9;20,5;20,2;20,2;19,9;98;98;98;263;1,1;,3;
2026/01/21;0700 UTC;0;1011,5;1011,6;1011,4;;20,2;20;20,3;20,2;20;19,9;98;98;98;226;1,1;0;
2026/01/21;0800 UTC;,2;1011,8;1011,8;1011,5;;20,4;20,1;20,5;20,2;20,2;20;98;98;98;257;1,5;,1;
2026/01/21;0900 UTC;0;1012,4;1012,4;1011,8;16,1;20,6;20,4;20,6;20,4;20,4;20,1;99;98;99;203;,9;0;
2026/01/21;1000 UTC;0;1012,9;1012,9;1012,4;139;21,1;20,9;21,2;20,6;21;20,4;99;98;98;157;,8;,1;
2026/01/21;1100 UTC;0;1013,4;1013,4;1012,9;302,7;22;21,6;22;21,1;21,6;20,9;99;98;98;103;1,9;,1;
2026/01/21;1200 UTC;0;1013,5;1013,5;1013,3;799,5;23,6;21,3;23,6;21,8;21,9;20,8;98;86;87;19;1,3;0;
2026/01/21;1300 UTC;0;1013,8;1013,8;1013,5;1188,7;24,4;20,1;24,6;23,3;21,5;19,9;88;76;77;157;1,7;,3;
2026/01/21;1400 UTC;0;1013,8;1013,9;1013,8;804,2;24;20,1;24,6;23,6;20,9;19,5;84;75;79;192;3;1;
2026/01/21;1500 UTC;0;1013,5;1013,8;1013,5;913,8;24,3;19,6;24,8;24;20,6;19,1;81;71;75;233;3,4;1,2;
2026/01/21;1600 UTC;0;1013,2;1013,5;1013,2;1218,3;24,8;19,4;25,2;24,3;20,4;18,7;76;68;72;216;3,7;,9;
2026/01/21;1700 UTC;1,4;1013,2;1013,4;1013,1;403,8;20,8;19,7;25;20,6;19,8;18,8;93;71;93;110;6,5;,3;
2026/01/21;1800 UTC;1,8;1012,9;1013,3;1012,9;961,2;22,5;20,4;22,7;20,7;21,1;19,5;95;88;88;8;1,7;,2;
2026/01/21;1900 UTC;,8;1013;1013;1012,8;539,5;21,2;19,3;22,8;21,1;21,2;19,2;91;87;89;224;4,3;1,3;
2026/01/21;2000 UTC;1,8;1012,9;1013,2;1012,9;286,7;21,3;20,5;21,4;20,7;20,6;19,3;95;89;95;251;4,5;0;
2026/01/21;2100 UTC;0;1013,2;1013,2;1012,9;282,9;21,6;20,7;21,6;21,3;20,8;20,4;95;94;95;172;1;0;
2026/01/21;2200 UTC;0;1013,7;1013,7;1013,2;78,3;21,1;20,4;21,7;21;20,9;20,3;96;95;96;275;1,1;0;
2026/01/21;2300 UTC;;;;;;;;;;;;;;;;;;
2026/01/22;0000 UTC;;;;;;;;;;;;;;;;;;
2026/01/22;0100 UTC;;;;;;;;;;;;;;;;;;
2026/01/22;0200 UTC;;;;;;;;;;;;;;;;;;
2026/01/22;0300 UTC;;;;;;;;;;;;;;;;;;
2026/01/22;0400 UTC;;;;;;;;;;;;;;;;;;
2026/01/22;0500 UTC;;;;;;;;;;;;;;;;;;
2026/01/22;0600 UTC;;;;;;;;;;;;;;;;;;
2026/01/22;0700 UTC;;;;;;;;;;;;;;;;;;
2026/01/22;0800 UTC;;;;;;;;;;;;;;;;;;
2026/01/22;0900 UTC;;;;;;;;;;;;;;;;;;
2026/01/22;1000 UTC;0;1013,8;;;11,2;20,4;20,2;;;;;;;99;248;;,2;
2026/01/22;1100 UTC;0;1013,8;1014;1013,6;219,2;21,1;20,9;21,1;20,3;20,9;20,1;99;99;99;288;1,2;,3;
2026/01/22;1200 UTC;0;1014;1014;1013,4;263,2;21,7;21,4;21,7;21;21,5;20,8;99;98;98;282;2;,1;
2026/01/22;1300 UTC;,6;1014,3;1014,4;1013,8;355;21,9;21,2;22,1;21,4;21,6;21,1;98;96;96;30;1,4;,1;
2026/01/22;1400 UTC;,2;1014,2;1014,3;1014,2;157,5;21,6;21;21,9;21,5;21,3;20,9;97;96;97;231;1;0;
2026/01/22;1500 UTC;,8;1014,1;1014,4;1014;474,2;21,7;20,8;21,9;21,5;21,2;20,7;97;94;95;22;1,5;,7;
2026/01/22;1600 UTC;,4;1013,8;1014,1;1013,8;477,2;21,8;20,9;22,1;21,7;21,1;20,7;95;93;95;86;1,5;0;
2026/01/22;1700 UTC;,2;1013;1013,8;1013;539,3;22,4;21,2;22,4;21,7;21,4;20,9;95;93;93;233;1,3;0;
2026/01/22;1800 UTC;0;1012,5;1013;1012,5;674,3;22,9;20,8;23,1;22,4;21,4;20,8;93;88;88;347;2;,4;
2026/01/22;1900 UTC;0;1012,1;1012,5;1012;417;22,8;21;23,1;22,6;21,4;20,7;92;88;90;93;2;,1;
2026/01/22;2000 UTC;0;1012,3;1012,3;1012;419,6;23,2;21,2;23,3;22,6;21,6;20,8;92;88;88;248;1,4;,3;
2026/01/22;2100 UTC;0;1012,7;1012,7;1012,3;269,5;22,7;21,2;23,5;22,7;21,4;21;92;87;91;232;1,3;,3;
2026/01/22;2200 UTC;0;1013,3;1013,3;1012,7;11,3;21,9;21,2;22,7;21,9;21,4;21;96;91;96;123;1,6;0;
2026/01/22;2300 UTC;0;1013,5;1013,6;1013,3;;21,7;21,3;21,9;21,7;21,3;21,1;97;96;97;209;1,2;0;
2026/01/23;0000 UTC;0;1013,8;1013,8;1013,5;;21,6;21,2;21,7;21,6;21,3;21,2;98;97;98;252;1;,2;
2026/01/23;0100 UTC;0;1013,9;1013,9;1013,7;;21,6;21,3;21,7;21,5;21,3;21,1;98;98;98;239;1;,1;
2026/01/23;0200 UTC;0;1013,8;1014;1013,8;;21,6;21,3;21,7;21,5;21,4;21,2;98;98;98;274;1,2;,1;
2026/01/23;0300 UTC;0;1013;1013,8;1013;;21,5;21,2;21,8;21,5;21,5;21,2;98;98;98;31;2,4;,2;
2026/01/23;0400 UTC;0;1012,3;1013;1012,3;;21,2;20,8;21,6;21,1;21,2;20,8;98;98;98;24;1,5;,5;
2026/01/23;0500 UTC;0;1011,6;1012,3;1011,5;;20,8;20,5;21,2;20,8;20,8;20,5;98;98;98;317;1,2;0;
2026/01/23;0600 UTC;0;1011,4;1011,6;1011,4;;20,5;20,3;20,8;20,5;20,5;20,3;98;98;98;201;1,3;0;
2026/01/23;0700 UTC;0;1011,5;1011,6;1011,4;;20,4;20,1;20,6;20,4;20,3;20,1;98;98;98;241;,8;0;
2026/01/23;0800 UTC;0;1011,9;1011,9;1011,5;;20,4;20,2;20,5;20,3;20,3;20,1;99;98;99;258;,8;0;
2026/01/23;0900 UTC;0;1012,6;1012,6;1011,9;9,1;20,6;20,4;20,7;20,4;20,5;20,1;99;99;99;288;,8;0;
2026/01/23;1000 UTC;2,4;1013,1;1013,2;1012,6;65,5;20,7;20,5;20,8;20,5;20,6;20,3;99;99;99;311;1,3;0;
2026/01/23;1100 UTC;2,2;1013,7;1013,7;1013,1;248,5;21,3;21,1;21,4;20,7;21,2;20,5;99;98;98;47;,9;,1;
2026/01/23;1200 UTC;8;1014,1;1014,1;1013,7;175,4;21;20,8;21,4;20,9;21,1;20,7;98;98;98;60;,9;0;
2026/01/23;1300 UTC;5,4;1014;1014,1;1014;438,8;21,9;21,6;22;21;21,8;20,8;99;98;98;33;,8;0;
2026/01/23;1400 UTC;,8;1013,9;1014;1013,9;894,9;22,4;21,7;22,7;21,8;22,2;21,5;98;96;96;148;1,5;,4;
2026/01/23;1500 UTC;2,8;1013,6;1014;1013,6;952,3;22,8;22;22,8;22,1;22,1;21,3;96;95;96;161;2,3;,2;
2026/01/23;1600 UTC;2,4;1013,2;1013,6;1013,1;528,8;21,8;20,9;22,9;21,8;22;20,9;96;94;95;208;1,6;,4;
2026/01/23;1700 UTC;10,8;1013,2;1013,4;1013,2;174;21,7;21,2;22;21,5;21,3;20,9;97;94;97;80;1,9;0;
2026/01/23;1800 UTC;4,2;1012,9;1013,2;1012,9;362;21,9;21,3;21,9;21,5;21,4;21;97;96;96;341;,6;0;
2026/01/23;1900 UTC;3,2;1012,6;1012,9;1012,6;245;21,6;21;22;21,6;21,4;20,9;97;96;96;47;,8;0;
2026/01/23;2000 UTC;1,8;1012,3;1012,6;1012,3;202,6;21,8;21,3;21,9;21,5;21,4;21;97;96;97;212;,7;0;
2026/01/23;2100 UTC;,8;1012,4;1012,5;1012,3;100,4;21,7;21,3;21,9;21,7;21,4;21,2;97;97;97;268;,2;0;
2026/01/23;2200 UTC;,8;1012,7;1012,7;1012,4;20,5;21,6;21,2;21,8;21,5;21,4;21,1;98;97;98;249;2;,4;
2026/01/23;2300 UTC;0;1013,1;1013,1;1012,7;;21,5;21,2;21,6;21,5;21,3;21,1;98;98;98;227;1;,1;
2026/01/24;0000 UTC;,4;1013,6;1013,6;1013,1;;21,6;21,3;21,6;21,4;21,3;21,1;98;98;98;279;1;,2;
2026/01/24;0100 UTC;0;1013,6;1013,7;1013,4;;21,3;21,1;21,6;21,3;21,3;21,1;99;98;99;53;,8;0;
2026/01/24;0200 UTC;0;1013,6;1013,8;1013,6;;21,4;21,1;21,4;21,3;21,2;21,1;99;99;99;196;,9;0;
2026/01/24;0300 UTC;0;1013,2;1013,6;1013,2;;21,4;21,2;21,4;21,3;21,2;21,1;99;99;99;312;,7;0;
2026/01/24;0400 UTC;,4;1012,7;1013,2;1012,7;;21,4;21,2;21,5;21,4;21,3;21,2;99;99;99;331;,5;0;
2026/01/24;0500 UTC;,4;1012,3;1012,7;1012,3;;21,4;21,2;21,5;21,3;21,3;21,2;99;99;99;258;,9;,2;
2026/01/24;0600 UTC;0;1011,9;1012,3;1011,9;;21,4;21,2;21,5;21,3;21,3;21,1;99;99;99;267;1,3;0;
2026/01/24;0700 UTC;0;1011,9;1011,9;1011,8;;21,2;21;21,4;21,2;21,2;21;99;99;99;199;,2;0;
2026/01/24;0800 UTC;0;1011,8;1011,9;1011,7;;21,2;21;21,3;21,1;21,1;20,9;99;99;99;236;1,2;,2;
2026/01/24;0900 UTC;0;1012,2;1012,2;1011,8;10,4;21,2;21,1;21,3;21,2;21,1;21;99;99;99;267;,9;,1;
2026/01/24;1000 UTC;0;1013,2;1013,2;1012,2;173,5;21,8;21,6;21,8;21,2;21,6;21;99;99;99;255;,8;,1;
2026/01/24;1100 UTC;0;1013,4;1013,4;1013,1;790,4;23,7;23,3;23,7;21,8;23,4;21,7;99;97;97;20;1,8;,3;
2026/01/24;1200 UTC;0;1013,9;1013,9;1013,4;1360,5;25,1;22,3;25,3;23,6;23,5;21,8;97;83;84;54;2,2;,5;
2026/01/24;1300 UTC;0;1013,9;1014;1013,9;1544;26;22,3;26;25;22,8;21,4;85;78;80;99;1,7;,1;
2026/01/24;1400 UTC;0;1013,7;1014;1013,7;1905,7;26,5;22,4;26,6;25,8;22,6;21,6;80;76;78;143;3,5;1;
2026/01/24;1500 UTC;0;1013,8;1013,9;1013,7;1276,2;25;21,8;27;24,9;22,9;21,4;83;76;83;251;4,9;2;
2026/01/24;1600 UTC;0;1013,2;1013,8;1013,1;1118,8;25,3;22,1;25,7;24,7;22,6;21,7;85;81;82;258;5,9;2,5;
2026/01/24;1700 UTC;,2;1012,9;1013,2;1012,8;1206,5;25,4;22,4;25,6;25,1;22,7;22;85;82;83;246;4,6;2;
2026/01/24;1800 UTC;0;1012,6;1013,1;1012,6;655,9;24,8;22,2;25,5;24,8;22,8;22;86;83;86;271;4,9;,6;
2026/01/24;1900 UTC;0;1012,5;1012,6;1012,4;117,7;23,9;22,2;24,8;23,9;22,6;22,1;91;85;91;149;3,3;,4;
2026/01/24;2000 UTC;1,6;1012,2;1012,6;1011,9;83,2;23,6;22,5;23,9;23,3;22,7;22,2;95;91;94;149;3,5;1,3;
2026/01/24;2100 UTC;,2;1012,3;1012,5;1012;120,5;23,3;22,7;23,6;23,2;22,7;22,3;96;94;96;243;3,5;1;
2026/01/24;2200 UTC;0;1013,5;1013,5;1012,3;41,3;23,4;22,8;23,9;23,2;23,2;22,6;96;95;96;355;2,1;,1;
2026/01/24;2300 UTC;0;1014,3;1014,4;1013,5;0;23,6;22,9;23,7;23,2;23,1;22,6;97;96;96;237;3,5;,6;
2026/01/25;0000 UTC;0;1014,6;1014,6;1014,2;;23,4;22,7;23,9;23,4;23,1;22,6;96;95;96;351;3,7;,1;
2026/01/25;0100 UTC;5,8;1014,9;1014,9;1014,6;;22,9;22,5;23,4;22,9;22,8;22,4;97;96;97;301;1,5;0;
2026/01/25;0200 UTC;4,8;1014,9;1014,9;1014,5;;22,7;22,3;22,9;22,6;22,5;22,3;98;97;98;295;1,3;,2;
2026/01/25;0300 UTC;,2;1014,8;1015,1;1014,7;;22,7;22,4;22,7;22,6;22,4;22,3;98;98;98;354;2,1;,3;
2026/01/25;0400 UTC;2,6;1014,4;1014,8;1014,2;;22,7;22,3;22,9;22,6;22,6;22,2;98;98;98;268;3,4;1,5;
2026/01/25;0500 UTC;8;1013,9;1014,5;1013,9;,2;21,3;20,9;22,7;21,3;22,2;20,9;98;97;97;213;3,4;,4;
2026/01/25;0600 UTC;13;1014;1014,2;1013,6;,2;21,1;20,7;21,4;21;21;20,7;98;97;98;10;2,4;,6;
2026/01/25;0700 UTC;0;1013;1014,1;1012,5;;20,9;20,6;21,6;20,9;21,3;20,6;98;98;98;241;3,1;,6;
2026/01/25;0800 UTC;,2;1013,7;1013,7;1013;;20,7;20,4;21,1;20,7;20,8;20,4;98;98;98;276;2,8;,4;
2026/01/25;0900 UTC;0;1014,3;1014,3;1013,7;24,9;20,3;20,1;20,7;20,2;20,3;20;98;98;98;303;1,4;,1;
2026/01/25;1000 UTC;0;1014,8;1014,8;1014,3;357,3;22,1;21,9;22,1;20,2;21,9;20;99;98;99;289;1,3;,3;
2026/01/25;1100 UTC;0;1015,1;1015,1;1014,7;1402,3;25,3;21,1;25,3;22,1;23,6;20,5;99;78;78;33;1,4;,2;
2026/01/25;1200 UTC;0;1015,3;1015,4;1015,1;2179;26,4;22,1;26,7;24,7;22,5;20,8;84;76;77;62;3,1;,9;
2026/01/25;1300 UTC;0;1015,2;1015,4;1015,2;2323;27,7;21,8;28,1;26,1;22,7;21,4;78;70;70;119;2,5;,6;
2026/01/25;1400 UTC;0;1014,7;1015,2;1014,7;2739,5;28;22,6;28,8;27,7;23,3;21,2;76;66;73;121;3,4;1,2;
2026/01/25;1500 UTC;0;1014,5;1014,8;1014,5;3228,7;27,7;21,5;28,9;27,6;23,5;21,5;75;68;69;282;4,6;1,5;
2026/01/25;1600 UTC;0;1014,3;1014,5;1014,2;2928;27,2;22,1;28,9;27,2;23,1;21,4;76;67;73;245;4,8;2;
2026/01/25;1700 UTC;0;1013,9;1014,3;1013,8;1135,3;26;22,2;27,3;25,9;22,5;21,8;81;73;80;79;6,1;,7;
2026/01/25;1800 UTC;0;1013,7;1013,9;1013,6;1058,6;25,9;22,6;26,4;25,8;22,8;22;82;78;82;234;4,3;1;
2026/01/25;1900 UTC;0;1013,8;1013,9;1013,6;587;25,5;22,5;25,9;25,3;22,8;22,2;85;81;84;204;4,9;1,1;
2026/01/25;2000 UTC;0;1013,9;1013,9;1013,4;472,4;25,2;22,7;25,6;25,2;22,8;22,3;86;83;86;112;4,3;,2;
2026/01/25;2100 UTC;0;1015;1015;1013,9;137,1;24,9;22,6;25,2;24,8;22,9;22,5;89;85;87;274;2,7;,6;
2026/01/25;2200 UTC;2,2;1015,2;1015,5;1015;1,9;23,6;22,9;24,9;23,6;23,1;22,5;96;87;96;66;2,6;,1;
2026/01/25;2300 UTC;,2;1015,5;1015,5;1015;;23,5;23;23,7;23,3;23,2;22,8;97;96;97;220;3,5;,6;
2026/01/26;0000 UTC;0;1015,5;1015,9;1015,5;;23;22,5;23,5;23;22,9;22,5;97;97;97;223;2,5;0;
2026/01/26;0100 UTC;0;1016,1;1016,1;1015,4;;22,9;22,5;23;22,8;22,6;22,4;98;97;98;268;1,3;,2;
2026/01/26;0200 UTC;0;1015,6;1016,1;1015,6;;22,5;22,2;22,9;22,5;22,5;22,2;98;98;98;285;1;,1;
2026/01/26;0300 UTC;0;1014,7;1015,6;1014,7;;22,3;22;22,6;22,3;22,3;22;98;98;98;255;,9;0;
2026/01/26;0400 UTC;,6;1013,8;1014,7;1013,8;;22,2;22;22,4;22,2;22,1;21,9;98;98;98;251;,6;0;
2026/01/26;0500 UTC;0;1013,3;1013,8;1013,3;;22,1;21,9;22,2;22,1;22;21,8;99;98;99;260;1,8;,9;
2026/01/26;0600 UTC;0;1013,2;1013,4;1012,8;;23,2;22,9;23,2;21,9;22,9;21,7;99;99;99;314;3,8;1,5;
2026/01/26;0700 UTC;0;1013,2;1013,3;1012,9;;22,4;21,7;23,4;22,4;22,9;21,7;99;95;96;190;4,5;0;
2026/01/26;0800 UTC;0;1013,6;1013,6;1013,2;;21,9;21,4;22,5;21,9;21,9;21,4;97;96;97;253;1,6;,5;
2026/01/26;0900 UTC;0;1014,4;1014,4;1013,6;29,4;21,7;21,3;21,9;21,5;21,5;21,2;98;97;98;262;1,3;,1;
2026/01/26;1000 UTC;0;1014,7;1014,7;1014,4;313,9;23,1;22,7;23,1;21,6;22,7;21,3;98;98;98;143;,9;0;
2026/01/26;1100 UTC;0;1015,5;1015,5;1014,7;1157,3;25,4;22,8;25,9;23,1;24,2;22,7;98;85;85;353;2,3;,8;
2026/01/26;1200 UTC;0;1015,8;1015,9;1015,5;1929;27,3;22,9;27,3;25,2;23,4;22,4;86;77;77;27;3,4;1;
2026/01/26;1300 UTC;0;1015,5;1015,8;1015,5;2802,7;28,9;22,9;29,1;27,1;23,5;22,3;77;70;70;95;3,4;,5;
2026/01/26;1400 UTC;0;1015;1015,5;1015;3328,3;30,2;22;30,8;28,4;23,8;21,9;72;61;62;147;2,9;,7;
2026/01/26;1500 UTC;0;1014,7;1015;1014,7;3369,2;29,5;23,5;30,3;28,8;24,2;22,2;73;62;70;47;5,2;1,2;
2026/01/26;1600 UTC;0;1014,5;1014,8;1014,4;3246,8;28,1;22,1;29,8;28,1;23,9;22;71;66;70;216;7,2;1,8;
2026/01/26;1700 UTC;0;1014,3;1014,5;1014,2;833,9;26,5;22;28,1;26,5;22,4;21,9;77;70;77;235;6,3;2,2;
2026/01/26;1800 UTC;,4;1014;1014,4;1014;402,4;24,7;22,7;26,5;24,7;22,9;22,1;88;77;88;224;4,9;,4;
2026/01/26;1900 UTC;,6;1013,7;1014;1013,5;196,4;24,3;23,3;25,2;24,1;23,5;22,7;95;88;94;243;3,7;1;
2026/01/26;2000 UTC;,4;1013,8;1014;1013,7;158,7;24,1;23,4;24,4;24,1;23,5;23,2;96;94;96;233;2,4;,5;
2026/01/26;2100 UTC;,2;1013,8;1013,8;1013,5;78,1;23,8;23,2;24,2;23,8;23,5;23,1;96;96;96;236;1,7;,4;
2026/01/26;2200 UTC;0;1014,3;1014,3;1013,7;7,3;23,7;23,2;23,8;23,6;23,3;23,1;97;96;97;260;1,4;,3;
2026/01/26;2300 UTC;,4;1014,5;1014,5;1014,2;;23,7;23,3;23,8;23,6;23,3;23,2;98;97;98;245;1,5;,2;
2026/01/27;0000 UTC;,4;1015,3;1015,3;1014,5;;23,6;23,2;23,7;23,6;23,4;23,2;98;98;98;130;1,2;,1;
2026/01/27;0100 UTC;,2;1015,1;1015,4;1015,1;;23,6;23,3;23,7;23,6;23,4;23,2;98;98;98;236;,9;,1;
2026/01/27;0200 UTC;0;1014,7;1015,1;1014,6;;23,5;23,2;23,7;23,4;23,3;23,1;98;98;98;272;1,6;,2;
2026/01/27;0300 UTC;0;1014;1014,7;1014;;23,6;23,3;23,6;23,4;23,4;23,1;98;98;98;262;1;,1;
2026/01/27;0400 UTC;0;1013,6;1014,1;1013,6;0;23,7;23,4;23,7;23,6;23,5;23,3;99;98;99;244;,8;,1;
2026/01/27;0500 UTC;0;1013,3;1013,6;1013,3;;23,7;23,5;23,8;23,6;23,5;23,4;99;98;99;267;,8;,2;
2026/01/27;0600 UTC;0;1012,9;1013,3;1012,9;;23,7;23,4;23,7;23,6;23,5;23,4;99;99;99;256;1,4;0;
2026/01/27;0700 UTC;0;1013;1013;1012,8;;23,6;23,3;23,8;23,5;23,5;23,3;99;99;99;248;,8;0;
2026/01/27;0800 UTC;0;1013,7;1013,7;1013;;23,2;22,9;23,6;23,2;23,3;22,9;99;99;99;208;,8;0;
2026/01/27;0900 UTC;0;1014,2;1014,2;1013,7;31,7;23,3;23,1;23,3;23,2;23,1;22,9;99;99;99;280;1,1;0;
2026/01/27;1000 UTC;0;1014,7;1014,7;1014,3;337,5;24,7;24,5;24,8;23,3;24,6;23,1;99;99;99;195;1,4;,1;
2026/01/27;1100 UTC;0;1014,9;1014,9;1014,7;985,5;26,5;23,9;26,5;24,7;25,2;23,8;99;86;86;12;2,5;,8;
2026/01/27;1200 UTC;0;1014,9;1015,1;1014,9;2164,9;28,2;23,8;28,2;26,5;24,1;23,1;86;76;77;45;3,3;1,1;
2026/01/27;1300 UTC;0;1014,6;1014,9;1014,6;2675,4;28,9;23;29,4;27,7;24,3;22,8;79;70;71;52;3,3;1,1;
2026/01/27;1400 UTC;0;1014,1;1014,7;1014,1;3620,1;30,7;23,7;30,7;28,9;24;21,8;73;62;66;153;3,2;1;
2026/01/27;1500 UTC;0;1013,9;1014,1;1013,8;3753;30,4;23,5;30,8;29,6;24,1;21,9;71;60;67;174;4;1,2;
2026/01/27;1600 UTC;0;1013,5;1013,9;1013,5;3736,1;29,7;23;30,8;29,6;24,7;22,5;72;64;67;181;5,6;2,1;
2026/01/27;1700 UTC;0;1013,1;1013,7;1013;1149,1;27,7;23;29,7;27,2;23;21,8;77;66;75;265;6,8;2;
2026/01/27;1800 UTC;0;1012,6;1013,1;1012,6;1989,1;28,7;22,7;28,9;27,7;23,7;22,3;76;70;70;251;6,5;2,2;
2026/01/27;1900 UTC;0;1012,5;1012,7;1012;476,5;27,5;22,5;28,8;27,5;22,8;21,7;74;67;74;252;5,6;1,5;
2026/01/27;2000 UTC;0;1012,5;1012,5;1012,3;156,7;27;22,6;27,5;26,7;22,8;22,3;79;74;77;260;3,9;,7;
2026/01/27;2100 UTC;,2;1013,4;1013,4;1012,3;379,7;26,4;22,8;27;25,9;24,2;22,6;88;77;81;55;7,3;1,4;
2026/01/27;2200 UTC;0;1013,2;1013,5;1013;58,3;25;20,7;26,3;24,5;22,1;20,3;81;73;77;298;7,3;,9;
2026/01/27;2300 UTC;0;1013,5;1013,5;1013;;23,1;21,2;25,1;23,1;21,7;20,5;89;76;89;132;3,4;0;
2026/01/28;0000 UTC;0;1013,7;1013,8;1013,5;;22,5;21,6;23,1;22,5;21,8;21,2;95;89;95;241;1,8;,3;
2026/01/28;0100 UTC;0;1013,9;1013,9;1013,7;;22,2;21,5;22,7;22,2;21,8;21,4;96;95;96;219;1,8;,2;
2026/01/28;0200 UTC;0;1013,4;1013,9;1013,4;;22,1;21,5;22,5;22,1;21,9;21,4;97;96;96;235;1,6;,1;
2026/01/28;0300 UTC;0;1012,9;1013,4;1012,9;;22,7;22;22,8;22,1;22,2;21,5;97;95;96;252;3,4;,9;
2026/01/28;0400 UTC;0;1012,6;1012,9;1012,6;;22,2;21,5;22,9;22,2;22,1;21,3;96;95;96;258;2,6;,6;
2026/01/28;0500 UTC;0;1012,2;1012,6;1012,2;;21,7;21,1;22,4;21,7;21,7;21,1;97;96;97;263;2,2;,2;
2026/01/28;0600 UTC;0;1011,9;1012,2;1011,9;;21,4;21;21,7;21,4;21,2;21;97;97;97;269;1,4;,2;
2026/01/28;0700 UTC;0;1012,2;1012,2;1011,9;;21,2;20,9;21,5;21,2;21;20,8;98;97;98;229;1,7;,3;
2026/01/28;0800 UTC;0;1012,8;1012,8;1012,2;;21;20,6;21,2;21;20,9;20,6;98;98;98;256;1,3;0;
2026/01/28;0900 UTC;0;1013,5;1013,5;1012,8;25,1;20,9;20,6;21;20,8;20,6;20,5;98;98;98;264;1;0;
2026/01/28;1000 UTC;0;1014;1014;1013,5;318,6;23,3;23;23,3;20,9;23;20,6;98;98;98;268;,8;0;
2026/01/28;1100 UTC;0;1013,9;1014;1013,8;1298,1;26,7;22,2;26,8;23,3;24,4;21,9;98;75;76;24;1,4;,4;
2026/01/28;1200 UTC;0;1013,9;1014,1;1013,9;2196,9;28,5;21,5;28,9;26,7;22,9;21,4;76;65;66;20;3,1;1,1;
2026/01/28;1300 UTC;0;1013,9;1014;1013,9;2869,8;30,2;20,8;30,5;28,5;22,5;20,1;70;55;57;65;3,5;1,2;
2026/01/28;1400 UTC;0;1013,5;1013,9;1013,5;3356,5;31,7;19,9;31,7;30,2;22,1;19,7;60;49;50;34;5,9;1;
2026/01/28;1500 UTC;,2;1012,8;1013,5;1012,8;3346,8;31;20,9;32,2;30,6;22,9;20,3;61;50;55;167;5,3;1;
2026/01/28;1600 UTC;0;1011,9;1012,8;1011,9;3372,3;32,4;23;32,5;30,9;24,3;21,1;65;53;58;146;5,1;1,3;
2026/01/28;1700 UTC;0;1011,1;1011,9;1011;3076;31,2;21,7;32,9;30,8;23,5;21,5;61;53;57;237;5,9;1,8;
2026/01/28;1800 UTC;0;1010,5;1011,2;1010,5;3007,4;31,2;22,2;32;31;23,4;21,6;61;56;59;190;5,6;2,4;
2026/01/28;1900 UTC;0;1010,3;1010,5;1010,2;1800,6;31,3;22,1;31,7;30,3;22,9;21,7;63;57;58;190;5,8;1,7;
2026/01/28;2000 UTC;0;1010,2;1010,4;1010;1719;31,5;21,2;31,7;30,9;22,3;21,2;60;54;54;244;5,8;1,5;
2026/01/28;2100 UTC;0;1010,6;1010,6;1010,2;703,5;29,8;21,4;31,6;29,8;21,7;20,8;61;54;61;248;5,1;1,8;
2026/01/28;2200 UTC;0;1011,3;1011,3;1010,6;53,6;26,4;23,3;29,8;26,4;23,4;21,4;83;61;83;239;4,1;,4;
2026/01/28;2300 UTC;0;1011,8;1011,8;1011,3;;25,1;22,8;26,4;25;23,4;22,8;88;82;87;269;2,1;,3;
2026/01/29;0000 UTC;0;1012,4;1012,4;1011,8;;24,4;22,8;25;24,3;23;22,6;91;87;91;249;1,7;,3;
2026/01/29;0100 UTC;0;1012,8;1012,8;1012,4;;24;22,8;24,6;24;23;22,7;93;90;93;266;1,5;0;
2026/01/29;0200 UTC;0;1012,6;1012,9;1012,6;;23,7;23;24;23,6;23;22,7;96;93;96;258;1,4;,1;
2026/01/29;0300 UTC;0;1012;1012,6;1012;;23,9;23,2;23,9;23,6;23,2;22,9;96;95;96;229;1,6;,5;
2026/01/29;0400 UTC;0;1011,6;1012;1011,5;;23,5;22,8;23,9;23,5;23,2;22,8;96;96;96;331;1,6;,1;
2026/01/29;0500 UTC;0;1011,5;1011,6;1011,3;;23,1;22,6;23,5;23,1;22,8;22,6;97;96;97;245;1,3;,2;
2026/01/29;0600 UTC;0;1010,7;1011,5;1010,7;;23,5;23;23,6;23;23,2;22,5;97;97;97;258;1,9;,5;
2026/01/29;0700 UTC;0;1010,6;1010,7;1010,5;;24,1;22,9;24,8;23,4;24,1;22,9;97;93;93;335;2,4;,2;
2026/01/29;0800 UTC;0;1011;1011;1010,6;;23,2;22,4;25,5;23,1;23,7;22;95;87;95;255;3,7;0;
2026/01/29;0900 UTC;0;1011,6;1011,6;1011;21,9;22,7;22,1;23,2;22,6;22,4;21,9;96;95;96;270;1,4;0;
2026/01/29;1000 UTC;0;1011,8;1011,8;1011,6;288,1;24,9;23,8;24,9;22,7;23,9;22,1;97;93;93;226;1,1;,4;
2026/01/29;1100 UTC;0;1011,6;1011,7;1011,5;1352,8;28,8;21,9;28,8;24,9;24,4;21,3;93;65;66;14;4,1;1,4;
2026/01/29;1200 UTC;0;1011,7;1011,8;1011,6;2186,5;31,1;21,2;31,1;28,7;21,9;20,1;66;54;56;17;4,1;,9;
2026/01/29;1300 UTC;0;1011,5;1011,7;1011,4;2905,2;32,3;20,8;32,3;31;21,9;19,6;57;49;51;39;5,7;1,9;
2026/01/29;1400 UTC;0;1011;1011,5;1011;3425,8;33,1;19,9;33,5;32;21,7;18,7;53;44;46;283;5,7;1,4;
2026/01/29;1500 UTC;0;1010,4;1011;1010,4;3743,3;32,3;23,3;34,2;32,2;24,6;18,9;62;40;59;131;5,2;2,3;
2026/01/29;1600 UTC;0;1010,1;1010,4;1010,1;3507,7;31,4;22,6;32,8;31,4;24;22,2;63;54;59;249;6,2;1,9;
2026/01/29;1700 UTC;0;1009,3;1010,1;1009,2;3247,8;31;23,6;31,8;30,4;23,9;22,3;66;58;65;286;9,2;2,7;
2026/01/29;1800 UTC;0;1008,6;1009,4;1008,6;3078,4;30,6;22,8;31,2;29,9;24;22,5;68;62;63;349;7,3;1,6;
2026/01/29;1900 UTC;0;1008,7;1008,7;1008,2;2295,8;30,2;23,2;30,8;29,6;24,1;21,8;69;60;66;296;7,8;1,1;
2026/01/29;2000 UTC;0;1009,7;1010,1;1008,7;762,8;27,5;19,8;30,2;27,5;23,1;19,5;67;60;63;330;9,1;2,4;
2026/01/29;2100 UTC;0;1010,2;1010,3;1009,6;193,7;27;19,8;27,5;26,9;20,1;19,4;66;62;65;16;9,1;,9;
2026/01/29;2200 UTC;0;1009,8;1010,2;1009,8;63,9;25,5;21;27;25,5;21,2;20;77;65;76;310;4,9;1,1;
2026/01/29;2300 UTC;0;1009,8;1009,8;1009,6;;25,2;21,2;25,8;25,2;21,2;20,8;79;74;79;27;4,1;1,4;
2026/01/30;0000 UTC;0;1009,7;1009,9;1009,6;;24,7;21,4;25,2;24,7;21,5;21,2;82;79;82;340;3,6;,6;
2026/01/30;0100 UTC;0;1010,1;1010,2;1009,7;;25;21,6;25,2;24,1;22;21,4;86;81;81;32;3,4;1,6;
2026/01/30;0200 UTC;0;1009,4;1010,1;1009,4;;23,1;21,5;25;23,1;21,7;21,4;91;81;91;266;3,4;,4;
2026/01/30;0300 UTC;0;1008,9;1009,4;1008,9;;22,4;21,4;23,1;22,3;21,6;21,4;95;91;95;247;1,5;,4;
2026/01/30;0400 UTC;0;1008;1008,9;1007,9;;22,3;21,5;22,4;22,1;21,6;21,3;96;95;95;271;1,5;,3;
2026/01/30;0500 UTC;0;1007,5;1008;1007,5;;22;21,3;22,3;22;21,5;21,3;96;95;96;267;1,2;,3;
2026/01/30;0600 UTC;0;1007,3;1007,6;1007,3;;21,6;20,9;22;21,6;21,3;20,9;96;96;96;245;1,1;,1;
2026/01/30;0700 UTC;0;1007,1;1007,3;1007,1;;21,5;20,9;21,7;21,5;21;20,8;96;96;96;227;1;0;
2026/01/30;0800 UTC;0;1007;1007,1;1006,8;;21,3;20,7;21,5;21,2;21;20,7;97;96;97;271;1,2;0;
2026/01/30;0900 UTC;0;1007,7;1007,7;1007;26,8;24,4;21,3;24,4;21,3;22,5;20,7;97;83;83;333;4,1;1,4;
2026/01/30;1000 UTC;0;1008,2;1008,2;1007,7;172,1;24,7;21,9;25;22,9;22,2;20,2;91;76;84;341;4,4;,8;
2026/01/30;1100 UTC;0;1008,6;1008,7;1008,2;368;24,9;21,9;25,5;23,9;22,3;20,6;89;75;83;80;4,4;,4;
2026/01/30;1200 UTC;0;1008,7;1008,9;1008,6;679,1;26,7;22,3;27,3;24,8;23;21;87;69;77;183;2,4;,7;
2026/01/30;1300 UTC;0;1008,6;1008,8;1008,6;820,2;27,5;21,6;27,9;26,4;23,4;20,6;79;65;70;317;2,4;,8;
2026/01/30;1400 UTC;0;1008,4;1008,7;1008,4;1429,9;29,4;22;29,4;27;23,5;20,7;78;60;64;56;2,4;,6;
2026/01/30;1500 UTC;0;1007,6;1008,4;1007,6;1796,4;30,1;20,8;30,2;29;23,3;20,5;71;56;58;16;2,8;1;
2026/01/30;1600 UTC;0;1006,5;1007,6;1006,5;2226,9;30,4;20,5;30,8;30,1;21,9;20,3;63;55;56;6;5,4;1,5;
2026/01/30;1700 UTC;0;1005,7;1006,5;1005,7;1840,9;31;21;31,1;30,1;22,5;20,1;63;54;55;43;5,4;1,9;
2026/01/30;1800 UTC;0;1005,1;1005,8;1005,1;2340,7;31,1;20,2;32;30,5;21,5;19,9;58;50;52;27;5,1;1,1;
2026/01/30;1900 UTC;0;1004,5;1005,1;1004,5;762,4;28,7;23;31,2;28,4;23,1;19,8;73;51;71;322;5,2;,4;
2026/01/30;2000 UTC;0;1005,3;1005,3;1004,5;63,5;26,7;22,4;28,7;26,7;24;22,4;84;71;77;267;9,9;2,3;
2026/01/30;2100 UTC;1,4;1005,7;1006;1005,2;95,4;23,9;23,1;26,7;23,9;23,3;21,9;95;77;95;235;9,9;,3;
2026/01/30;2200 UTC;,2;1006,4;1006,4;1005,6;19,2;23,9;23;24;23,6;23,1;22,9;96;95;95;276;2,8;,5;
2026/01/30;2300 UTC;0;1006,6;1006,6;1006,3;;23,1;22,5;23,9;23,1;22,8;22,3;96;94;96;235;2,8;,1;
2026/01/31;0000 UTC;0;1006,9;1006,9;1006,5;;22,9;22,3;23,2;22,8;22,6;22,3;97;96;97;247;1,6;,8;
2026/01/31;0100 UTC;0;1007,2;1007,2;1006,8;;22,9;22,4;23;22,8;22,5;22,3;97;97;97;260;2;,3;
2026/01/31;0200 UTC;0;1006,9;1007,3;1006,9;;22,8;22,3;23;22,8;22,4;22,3;97;97;97;232;1,4;,1;
2026/01/31;0300 UTC;0;1005,8;1006,9;1005,8;;22,7;22,3;22,8;22,7;22,4;22,2;98;97;98;242;1,3;,2;
2026/01/31;0400 UTC;0;1005;1005,8;1005;;22,4;22;22,7;22,4;22,4;22;98;98;98;252;1,3;,2;
2026/01/31;0500 UTC;0;1003,9;1005;1003,9;;22,1;21,8;22,4;22;22;21,7;98;98;98;261;1,2;,5;
2026/01/31;0600 UTC;0;1003,8;1003,9;1003,7;;22;21,7;22,2;22;21,9;21,7;98;98;98;305;1,3;0;
2026/01/31;0700 UTC;0;1003,8;1003,8;1003,7;;21,9;21,7;22,1;21,9;21,9;21,6;98;98;98;324;2;0;
2026/01/31;0800 UTC;0;1004,1;1004,2;1003,8;;21,5;21,3;21,9;21,5;21,7;21,3;99;98;99;266;1,1;,2;
2026/01/31;0900 UTC;0;1004,6;1004,6;1004,1;17,7;21,5;21,3;21,6;21,3;21,3;21;99;99;99;178;1,3;,3;
2026/01/31;1000 UTC;0;1005,1;1005,1;1004,6;339,8;24,2;23,8;24,2;21,5;23,8;21,3;99;98;98;244;2,6;,7;
2026/01/31;1100 UTC;0;1005,9;1005,9;1005,1;949,2;26;21,7;26,6;24,2;25,3;21,7;98;77;77;233;4,4;1,5;
2026/01/31;1200 UTC;0;1006,1;1006,1;1005,8;2033,9;29,7;20,8;29,7;25,7;22,6;20,4;81;59;59;264;4,6;1,8;
2026/01/31;1300 UTC;0;1005,8;1006,1;1005,8;2932,3;30,1;20,3;30,2;29,5;21,9;19,9;63;55;56;234;6,5;1,9;
2026/01/31;1400 UTC;0;1005,5;1005,8;1005,5;3466,8;30,9;22,9;31,7;30,1;23,2;19,3;64;49;62;174;5,9;1,9;
2026/01/31;1500 UTC;0;1005,4;1005,6;1005,3;3580,2;29,8;22,6;31,3;29,3;24;21,8;68;60;65;120;6,8;2,6;
2026/01/31;1600 UTC;0;1005,1;1005,5;1005;3755;29,2;22,3;30,1;29;23,1;21,6;67;63;67;83;6,9;2,4;
2026/01/31;1700 UTC;0;1005,1;1005,3;1004,6;3278,5;29,3;23,5;29,7;28,2;23,5;22;72;65;71;75;7;1,8;
2026/01/31;1800 UTC;0;1004,5;1005,1;1004,4;2388,8;28,4;23;29,5;27,6;24;22,5;78;69;73;297;6,9;1,6;
2026/01/31;1900 UTC;0;1004,8;1004,8;1004,4;1782,9;27,8;22,4;28,9;27,8;23,7;22,3;75;71;73;289;7,9;1,1;
2026/01/31;2000 UTC;0;1005;1005,1;1004,8;838,8;27,4;22,6;27,9;27,2;23,1;22,2;76;73;75;235;5,9;,9;
2026/01/31;2100 UTC;0;1005,8;1005,8;1004,9;171;26,4;22,5;27,4;26,4;22,5;22,1;79;74;79;171;5,5;,4;
2026/01/31;2200 UTC;3,6;1005,7;1005,9;1005,5;41,1;23,8;22,9;26,4;23,8;23,1;22;95;79;95;170;2,5;0;
2026/01/31;2300 UTC;0;1006,5;1006,5;1005,7;;23,3;22,8;23,9;23,2;23,2;22,7;97;95;97;244;1,9;,3;
2026/02/01;0000 UTC;0;1006,4;1006,5;1006,3;;22,8;22,3;23,3;22,8;22,8;22,3;97;97;97;250;2,5;,5;
2026/02/01;0100 UTC;0;1006,9;1006,9;1006,4;;22,8;22,4;22,8;22,5;22,4;22,1;98;97;98;243;2,1;1,2;
2026/02/01;0200 UTC;0;1006,7;1007;1006,5;;22,9;22,5;23;22,8;22,6;22,4;98;98;98;247;2,1;1,2;
2026/02/01;0300 UTC;0;1006,3;1006,7;1006,2;;22,8;22,4;23;22,6;22,6;22,3;98;98;98;243;2,1;,4;
2026/02/01;0400 UTC;0;1005,8;1006,3;1005,8;;22,6;22,3;22,8;22,5;22,4;22,2;98;98;98;246;1,7;,8;
2026/02/01;0500 UTC;0;1004,8;1005,9;1004,7;;22,4;22,1;22,7;22,4;22,4;22,1;98;98;98;222;2,3;,1;
2026/02/01;0600 UTC;0;1004,4;1004,8;1004,3;;22,4;22,1;22,4;22,2;22,1;21,9;98;98;98;164;2,9;,4;
2026/02/01;0700 UTC;0;1004;1004,4;1004;;22,1;21,8;22,7;22,1;22,4;21,8;98;98;98;271;2,2;,4;
2026/02/01;0800 UTC;0;1004,1;1004,2;1003,8;;22,8;22,5;22,9;21,9;22,7;21,6;99;98;99;15;2,2;,9;
2026/02/01;0900 UTC;0;1004,2;1004,3;1004;21,1;22,3;21,9;23,4;22,3;23,1;21,9;99;98;98;227;2,1;,1;
2026/02/01;1000 UTC;0;1004,4;1004,4;1004,2;282,5;26,2;23,3;26,2;22,3;24,8;21,9;98;84;84;12;5,5;1,4;
2026/02/01;1100 UTC;0;1004,6;1004,7;1004,3;1370,9;29,1;24,9;29,1;26,1;24,9;23,2;85;72;78;188;3,8;,6;
2026/02/01;1200 UTC;0;1004,9;1005;1004,5;2223,7;32,2;20,7;32,6;29;25;20,7;78;51;51;268;7,1;2,1;
2026/02/01;1300 UTC;,2;1004,5;1004,9;1004,5;2931,3;33,4;22,1;33,4;32;24,2;20,6;62;49;52;75;7,5;1,3;
2026/02/01;1400 UTC;0;1004,2;1004,6;1004,1;3437,2;34,2;21,1;34,4;33,2;23,8;20,7;56;46;47;168;5,9;1,1;
2026/02/01;1500 UTC;0;1003,4;1004,2;1003,4;3705,5;35,2;21,7;35,3;34,1;24,1;20,1;55;42;46;84;4,9;1,1;
2026/02/01;1600 UTC;0;1002,5;1003,4;1002,5;3907;36,2;20,7;36,5;35,1;25,1;20;55;39;41;295;5;1,7;
2026/02/01;1700 UTC;0;1001,5;1002,5;1001,5;3059,8;37,2;23,5;37,2;35,7;25,3;20;53;38;45;133;4;,5;
2026/02/01;1800 UTC;0;1001,4;1001,6;1001,3;3401,5;34,7;22,1;37,2;34,7;24,3;21,1;51;42;48;113;8;1,3;
2026/02/01;1900 UTC;0;1001,9;1001,9;1001,2;1105,9;32,3;22,4;35;32,3;22,4;21,3;56;46;56;214;6,1;1,6;
2026/02/01;2000 UTC;0;1001,7;1002,2;1001,7;452,4;30,6;22,3;32,3;30,4;22,9;21,7;63;56;61;262;7,7;2,5;
2026/02/01;2100 UTC;0;1002,7;1002,8;1001,7;154,2;29,3;22,7;30,8;28,8;22,9;21,8;71;59;68;228;4,7;1;
2026/02/01;2200 UTC;0;1004,4;1004,4;1002,7;9,3;29,6;22;30,6;29,1;22,9;21,2;69;57;64;189;5;1,8;
2026/02/01;2300 UTC;0;1005,8;1006;1004,4;;26,9;22;29,6;26,9;22,7;21,7;75;64;75;165;6,9;,4;
2026/02/02;0000 UTC;26,6;1007,2;1009;1005,8;1;22,4;21,8;27,1;22;22,6;20,4;96;75;96;167;16,9;1,9;
2026/02/02;0100 UTC;,8;1007,6;1008,1;1007,2;;22,7;22,3;22,7;22,3;22,3;21,7;97;96;97;316;6,5;,2;
2026/02/02;0200 UTC;0;1006,8;1007,6;1006,8;;23,6;22,3;23,6;22,6;22,8;22,1;97;92;92;266;5,9;2,9;
2026/02/02;0300 UTC;,2;1006,3;1006,9;1006,3;4,1;23,9;22,1;24;23,5;22,3;22;92;90;90;276;7;2,1;
2026/02/02;0400 UTC;0;1005,4;1006,3;1005,4;,5;23,8;22;24;23,5;22,2;21,8;91;89;90;341;5,3;1,1;
2026/02/02;0500 UTC;0;1004,9;1005,5;1004,8;;24,2;21,7;24,9;23;22,2;20,9;90;80;86;10;5,2;1,8;
2026/02/02;0600 UTC;0;1005,1;1005,2;1004,8;;22,2;21,2;24,3;22,2;21,8;21,1;94;85;94;157;4,6;0;
2026/02/02;0700 UTC;0;1005,2;1005,3;1004,9;;22,1;21,6;22,2;22;21,6;21,2;97;94;97;264;1,4;0;
2026/02/02;0800 UTC;0;1005,1;1005,2;1004,9;;22,1;21,7;22,2;22;21,7;21,5;98;97;98;250;,9;,1;
2026/02/02;0900 UTC;0;1005,5;1005,5;1005,1;19,4;22,2;21,9;22,2;22;21,9;21,6;98;98;98;245;1;0;
2026/02/02;1000 UTC;0;1005,6;1005,6;1005,4;259,5;23,8;23,5;23,8;22,2;23,5;22;98;98;98;252;1,1;,3;
2026/02/02;1100 UTC;0;1005,7;1005,7;1005,5;1189,2;28,9;25,2;28,9;23,8;25,8;23,6;98;80;80;108;,9;,1;
2026/02/02;1200 UTC;0;1006;1006,1;1005,7;1588,4;29,7;26,1;30,5;28,9;26,1;23,3;81;67;81;139;2,8;,1;
2026/02/02;1300 UTC;0;1006,1;1006,1;1006;1555,2;30,8;24,7;31,3;29,5;27;23,5;83;66;70;105;2,5;,5;
2026/02/02;1400 UTC;0;1006,1;1006,2;1006,1;1112,3;29,6;26,1;31;29,6;26,9;24,6;82;69;81;185;1,3;,1;
2026/02/02;1500 UTC;0;1006,2;1006,3;1006,1;1124;29,9;25,6;30,8;29,1;26,7;24,8;84;70;78;125;1,6;,3;
2026/02/02;1600 UTC;0;1005,8;1006,2;1005,8;809,7;29,6;26,6;29,9;29,2;26,7;25,5;85;77;84;223;1,9;,4;
2026/02/02;1700 UTC;0;1005,6;1005,8;1005,6;818,4;28,5;23,2;30;28,4;26,7;23,2;84;73;73;211;4;,9;
2026/02/02;1800 UTC;0;1005,7;1005,8;1005,6;674,6;28,2;21,8;28,7;28,2;23,4;21,5;75;66;68;198;4,7;1,5;
2026/02/02;1900 UTC;0;1005,4;1005,8;1005,4;788,7;28,8;22,2;28,8;28;22,5;21,6;72;67;67;191;4,3;1,1;
2026/02/02;2000 UTC;0;1005,6;1005,6;1005,4;643,2;28,7;21,4;28,9;28,5;22,1;21,2;68;64;65;211;5;1;
2026/02/02;2100 UTC;0;1006;1006;1005,6;259,2;26,6;22,7;28,7;26,5;22,7;21,1;80;64;79;165;4,9;,3;
2026/02/02;2200 UTC;0;1007,1;1007,1;1006;27,8;25,6;23,6;27,2;25,6;23,7;22,4;89;75;89;251;2;,3;
2026/02/02;2300 UTC;0;1007,7;1007,8;1007,1;;24,7;23,3;25,6;24,7;23,6;23,3;92;89;92;250;1,6;,2;
2026/02/03;0000 UTC;0;1008,2;1008,2;1007,8;;24,5;23,6;24,8;24,4;23,6;23,2;94;92;94;256;1,6;,3;
2026/02/03;0100 UTC;0;1008,5;1008,5;1008,2;;24,3;23,5;24,5;24,2;23,7;23,4;95;94;95;256;1,2;,3;
2026/02/03;0200 UTC;0;1008,3;1008,5;1008,2;;24,2;23,4;24,4;24,2;23,6;23,4;95;95;95;251;1,3;,2;
2026/02/03;0300 UTC;0;1007,9;1008,3;1007,9;;24,1;23,4;24,3;24,1;23,5;23,4;96;95;96;249;1;0;
2026/02/03;0400 UTC;0;1007,5;1008;1007,5;;24,1;23,5;24,3;24,1;23,6;23,4;97;96;97;237;,9;,1;
2026/02/03;0500 UTC;0;1006,9;1007,5;1006,9;;24;23,5;24,2;24;23,6;23,4;97;97;97;268;,9;0;
2026/02/03;0600 UTC;0;1006,5;1007;1006,5;;24,1;23,6;24,2;24;23,7;23,5;97;97;97;265;1,1;0;
2026/02/03;0700 UTC;0;1006,3;1006,6;1006,2;;24;23,5;24,1;23,9;23,6;23,5;97;97;97;275;1;,2;
2026/02/03;0800 UTC;0;1006,6;1006,6;1006,2;;23,9;23,4;24;23,8;23,6;23,3;97;97;97;270;,9;0;
2026/02/03;0900 UTC;0;1007,1;1007,1;1006,6;8;23,9;23,4;24;23,8;23,5;23,3;97;97;97;32;1;0;
2026/02/03;1000 UTC;0;1007,1;1007,1;1007,1;331,5;26,1;25,4;26,1;23,9;25,4;23,4;97;96;96;204;1,5;0;
2026/02/03;1100 UTC;0;1007,3;1007,3;1007,1;1363,1;28,6;23,5;28,8;26,1;25,9;22,5;96;71;74;253;1,6;,4;
2026/02/03;1200 UTC;0;1007,7;1007,9;1007,3;2121,6;30,3;22,7;30,4;28,4;23,7;22,4;75;63;64;103;2,1;,6;
2026/02/03;1300 UTC;0;1007,7;1007,8;1007,7;2374,3;29,6;23,9;31,5;29,6;24;21,6;72;58;71;173;2,9;,7;
2026/02/03;1400 UTC;0;1007,2;1007,7;1007,1;3066,9;31,3;24,7;31,9;29,6;25,3;24,1;75;66;68;110;4,7;1,8;
2026/02/03;1500 UTC;0;1006,7;1007,2;1006,6;2808,7;30,2;24,5;31,3;30,1;25,3;23,9;73;67;72;231;5;2,6;
2026/02/03;1600 UTC;0;1006;1006,7;1006;2886,4;30,8;25,3;30,8;29,8;25,4;24,2;75;71;72;222;7;1,6;
2026/02/03;1700 UTC;0;1005,4;1006;1005,2;3210,7;29,7;24,2;31;29,7;25,6;24;75;69;72;219;7,8;2,5;
2026/02/03;1800 UTC;0;1005,5;1005,5;1004,9;454,1;27,6;23,6;29,7;27,6;24,3;23,5;79;72;79;215;7,3;2,6;
2026/02/03;1900 UTC;13,8;1005,3;1006;1005,2;39,4;23;22,2;27,6;22,8;23,7;21,2;95;76;95;203;6,4;,4;
2026/02/03;2000 UTC;,2;1005,5;1006,1;1005,3;381,9;24,5;23,9;24,5;23;23,9;22,2;97;95;96;327;2,5;,2;
2026/02/03;2100 UTC;0;1005,7;1005,8;1005,4;411,5;25,1;24,4;25,5;24,6;24,7;23,9;96;95;96;105;1;,1;
2026/02/03;2200 UTC;0;1006,1;1006,1;1005,6;36;24,4;23,5;25,3;24,4;24,6;23,5;96;95;95;261;2,6;1,1;
2026/02/03;2300 UTC;0;1006,9;1006,9;1006,1;;23,9;23,3;24,4;23,9;23,6;23,2;97;95;96;218;2,3;,7;
2026/02/04;0000 UTC;0;1007,3;1007,3;1006,9;;24,2;23,7;24,2;23,9;23,7;23,3;97;96;97;158;1,6;,1;
2026/02/04;0100 UTC;0;1007,7;1007,8;1007,3;;24,1;23,7;24,2;24,1;23,8;23,6;98;97;98;261;1,1;,1;
2026/02/04;0200 UTC;0;1007,5;1007,8;1007,5;;24,1;23,7;24,1;24;23,8;23,6;98;98;98;263;1,2;,2;
2026/02/04;0300 UTC;0;1007,1;1007,6;1007,1;;24,5;24,2;24,7;24;24,4;23,7;98;98;98;340;2,5;,7;
2026/02/04;0400 UTC;0;1006;1007,1;1006;;25,2;23,4;26,1;24,5;25,5;23,4;98;89;90;347;5,7;1;
2026/02/04;0500 UTC;0;1005,3;1006;1005,3;;24,1;23,5;25,3;24,1;23,9;23,3;96;90;96;297;2,5;,1;
2026/02/04;0600 UTC;0;1004,7;1005,3;1004,7;;23,6;23,1;24,1;23,6;23,5;23,1;97;96;97;271;1,2;,3;
2026/02/04;0700 UTC;0;1004,3;1004,8;1004,3;;23,2;22,9;23,6;23,2;23,1;22,8;98;97;98;262;1;,3;
2026/02/04;0800 UTC;0;1004,4;1004,4;1004,2;;23,2;22,8;23,4;23,1;23;22,8;98;98;98;313;2,1;0;
2026/02/04;0900 UTC;0;1004,7;1004,7;1004,3;21,4;23,3;23;24;23,1;23,8;22,8;98;98;98;155;2,6;,2;
2026/02/04;1000 UTC;0;1005;1005;1004,7;198,5;24,9;24,5;24,9;23,3;24,5;23;98;98;98;294;2,7;,3;
2026/02/04;1100 UTC;0;1005,3;1005,3;1004,9;685,5;27,5;26,2;27,5;24,9;26,3;24,6;98;93;93;261;2,3;1;
2026/02/04;1200 UTC;0;1005,7;1005,7;1005,2;1311,2;30,3;24,8;30,3;27,5;26,3;23,3;93;68;72;293;2,4;,6;
2026/02/04;1300 UTC;0;1006,1;1006,1;1005,7;2403,1;31,8;22,9;32;29,7;26,5;22,2;80;57;59;238;4;1,5;
2026/02/04;1400 UTC;0;1005,9;1006,1;1005,9;3165,8;33,2;24;33,3;31,3;24,2;21,4;64;51;59;286;4,4;,9;
2026/02/04;1500 UTC;0;1006;1006;1005,8;1164,8;29,7;25,3;33,4;29,6;25,3;22,4;77;53;77;331;4,2;,8;
2026/02/04;1600 UTC;0;1005,7;1006,1;1005,7;2053,5;31,3;25;32;29,5;26,9;24,8;80;68;69;192;3,5;,9;
2026/02/04;1700 UTC;0;1005,9;1006;1005,6;484,7;28,9;25;31,3;28,9;25,9;24,4;83;68;80;128;4,8;,9;
2026/02/04;1800 UTC;0;1005,6;1005,9;1005,5;657,3;28,5;24,9;30;28,5;25,6;23,1;84;67;81;189;5,6;,2;
2026/02/04;1900 UTC;0;1005,6;1005,8;1005,6;629,8;29,2;24,2;29,2;28,3;25,5;22,9;84;69;74;160;2,5;,5;
2026/02/04;2000 UTC;0;1005,6;1005,6;1005,3;1311,9;29,8;22,5;30,4;29,2;23,6;22,5;74;64;65;118;4,1;1;
2026/02/04;2100 UTC;0;1006,2;1006,2;1005,5;417,8;27,9;23,2;29,8;27,9;23,3;22,3;76;65;76;174;4,1;,4;
2026/02/04;2200 UTC;0;1007,3;1007,3;1006,2;22,1;26,2;24,2;27,9;26,1;24,3;23;89;75;89;266;1,5;,4;
2026/02/04;2300 UTC;0;1008,1;1008,1;1007,3;;25,2;23,8;26,2;25,2;24,2;23,6;92;89;92;239;1,8;,4;
2026/02/05;0000 UTC;1,4;1009;1009;1008,1;;24,5;23,6;25,2;24,5;23,8;23,5;95;92;95;250;2,8;,5;
2026/02/05;0100 UTC;9,2;1009,6;1009,6;1009;;24,2;23,7;24,5;24,1;23,8;23,5;97;95;97;61;1,3;0;
2026/02/05;0200 UTC;1,6;1009,9;1009,9;1009,6;;24,2;23,8;24,2;24,1;23,8;23,6;98;97;98;193;1,6;0;
2026/02/05;0300 UTC;11,8;1009,3;1010,3;1009,3;,4;23,1;22,7;24,2;23,1;23,8;22,6;98;97;97;39;2,7;,3;
2026/02/05;0400 UTC;2,6;1008,5;1009,3;1008,5;;23;22,5;23,3;22,8;22,9;22,4;98;97;97;50;3,6;1,3;
2026/02/05;0500 UTC;0;1007,6;1008,5;1007,6;;22,7;21,8;23,1;22,6;22,6;21,6;97;93;94;55;4,1;,8;
2026/02/05;0600 UTC;0;1007,2;1007,6;1007,2;;22,2;21,7;22,8;22,1;21,9;21,6;97;94;97;196;1,9;0;
2026/02/05;0700 UTC;0;1007;1007,3;1007;;21,7;21,3;22,2;21,7;21,7;21,3;97;97;97;232;1,6;,3;
2026/02/05;0800 UTC;0;1006,9;1007,1;1006,9;;21,6;21,2;21,7;21,4;21,3;21,1;98;97;98;248;1,9;,4;
2026/02/05;0900 UTC;0;1007,4;1007,4;1006,9;11,6;21,8;21,5;21,8;21,5;21,5;21,2;98;98;98;222;2,1;,3;
2026/02/05;1000 UTC;0;1008;1008;1007,4;157,4;22,7;22,4;22,7;21,8;22,4;21,6;98;98;98;255;2,1;,4;
2026/02/05;1100 UTC;0;1008,7;1008,7;1008;593,6;24,6;23,7;24,6;22,7;23,7;22,4;98;95;95;215;1,6;,2;
2026/02/05;1200 UTC;0;1008,7;1008,9;1008,7;1718,3;28,1;23,2;28,2;24,6;24,1;22;95;72;75;23;1,7;,3;
2026/02/05;1300 UTC;0;1008,7;1008,7;1008,6;2588;29,5;25,2;29,8;28,1;25,5;22,1;79;68;78;28;4,1;1,7;
2026/02/05;1400 UTC;0;1008,7;1008,9;1008,7;2364,5;29,2;23,6;30,9;28,9;25,1;22,9;78;65;72;218;4,1;,9;
2026/02/05;1500 UTC;0;1008,4;1008,7;1008,3;3057,1;29,7;23,9;30,6;29,2;25,1;23,5;75;67;71;202;3,5;1,6;
2026/02/05;1600 UTC;0;1007,7;1008,4;1007,7;1647,7;29,6;24,6;30,1;28,5;25,1;23,3;79;69;74;64;5,3;,9;
2026/02/05;1700 UTC;0;1007;1007,7;1006,9;3580,8;30,3;24,7;30,9;29,7;25,6;23,7;74;68;72;308;6,6;1,7;
2026/02/05;1800 UTC;0;1006,5;1007;1006,4;2996,1;29,9;23,6;30,5;29,4;24,8;23,4;73;68;69;246;8,2;2,2;
2026/02/05;1900 UTC;0;1006,8;1006,9;1006,4;341,9;27,7;23,7;29,9;27,7;24,4;23,4;81;69;79;233;6,5;1,4;
2026/02/05;2000 UTC;0;1007;1007;1006,6;277,3;26,6;24,1;27,8;26,6;24,2;23,3;86;77;86;103;4,8;,2;
2026/02/05;2100 UTC;1,2;1007,1;1007,3;1007;55,6;25,4;24,6;26,7;25,4;24,6;24,1;95;86;95;46;2,8;,2;
2026/02/05;2200 UTC;1;1008,4;1008,4;1007,1;3,6;24,8;24,2;25,4;24,8;24,6;24,2;96;95;96;269;2,3;,3;
2026/02/05;2300 UTC;1,2;1008,9;1008,9;1008,4;;24,5;24,1;24,9;24,5;24,3;24,1;97;96;97;241;1,2;,1;
2026/02/06;0000 UTC;1;1009,4;1009,4;1008,9;;24,5;24,1;24,6;24,4;24,2;24;98;97;98;217;1,7;,3;
2026/02/06;0100 UTC;1,8;1009,7;1009,8;1009,5;;24,4;24,1;24,6;24,4;24,2;24;98;98;98;228;1,5;0;
2026/02/06;0200 UTC;,4;1009,8;1009,9;1009,7;;24,4;24,1;24,5;24,3;24,1;23,9;98;98;98;293;,9;0;
2026/02/06;0300 UTC;5;1009,5;1009,8;1009,5;;24,3;24;24,5;24,3;24,2;23,9;98;98;98;83;2,1;,5;
2026/02/06;0400 UTC;2,2;1009,2;1009,6;1009,2;;24,3;24,1;24,5;24,3;24,2;24;98;98;98;203;2;0;
2026/02/06;0500 UTC;14,4;1009;1009,2;1009;;24,1;23,9;24,3;24;24,1;23,7;99;98;99;132;1,9;,1;
2026/02/06;0600 UTC;3,6;1008,6;1009;1008,6;;23,8;23,6;24,1;23,8;23,8;23,5;99;98;98;354;2,1;,1;
2026/02/06;0700 UTC;0;1008,6;1008,7;1008,5;;23,7;23,5;23,8;23,7;23,6;23,4;99;98;99;197;,9;0;
2026/02/06;0800 UTC;0;1008,3;1008,6;1008,2;;23,4;23,2;23,7;23,4;23,5;23,2;99;99;99;192;,8;,1;
2026/02/06;0900 UTC;0;1008,6;1008,6;1008,3;15,3;23,4;23,1;23,5;23,3;23,2;23,1;99;99;99;237;,9;,1;
2026/02/06;1000 UTC;0;1009,2;1009,2;1008,6;302;24,4;24,2;24,5;23,3;24,3;23,1;99;99;99;260;,9;,2;
2026/02/06;1100 UTC;0;1009,4;1009,5;1009,2;1005,3;27,1;26,3;27,1;24,4;26,3;24,2;99;96;96;142;,9;0;
2026/02/06;1200 UTC;0;1009,9;1010;1009,4;2326,6;28,6;24,3;28,8;27,1;26,5;23,7;96;76;77;94;2,3;,8;
2026/02/06;1300 UTC;0;1010,3;1010,3;1009,9;1718,9;28,6;24,5;29;28,1;25;23,6;82;75;79;144;2,3;,1;
2026/02/06;1400 UTC;0;1010,4;1010,6;1010,3;1231,5;27,2;24,5;28,9;26,9;25,1;24;86;76;85;139;4,6;1,5;
2026/02/06;1500 UTC;0;1009,8;1010,4;1009,8;3475,8;28,9;24,4;29,3;26,9;26;24,1;87;77;77;258;5,2;1,8;
2026/02/06;1600 UTC;0;1009,2;1009,8;1009,2;2665,8;28,9;24,8;29,3;27,9;25,1;24;81;77;79;299;6,1;1,9;
2026/02/06;1700 UTC;0;1008,7;1009,2;1008,6;3075,7;29,5;24,6;29,6;28,4;25;23,5;79;72;75;256;5,3;2;
2026/02/06;1800 UTC;0;1008,1;1008,7;1008;2271;28,3;24,2;29,5;28,1;24,7;23,5;78;73;78;234;7,4;2,1;
2026/02/06;1900 UTC;0;1007,7;1008,2;1007,7;1257,3;27,8;23,9;28,4;27,7;24,5;23,7;81;77;79;267;5,6;,9;
2026/02/06;2000 UTC;0;1008,2;1008,2;1007,7;680,1;27;24,1;28,2;27;24,2;23,8;84;78;84;175;4,1;1;
2026/02/06;2100 UTC;0;1008,4;1008,6;1008,2;125,2;26,7;24;27,2;26,7;24,3;23,7;85;82;85;221;4;,2;
2026/02/06;2200 UTC;0;1009,4;1009,4;1008,4;6,7;25,7;23,9;26,8;25,7;24,1;23,8;90;84;90;226;3,6;1;
2026/02/06;2300 UTC;0;1010,2;1010,2;1009,4;;25,2;24;25,7;25,2;24,2;23,8;93;90;93;232;3,6;,3;
2026/02/07;0000 UTC;0;1010,6;1010,7;1010,1;;24,9;24;25,2;24,8;24,1;23,8;94;93;94;243;2,6;,4;
2026/02/07;0100 UTC;,6;1010,7;1010,8;1010,4;;24,6;23,7;25,1;24,6;24;23,5;95;92;95;119;3,2;,1;
2026/02/07;0200 UTC;1,4;1010,5;1010,8;1010,4;;24;23,3;24,6;23,8;23,7;23;96;94;96;44;2,7;,2;
2026/02/07;0300 UTC;0;1009,8;1010,5;1009,7;;23,7;23,2;24,1;23,7;23,6;23,2;97;96;97;241;1,7;,6;
2026/02/07;0400 UTC;0;1009,2;1009,8;1009,2;;23,6;23,2;23,8;23,6;23,3;23,1;98;97;97;263;1,8;0;
2026/02/07;0500 UTC;0;1009,2;1009,3;1009;;23,4;23,1;23,6;23,3;23,2;22,9;98;97;98;254;1,1;,2;
2026/02/07;0600 UTC;0;1008,5;1009,3;1008,4;;23,5;23,1;23,7;23,4;23,3;23;98;98;98;272;2,3;,8;
2026/02/07;0700 UTC;0;1008,4;1008,6;1008,4;;23,2;22,9;23,5;23,1;23,1;22,8;98;98;98;279;1,9;0;
2026/02/07;0800 UTC;0;1008,9;1008,9;1008,4;;23;22,8;23,2;23;22,9;22,7;98;98;98;232;1,1;,1;
2026/02/07;0900 UTC;0;1009,5;1009,5;1008,9;32,3;23,4;23,2;23,4;23;23,2;22,8;99;98;99;263;1,1;,6;
2026/02/07;1000 UTC;0;1009,6;1009,7;1009,5;186,7;24,2;23,9;24,2;23,4;23,9;23,1;99;98;98;268;1,4;,4;
2026/02/07;1100 UTC;,4;1010;1010,1;1009,6;615;26,1;25,7;26,1;24,2;25,7;24;98;98;98;260;1,7;,4;
2026/02/07;1200 UTC;0;1010;1010,1;1010;1887;28,2;24;28,6;26,1;27;23,6;98;77;78;29;2,2;,2;
2026/02/07;1300 UTC;0;1010,1;1010,1;1010;1575;29,1;24,5;29,2;28,2;24,9;23,9;80;75;76;134;1,9;,2;
2026/02/07;1400 UTC;0;1010;1010,2;1010;2005;29,8;24,9;29,9;28,9;25,1;23,6;79;72;75;71;2;,6;
2026/02/07;1500 UTC;0;1009,6;1010;1009,6;2719,2;28,9;24,5;30,9;28,9;26,1;24,2;78;70;77;216;5,8;1,8;
2026/02/07;1600 UTC;0;1008,9;1009,6;1008,8;2286,9;28,7;24,5;29,4;28,4;25,2;24,1;80;76;78;263;5,8;1,8;
2026/02/07;1700 UTC;0;1007,9;1008,9;1007,9;2321,1;29,9;25,3;29,9;28,5;25,4;24;79;74;77;77;4,8;1,2;
2026/02/07;1800 UTC;0;1007;1007,9;1006,9;2899,9;29,6;24,7;30,3;29;25,3;23,7;77;71;75;254;5,7;1,8;
2026/02/07;1900 UTC;0;1007,9;1007,9;1007;847,6;27,7;23,9;29,7;27,7;24,6;23,8;81;73;80;255;7,6;1,2;
2026/02/07;2000 UTC;25;1008,6;1009,8;1007,9;12,2;22,9;22,3;27,7;22,7;24;20,9;97;78;96;114;12,3;,5;
2026/02/07;2100 UTC;1;1009,1;1009,1;1008,3;3,4;23,1;22,6;23,2;22,9;22,7;22,3;98;96;98;223;2,5;,3;
2026/02/07;2200 UTC;1,8;1010,3;1010,4;1009,1;;23,2;22,8;23,2;23;22,9;22,6;98;97;98;270;1,6;,3;
2026/02/07;2300 UTC;,8;1010,2;1010,5;1010,2;;23,2;22,9;23,3;23,1;23;22,8;98;98;98;236;1,4;,5;
2026/02/08;0000 UTC;0;1009,9;1010,2;1009,9;;23,1;22,8;23,3;23,1;23;22,8;98;98;98;268;2;,3;
2026/02/08;0100 UTC;0;1010,1;1010,1;1009,8;;23,3;23;23,6;23;23,3;22,7;98;98;98;306;4;,3;
2026/02/08;0200 UTC;0;1010,3;1010,3;1010,1;;23;22,7;23,3;23;22,9;22,6;98;98;98;277;1,5;,1;
2026/02/08;0300 UTC;0;1010;1010,3;1009,9;;23,1;22,8;23,1;23;22,8;22,7;98;98;98;265;,8;0;
2026/02/08;0400 UTC;0;1009,4;1010;1009,4;;23,2;23;23,2;23;23;22,8;99;98;99;298;1,3;,1;
2026/02/08;0500 UTC;0;1009,3;1009,5;1009,3;;23,3;23,1;23,3;23,2;23,1;22,9;99;99;99;242;1;0;
2026/02/08;0600 UTC;0;1009,1;1009,3;1009;;23,3;23,1;23,4;23,3;23,2;23;99;99;99;237;1;,1;
2026/02/08;0700 UTC;2,8;1009,5;1009,5;1009,1;;23,5;23,3;23,5;23,3;23,3;23,1;99;99;99;243;1,4;,5;
2026/02/08;0800 UTC;,4;1009,9;1009,9;1009,4;3,8;22,9;21,8;24,5;22,9;23,7;21,8;99;93;94;120;6,3;,4;
2026/02/08;0900 UTC;0;1010,4;1010,4;1009,9;8,8;22,4;21,9;22,9;22,3;22;21,7;97;94;97;260;2,3;,9;
2026/02/08;1000 UTC;0;1011,2;1011,2;1010,3;253,6;23,4;22,8;23,5;22,4;23;21,9;97;96;96;227;2,3;,1;
2026/02/08;1100 UTC;0;1011,5;1011,6;1011,2;682,9;25,3;23,1;25,3;23,4;23,9;22,7;96;88;88;113;1;0;
2026/02/08;1200 UTC;0;1011,3;1011,7;1011,3;1175,3;27,1;22,1;27,1;25,3;23,3;21,6;88;73;74;47;,9;,1;
2026/02/08;1300 UTC;0;1010,9;1011,3;1010,9;1809,3;28,1;22,8;28,2;26,6;23,6;21,9;82;73;73;108;2;,6;
2026/02/08;1400 UTC;0;1010,4;1010,9;1010,4;1936,1;28,9;24,4;29,1;27,6;24,8;22,1;80;68;77;78;2;0;
2026/02/08;1500 UTC;0;1009,7;1010,4;1009,7;2172,4;30,2;23,1;30,3;28,2;25,1;21,7;83;62;66;173;1,6;,4;
2026/02/08;1600 UTC;0;1009,3;1009,7;1009,3;2249,7;29,2;24,1;30,5;28,9;24,7;21,1;75;59;74;134;4,2;1,4;
2026/02/08;1700 UTC;0;1008,6;1009,3;1008,6;1483,7;28,1;23,3;29,3;28,1;24,4;22,7;79;70;75;329;4,7;1,1;
2026/02/08;1800 UTC;0;1008,5;1008,8;1008,4;819,2;26,1;23,5;28,1;26;23,7;23,1;86;75;86;225;5,5;1,4;
2026/02/08;1900 UTC;0;1008,9;1008,9;1008,4;554,6;26,6;23,4;26,9;26,1;24,2;23,2;88;81;83;244;5,5;1,5;
2026/02/08;2000 UTC;0;1009,5;1009,5;1008,9;386,7;26;23,7;26,8;25,9;23,8;23,1;88;81;87;88;5,6;0;
2026/02/08;2100 UTC;3,2;1009,9;1009,9;1009,4;117,8;24,9;23,9;26;24,8;24;23,4;94;87;94;341;4;,2;
2026/02/08;2200 UTC;2,8;1010,6;1010,6;1009,8;0;24,5;23,9;24,9;24,4;24,2;23,8;96;94;96;319;1,9;,1;
2026/02/08;2300 UTC;1,2;1011,4;1011,4;1010,6;;24,1;23,5;24,8;24,1;24,2;23,4;97;96;96;260;2,3;,2;
2026/02/09;0000 UTC;3,2;1011,9;1012;1011,4;;23,7;23,2;24,1;23,7;23,5;23,1;97;96;97;262;1,5;,6;
2026/02/09;0100 UTC;1;1012,4;1012,4;1011,9;;24;23,4;24,1;23,6;23,6;23,1;98;97;97;15;2,3;,6;
2026/02/09;0200 UTC;1;1012,5;1012,6;1012,4;;23,4;22,5;24;23,4;23,4;22,5;97;95;95;310;3,3;1,3;
2026/02/09;0300 UTC;,8;1012,2;1012,5;1012,2;;22,8;21,9;23,5;22,8;22,6;21,9;95;94;95;325;4;,9;
2026/02/09;0400 UTC;2,4;1011,5;1012,2;1011,5;;22,5;22;22,8;22,5;22,1;21,8;97;95;97;349;2,5;,1;
2026/02/09;0500 UTC;0;1010,6;1011,5;1010,6;;22,7;22;22,7;22,4;22,1;21,8;97;96;96;306;2,7;,9;
2026/02/09;0600 UTC;0;1010,2;1010,7;1010,2;;22,9;21,4;22,9;22,3;22;21,3;96;91;91;294;3,6;1,2;
2026/02/09;0700 UTC;0;1010,1;1010,3;1010,1;1;21,8;20,9;22,9;21,8;21,4;20,7;94;90;94;17;3,6;,7;
2026/02/09;0800 UTC;,2;1010,3;1010,3;1010;;21,6;21,1;21,9;21,6;21,2;20,9;97;94;97;241;2;0;
2026/02/09;0900 UTC;0;1010,4;1010,4;1010,2;4;21,7;21,4;21,8;21,6;21,4;21,1;98;97;98;268;1,3;,2;
2026/02/09;1000 UTC;0;1010,8;1010,8;1010,4;177,5;22,5;22,2;22,6;21,7;22,2;21,4;98;98;98;11;1,5;,1;
2026/02/09;1100 UTC;0;1011,2;1011,2;1010,8;650,7;24,5;23,4;24,5;22,5;23,6;22,1;98;94;94;233;1,2;0;
2026/02/09;1200 UTC;0;1011,8;1011,8;1011,2;754,3;25,2;23,3;25,5;24,4;23,5;22,5;94;87;89;132;,9;,1;
2026/02/09;1300 UTC;0;1012,5;1012,5;1011,8;855,5;26,2;23,8;26,3;25,2;24,1;23,2;90;86;87;119;1,1;,2;
2026/02/09;1400 UTC;1,2;1012,7;1012,7;1012,5;674;25,3;24;26,2;25,1;24;22,9;93;84;93;150;1,3;,1;
2026/02/09;1500 UTC;,4;1012,4;1012,7;1012,4;605,6;25,3;23,7;25,5;25;24,1;23,4;93;89;90;69;1,3;0;
2026/02/09;1600 UTC;1,4;1011,6;1012,4;1011,6;606;25,3;23,8;25,4;25;23,8;23,2;92;89;92;134;1,1;0;
2026/02/09;1700 UTC;,2;1011,2;1011,6;1011,2;1616,6;26,5;23,4;26,6;25,2;24,1;22,3;92;81;83;163;1;,1;
2026/02/09;1800 UTC;,2;1010,9;1011,2;1010,9;1173,7;26,1;23,5;26,9;25,9;23,8;22,9;86;81;85;228;1,4;,5;
2026/02/09;1900 UTC;,6;1010,9;1011;1010,9;578,7;25,2;24;26,2;25,1;24;23,2;93;85;93;135;2,5;,1;
2026/02/09;2000 UTC;7;1010,9;1011;1010,9;124,2;23,8;22,8;25,2;23,8;24,1;22,8;95;93;94;145;4,4;,6;
2026/02/09;2100 UTC;13,2;1011,5;1011,5;1010,9;35,6;22,8;22,2;23,8;22,7;22,9;22;96;94;96;216;3,9;,7;
2026/02/09;2200 UTC;16,6;1012,1;1012,1;1011,5;1,3;22,6;22,2;22,8;22,6;22,3;22,1;98;96;98;51;2,2;,2;
2026/02/09;2300 UTC;,2;1012,6;1012,6;1012,1;;22,6;22,3;22,7;22,6;22,4;22,2;98;98;98;242;1;,2;
2026/02/10;0000 UTC;,2;1013,3;1013,3;1012,6;;22,8;22,4;23,2;22,6;22,9;22,3;98;98;98;8;3,2;,7;
2026/02/10;0100 UTC;2,8;1013,6;1013,6;1013,3;;22,7;22,4;22,8;22,7;22,5;22,4;98;98;98;12;2;0;
2026/02/10;0200 UTC;3;1013,1;1013,7;1013,1;;22,6;22,4;22,7;22,6;22,4;22,3;98;98;98;268;,8;0;
2026/02/10;0300 UTC;,4;1012,5;1013,1;1012,4;;22,5;22,3;22,6;22,5;22,4;22,2;99;98;99;243;1;,3;
2026/02/10;0400 UTC;0;1012,1;1012,5;1012,1;;22,8;22,5;23,4;22,5;23,2;22,3;99;98;98;282;2,5;0;
2026/02/10;0500 UTC;,2;1011,3;1012,1;1011,3;,1;23,4;23,1;23,6;22,7;23,3;22,5;99;98;98;291;2,9;1,2;
2026/02/10;0600 UTC;0;1010,9;1011,3;1010,9;1,7;23,5;23,1;23,7;23,3;23,3;22,9;98;97;97;279;3;,7;
2026/02/10;0700 UTC;0;1011,1;1011,1;1010,8;2;23,2;22,5;24,2;23,2;23,5;22,5;97;94;96;241;3,3;0;
2026/02/10;0800 UTC;0;1011,4;1011,4;1011,1;;22,9;22,4;23,2;22,8;22,5;22,4;98;96;98;260;1;,1;
2026/02/10;0900 UTC;0;1012,2;1012,2;1011,4;3,3;22,6;22,3;22,9;22,6;22,5;22,3;98;98;98;229;1;,1;
2026/02/10;1000 UTC;,2;1012,6;1012,6;1012,2;213,7;23,5;23,1;23,5;22,6;23,1;22,3;98;98;98;257;1,3;0;
2026/02/10;1100 UTC;0;1012,9;1012,9;1012,6;488,5;24,9;24,3;24,9;23,5;24,3;23,2;98;96;97;267;1,4;,3;
2026/02/10;1200 UTC;0;1013,2;1013,2;1012,9;1256,5;26,7;23,7;26,8;24,8;24,4;23,4;97;84;84;2;2,2;,8;
2026/02/10;1300 UTC;0;1013;1013,2;1013;1535,6;26,9;23;27;26,4;24,2;22,6;85;78;79;283;2,9;,8;
2026/02/10;1400 UTC;0;1012,6;1013;1012,6;1742,8;28,3;23,7;28,7;26,8;24,2;22,3;83;72;76;238;2,8;,7;
2026/02/10;1500 UTC;0;1012,3;1012,6;1012,3;2323,1;29,4;23;29,4;28,3;24,2;22,6;76;67;69;342;2,8;,5;
2026/02/10;1600 UTC;0;1012;1012,3;1012;2321,2;30,1;22,9;30,2;29,1;24,4;22,2;72;63;66;20;3,8;,8;
2026/02/10;1700 UTC;0;1011,2;1012;1011,2;1908,4;29,5;22,4;30,7;29,2;23,5;21,6;68;60;66;35;5,9;1,4;
2026/02/10;1800 UTC;0;1010,8;1011,3;1010,8;956,8;29,3;21,7;29,5;28,5;23,9;21,7;75;64;64;12;5,6;1,5;
2026/02/10;1900 UTC;0;1010,4;1010,8;1010,3;623;27,5;21,9;29,3;27;23,3;21,1;79;63;72;325;4,5;,5;
2026/02/10;2000 UTC;0;1010,4;1010,4;1010,2;377,5;26,5;24,2;28;26,1;24,7;21,8;89;69;88;270;4,1;,2;
2026/02/10;2100 UTC;0;1010,4;1010,4;1010,3;104,3;24,7;23,3;26,5;24,7;24,3;23,3;92;88;92;240;2,2;1,1;
2026/02/10;2200 UTC;,2;1010,6;1010,7;1010,4;16,1;23,6;22,7;24,7;23,6;23,2;22,5;94;91;94;233;2,4;,5;
2026/02/10;2300 UTC;0;1010,8;1010,9;1010,6;;23,7;23,2;23,7;23,5;23,2;22,6;97;94;97;36;2,3;,2;
2026/02/11;0000 UTC;0;1011,4;1011,4;1010,8;;24,1;23,1;25,8;23,7;25,2;23;97;92;94;264;4,6;,6;
2026/02/11;0100 UTC;0;1011,8;1011,8;1011,4;;24,7;23,7;25,7;24,1;24,8;23;95;93;94;257;4,2;1,1;
2026/02/11;0200 UTC;0;1011,7;1012;1011,7;;24,2;23,6;24,7;24,2;23,7;23,4;96;94;96;211;2;,1;
2026/02/11;0300 UTC;0;1011,1;1011,7;1011,1;;24;23,5;24,2;24;23,7;23,5;97;96;97;233;1;0;
2026/02/11;0400 UTC;0;1010,4;1011,1;1010,4;;23,8;23,5;24;23,8;23,6;23,4;98;97;98;236;1;,2;
2026/02/11;0500 UTC;0;1009,9;1010,4;1009,9;;23,4;23,1;23,9;23,4;23,5;23,1;98;98;98;17;1,4;0;
2026/02/11;0600 UTC;0;1009,7;1010;1009,7;;23,4;23,1;23,6;23,3;23,3;23;98;98;98;247;1,6;,2;
2026/02/11;0700 UTC;0;1009,7;1009,7;1009,5;;23,4;23,1;23,5;23,4;23,1;23,1;98;98;98;253;1,3;,4;
2026/02/11;0800 UTC;0;1009,9;1009,9;1009,7;;23,5;23,2;23,5;23,3;23,2;23;98;98;98;264;1;,3;
2026/02/11;0900 UTC;0;1010,6;1010,6;1009,9;8,1;23,5;23,2;23,5;23,3;23,2;23;98;98;98;266;1,4;,2;
2026/02/11;1000 UTC;0;1011,4;1011,4;1010,6;124,9;24;23,7;24;23,5;23,7;23,2;98;98;98;249;1,4;,1;
2026/02/11;1100 UTC;0;1011,8;1011,8;1011,4;584,5;26,6;25,6;26,6;24;25,6;23,7;98;94;94;237;1,2;,2;
2026/02/11;1200 UTC;0;1012,1;1012,1;1011,8;916,7;27,8;24,6;28;26,6;25,9;24,3;94;80;83;11;2,1;,3;
2026/02/11;1300 UTC;0;1012;1012,1;1012;1243,5;29,9;21,7;29,9;27,7;25,3;20,8;85;58;61;355;4;,4;
2026/02/11;1400 UTC;0;1011,8;1012;1011,8;1610,3;29,8;24,6;30,7;29,1;24,9;21,5;76;60;74;166;2,8;,2;
2026/02/11;1500 UTC;0;1011,1;1011,8;1011,1;1252,6;29,4;24,7;31,2;29,3;25,5;22,1;79;59;76;108;3,6;,1;
2026/02/11;1600 UTC;0;1010,7;1011,2;1010,7;970,3;29,4;25,8;30,1;29;26,6;24,9;84;76;81;163;1,7;,1;
2026/02/11;1700 UTC;0;1010,4;1010,7;1010,4;972,4;29,8;25,6;29,8;29,1;26,3;24,9;84;78;78;222;3,5;,1;
2026/02/11;1800 UTC;0;1010,1;1010,4;1010,1;1416;31,1;26,1;31,5;29,9;26,7;25,1;79;70;75;202;1,9;,2;
2026/02/11;1900 UTC;0;1010,2;1010,3;1010,1;717,7;29,1;24,7;31,2;28,7;26,3;24,3;80;73;77;161;5,7;1;
2026/02/11;2000 UTC;0;1010,4;1010,4;1010,1;595,3;29,1;25,2;29,8;29,1;25,7;24,5;80;76;80;274;4;,6;
2026/02/11;2100 UTC;0;1010,4;1010,6;1010,4;230,2;28,1;25,8;29,3;28,1;25,9;24,8;87;77;87;125;3,1;,3;
2026/02/11;2200 UTC;0;1011,5;1011,5;1010,4;47,7;26,6;24,6;28,1;26,4;25,8;24,4;89;86;89;300;1,5;,4;
2026/02/11;2300 UTC;2;1013,1;1013,2;1011,5;;23,6;21,5;27,7;23,6;24,7;20,9;90;72;88;333;11,8;1;
2026/02/12;0000 UTC;1,2;1013,1;1013,5;1013;;23,1;22,4;23,6;22,9;22,4;21,5;96;88;96;270;3,1;,2;
2026/02/12;0100 UTC;1;1013,2;1013,2;1013;;23,3;22,8;23,3;23;22,9;22,4;97;96;97;251;1,9;,6;
2026/02/12;0200 UTC;,4;1013;1013,3;1013;;22,9;22,4;23,4;22,9;23;22,4;97;97;97;141;3,6;,3;
2026/02/12;0300 UTC;0;1012,5;1013;1012,5;;22,8;22,5;22,9;22,7;22,5;22,3;98;97;98;258;1,9;,5;
2026/02/12;0400 UTC;0;1011,9;1012,5;1011,9;;22,8;22,1;24,7;22,6;24;22;98;95;95;249;4,4;,3;
2026/02/12;0500 UTC;0;1011,2;1011,9;1011,2;;22,9;22,3;23,1;22,5;22,6;21,9;97;95;97;52;3,7;,7;
2026/02/12;0600 UTC;0;1011,2;1011,3;1011,2;;22,6;22,1;22,9;22,6;22,4;22,1;97;97;97;234;3,7;,4;
2026/02/12;0700 UTC;0;1011,5;1011,5;1011,2;;22,5;22,1;22,7;22,5;22,3;22,1;98;97;98;251;1,2;,4;
2026/02/12;0800 UTC;0;1011,9;1011,9;1011,5;;22,6;22,2;22,7;22,5;22,3;22,1;98;98;98;71;1,2;0;
2026/02/12;0900 UTC;0;1012,4;1012,4;1011,9;9,6;22,7;22,4;22,7;22,5;22,4;22,1;98;98;98;59;1,4;,1;
2026/02/12;1000 UTC;0;1013;1013;1012,4;229,2;23,9;23,1;24,8;22,6;24,3;22,3;98;95;95;232;3,4;,7;
2026/02/12;1100 UTC;0;1013,5;1013,5;1013;643,2;26,6;23,8;26,6;23,9;24,5;23;96;82;85;35;3;1,4;
2026/02/12;1200 UTC;0;1013,7;1013,7;1013,4;1591,5;29,7;23,1;29,8;26,6;24,5;22,5;86;66;68;353;3,5;,6;
2026/02/12;1300 UTC;0;1013,5;1013,7;1013,5;2004,8;31,8;24,3;31,9;29,4;25,5;22,3;78;64;64;55;2,6;,6;
2026/02/12;1400 UTC;0;1013,1;1013,5;1013;3399,5;33,1;22,1;33,3;30,9;24,4;21,7;66;51;53;30;6,9;1,8;
2026/02/12;1500 UTC;0;1012,4;1013,1;1012,4;3317,4;33,5;21,3;34,5;32,4;24,3;20,5;62;45;49;293;6,9;1,7;
2026/02/12;1600 UTC;0;1011,9;1012,4;1011,9;1813,9;31,8;24,3;34;31,8;25;20,5;66;47;65;267;6,1;,5;
2026/02/12;1700 UTC;0;1011,1;1011,9;1011,1;2196,9;33,7;23,9;33,7;31;27,2;22,5;76;54;57;148;3;1,2;
2026/02/12;1800 UTC;0;1010,4;1011,1;1010,3;3436,5;33,7;23,6;34,6;33,5;26,1;23;64;53;56;190;4,5;,9;
2026/02/12;1900 UTC;0;1010,1;1010,4;1010,1;1970;33,1;23,2;33,9;32,6;23,8;22,3;60;52;56;212;4,6;1,3;
2026/02/12;2000 UTC;0;1010,3;1010,3;1010;1458;32,6;24,1;33,2;32,4;24,1;22,9;61;55;61;224;4,9;1,7;
2026/02/12;2100 UTC;0;1010,6;1010,6;1010,2;511,4;29,1;25;32,6;29,1;25;23,8;79;60;79;242;4,6;,7;
2026/02/12;2200 UTC;0;1011,2;1011,2;1010,6;10,3;26,7;24,8;29,1;26,7;25,1;24,5;90;78;90;230;2;,8;
2026/02/12;2300 UTC;0;1012,1;1012,1;1011,2;;26,2;24,9;26,7;25,9;24,9;24,5;93;90;92;275;1,7;,3;
2026/02/13;0000 UTC;0;1012,8;1012,8;1012,1;;25,5;24,6;26,2;25,4;24,8;24,4;95;92;95;248;1,5;,5;
2026/02/13;0100 UTC;0;1013,5;1013,5;1012,8;;25,4;24,5;25,5;25,2;24,7;24,3;95;95;95;265;2,1;,4;
2026/02/13;0200 UTC;0;1013,7;1013,8;1013,5;;25;23,5;25,9;24,8;24,6;23,5;95;91;91;268;2,5;,7;
2026/02/13;0300 UTC;0;1013,5;1013,7;1013,4;;25,4;23;27,1;24,8;24,2;22,6;92;78;86;250;4,1;1,3;
2026/02/13;0400 UTC;0;1013,4;1013,5;1013,3;;24;22,7;25,4;24;23,7;22,5;93;86;92;257;3,2;,8;
2026/02/13;0500 UTC;0;1013,1;1013,4;1013,1;;23,5;22,7;24,1;23,4;22,8;22,6;95;92;95;234;1,9;,9;
2026/02/13;0600 UTC;0;1013,2;1013,3;1013;;23,1;22,4;23,5;23,1;22,7;22,4;96;95;96;263;1,8;,3;
2026/02/13;0700 UTC;0;1013,2;1013,2;1013,2;;23;22,4;23,5;22,9;22,9;22,2;97;96;96;315;2,6;,3;
2026/02/13;0800 UTC;0;1013,4;1013,4;1013,2;;23,1;22,7;23,1;22,4;22,7;21,9;98;96;97;21;2,9;1;
2026/02/13;0900 UTC;0;1014;1014;1013,4;7,1;22,5;21,5;24,9;22,5;24,1;21,1;97;87;94;260;3,7;,4;
2026/02/13;1000 UTC;0;1014,4;1014,4;1014;267,5;25,8;23,2;25,8;22,4;24,3;21,5;97;86;86;28;3,7;2;
2026/02/13;1100 UTC;0;1014,6;1014,7;1014,4;1290,6;28,8;23;28,8;25,8;23,4;22,5;86;70;71;29;3,8;1,3;
2026/02/13;1200 UTC;0;1014,7;1014,8;1014,6;2152,2;31;22,6;31;28,7;23,4;21,4;72;60;61;12;3,9;1;
2026/02/13;1300 UTC;0;1014,5;1014,7;1014,5;2870,7;32,5;21,6;32,5;30,5;23,1;21,5;62;53;53;23;3,7;1,2;
2026/02/13;1400 UTC;0;1013,7;1014,5;1013,7;3415,8;33,6;20,2;33,8;32,3;22,2;19,6;55;43;45;10;6,3;2,1;
2026/02/13;1500 UTC;0;1012,8;1013,7;1012,8;3693,1;34,3;20,8;34,8;33,6;21,8;18,6;50;40;46;87;5,4;1,3;
2026/02/13;1600 UTC;0;1012;1012,8;1012;3556,5;35,3;19,9;35,3;34,2;22,4;18,6;49;38;41;31;5,3;2;
2026/02/13;1700 UTC;0;1011;1012;1011;3471,2;36,1;21,4;36,1;35,1;21,4;18,8;44;38;43;55;5,4;,8;
2026/02/13;1800 UTC;0;1010,2;1011;1010,2;2905,7;35,5;22,1;36,2;35,4;23,6;18,7;51;37;46;142;4,4;,7;
2026/02/13;1900 UTC;0;1009,6;1010,2;1009,6;2151,8;35;23,1;36,3;34,5;24,2;19,6;54;38;50;154;3,8;,8;
2026/02/13;2000 UTC;0;1009,5;1009,6;1009,3;1425,7;33,4;23,7;35,1;33,4;25,1;21,6;58;48;57;204;3,8;1,1;
2026/02/13;2100 UTC;0;1009,8;1009,8;1009,5;518,7;29,7;23,8;33,5;29,7;24,5;22,9;71;55;71;248;4,2;,5;
2026/02/13;2200 UTC;0;1010;1010;1009,8;22,7;27;24,2;29,6;27;24,2;23,6;85;71;85;250;2;,2;
2026/02/13;2300 UTC;0;1010,7;1010,7;1010;;25,8;23,8;27,1;25,8;24,3;23,8;89;84;89;256;1,6;,3;
2026/02/14;0000 UTC;0;1011,5;1011,5;1010,7;;25;23,6;26;25;24,1;23,5;92;88;92;262;1,8;0;
2026/02/14;0100 UTC;0;1012,1;1012,1;1011,5;;24,7;23,8;25,1;24,7;24;23,5;95;92;95;244;1,1;,1;
2026/02/14;0200 UTC;0;1012,4;1012,4;1012,1;;24,7;24;24,9;24,6;24,1;23,7;96;95;96;244;1,2;,3;
2026/02/14;0300 UTC;0;1012,1;1012,4;1012,1;;24,3;23,6;24,9;24,3;24,1;23,6;96;95;96;257;1,1;,3;
2026/02/14;0400 UTC;0;1011,8;1012,2;1011,8;;23,8;23,3;24,3;23,8;23,7;23,3;97;96;97;255;1,1;0;
2026/02/14;0500 UTC;0;1011,3;1011,8;1011,3;;23,5;23;23,9;23,5;23,4;23;97;97;97;252;1,3;,1;
2026/02/14;0600 UTC;0;1011,2;1011,3;1011,1;;23,1;22,7;23,5;23,1;23,1;22,6;98;97;98;260;1,3;,2;
2026/02/14;0700 UTC;0;1011,5;1011,6;1011,2;;22,8;22,4;23,1;22,8;22,7;22,4;98;98;98;254;1;0;
2026/02/14;0800 UTC;0;1012;1012;1011,5;;22,4;22,1;22,8;22,4;22,4;22,1;98;98;98;266;,9;,2;
2026/02/14;0900 UTC;0;1012,9;1012,9;1012;13,5;22,3;22;22,4;22,2;22,1;21,9;98;98;98;275;,9;,1;
2026/02/14;1000 UTC;0;1013,8;1013,8;1012,9;296,9;23,9;23,7;23,9;22,2;23,7;22;98;98;98;217;1,2;0;
2026/02/14;1100 UTC;0;1014,2;1014,2;1013,8;1157,5;28,7;24,9;28,7;23,9;25,6;23,7;98;78;80;195;,8;,1;
2026/02/14;1200 UTC;0;1014,1;1014,3;1014,1;2037,4;31,1;23,5;31,4;28,7;24,6;21,9;80;63;64;52;2,2;,4;
2026/02/14;1300 UTC;0;1014,1;1014,2;1014;2857,1;32;24;32,4;30,5;25,2;23,2;70;61;63;52;3,8;1,6;
2026/02/14;1400 UTC;0;1013,6;1014,1;1013,6;1984,9;30,6;24;32,6;30,3;25,3;23;71;59;68;251;4;1;
2026/02/14;1500 UTC;0;1013;1013,6;1013;2068,9;31,9;24,3;31,9;30,1;25,3;23,6;72;63;64;254;6,9;3;
2026/02/14;1600 UTC;0;1012,5;1013;1012,5;3463,8;32,3;23,2;32,6;31,3;24,9;23;66;59;59;189;8;2,1;
2026/02/14;1700 UTC;0;1011,9;1012,5;1011,9;3536,1;31,9;22,6;32,4;31,5;24,3;22,3;63;57;58;203;6,8;2;
2026/02/14;1800 UTC;0;1011,5;1011,9;1011,4;2986,9;31,4;23;32,1;31,2;23,7;22,2;64;56;61;219;6,4;2,3;
2026/02/14;1900 UTC;0;1011,3;1011,5;1011,3;2286,5;30,9;23,3;31,9;30,7;24;22,7;65;59;64;233;6,4;1,7;
2026/02/14;2000 UTC;0;1011,4;1011,4;1011,2;1483,9;29,2;24,1;30,9;29,2;24,3;23,1;75;64;74;197;6,6;1,6;
2026/02/14;2100 UTC;0;1012,1;1012,1;1011,4;560,3;27,4;24,1;29,2;27,4;24,7;24;82;74;82;321;4,6;1;
2026/02/14;2200 UTC;0;1012,4;1012,4;1012,1;26,7;26,5;23,8;27,4;26,5;24,1;23,7;85;82;85;148;3,4;,7;
2026/02/14;2300 UTC;0;1013;1013;1012,4;;25,4;23,6;26,5;25,3;24;23,5;90;85;90;223;2,5;,2;
2026/02/15;0000 UTC;0;1013,7;1013,7;1013;;24,3;22,6;25,4;24,3;23,6;22,6;91;90;91;242;1,8;,2;
2026/02/15;0100 UTC;0;1013,7;1013,7;1013,5;;23,7;22,4;24,3;23,7;22,7;22,2;93;89;93;236;1,6;,1;
2026/02/15;0200 UTC;0;1013,6;1013,9;1013,6;;23,5;22,5;23,8;23,3;22,7;22,3;94;93;94;249;1,4;,5;
2026/02/15;0300 UTC;0;1013,3;1013,6;1013,3;;22,7;22;23,5;22,7;22,5;22;96;93;96;263;2;,1;
2026/02/15;0400 UTC;0;1013;1013,3;1013;;22,9;22,3;23;22,7;22,4;22;97;96;96;166;1,4;0;
2026/02/15;0500 UTC;0;1012,7;1013;1012,7;;22,8;22,2;23;22,8;22,4;22,2;97;96;97;249;1,8;,1;
2026/02/15;0600 UTC;0;1012,8;1012,8;1012,7;;22,9;22,5;22,9;22,7;22,5;22,2;97;97;97;254;1,2;,1;
2026/02/15;0700 UTC;0;1012,7;1012,8;1012,7;;22,5;22,1;22,9;22,5;22,5;22,1;98;97;98;248;1;,3;
2026/02/15;0800 UTC;0;1013;1013;1012,7;;22,3;22;22,5;22,3;22,1;22;98;98;98;262;,9;,1;
2026/02/15;0900 UTC;0;1013,5;1013,5;1012,9;10,4;22,3;22;22,4;22,2;22,1;21,9;98;98;98;269;1,1;0;
2026/02/15;1000 UTC;0;1014,1;1014,1;1013,5;345,4;24,8;24,5;24,8;22,3;24,5;22;98;98;98;120;,7;0;
2026/02/15;1100 UTC;0;1014,3;1014,3;1014,1;997,9;28,1;23,6;28,1;24,5;26,1;23,6;98;77;77;73;1;,3;
2026/02/15;1200 UTC;0;1014,2;1014,3;1014,2;2054,3;29,5;23,6;29,5;28,1;24;22,3;78;67;71;118;2,1;,9;
2026/02/15;1300 UTC;0;1014,2;1014,4;1014,2;1618,8;30,8;24,6;30,8;28,3;24,6;22,1;77;66;70;98;2,5;,2;
2026/02/15;1400 UTC;0;1013,8;1014,2;1013,8;3750,3;30,1;24,3;31,6;29,6;25,4;22,3;74;60;71;94;5,3;1,7;
2026/02/15;1500 UTC;0;1013,2;1013,8;1013,2;3579,8;30,4;24,4;30,8;30;25;23,8;73;68;70;241;5,1;1,7;
2026/02/15;1600 UTC;0;1012,8;1013,3;1012,8;3658,3;30,5;24,2;30,7;29,9;24,9;23,6;73;67;69;249;6;1,5;
2026/02/15;1700 UTC;0;1012,3;1012,8;1012,3;3390,2;29,9;23,2;30,7;29,5;24,6;23,2;72;66;67;251;5,9;2,7;
2026/02/15;1800 UTC;0;1012;1012,3;1011,9;2926,1;29,1;23,2;30;29,1;24,1;23;72;68;70;258;7,8;3,2;
2026/02/15;1900 UTC;0;1011,8;1012,1;1011,8;2246,6;28,8;23,3;29,5;28,7;24,1;23,1;74;70;72;235;7,6;3,1;
2026/02/15;2000 UTC;0;1011,8;1011,9;1011,7;1393,4;28,4;22,9;29,2;28,4;23,8;22,8;73;71;72;199;8,1;2,9;
2026/02/15;2100 UTC;0;1012,3;1012,3;1011,8;510,8;27,7;21,9;28,6;27,6;23,1;21,9;72;70;71;203;8,1;2;
2026/02/15;2200 UTC;0;1013;1013;1012,3;35,8;27,3;22,7;27,7;27,3;22,7;21,6;76;69;76;245;6,7;2;
2026/02/15;2300 UTC;0;1013,2;1013,2;1013;;27;23,7;27,4;27;23,7;22,7;82;76;82;256;5,8;2,3;
2026/02/16;0000 UTC;0;1013,7;1013,7;1013,3;;26,8;23,7;27,1;26,8;23,9;23,7;83;82;83;252;5,2;1,6;
2026/02/16;0100 UTC;0;1013,8;1013,8;1013,7;;25,8;23,4;27;25,8;23,9;23,4;87;83;87;265;3,9;,2;
2026/02/16;0200 UTC;0;1013,9;1013,9;1013,8;;24,4;23,3;25,8;24,4;23,6;23,3;94;87;94;210;1,4;,1;
2026/02/16;0300 UTC;0;1013,5;1013,9;1013,5;;24;23,2;24,4;24;23,5;23,2;96;94;96;250;1,1;,1;
2026/02/16;0400 UTC;0;1013;1013,5;1013;;23,5;22,9;24;23,5;23,2;22,9;97;96;97;241;,9;,2;
2026/02/16;0500 UTC;0;1012,5;1013;1012,5;;23,2;22,7;23,5;23,1;23;22,7;97;97;97;257;,9;,1;
2026/02/16;0600 UTC;0;1012,6;1012,6;1012,4;;22,9;22,5;23,2;22,9;22,7;22,5;98;97;98;260;,8;,1;
2026/02/16;0700 UTC;0;1012,6;1012,7;1012,6;;22,9;22,6;23;22,8;22,6;22,5;98;98;98;261;,9;,3;
2026/02/16;0800 UTC;0;1012,6;1012,7;1012,5;;22,7;22,4;23;22,7;22,6;22,4;98;98;98;261;1;,1;
2026/02/16;0900 UTC;0;1012,8;1012,8;1012,5;8,2;22,6;22,3;22,7;22,5;22,4;22,3;98;98;98;238;1;0;
2026/02/16;1000 UTC;0;1013,5;1013,5;1012,8;245,4;24,2;24;24,2;22,6;24;22,3;98;98;98;236;1;0;
2026/02/16;1100 UTC;0;1013,8;1013,9;1013,4;1207,2;28,5;23,7;28,5;24,2;26,4;23,4;98;74;76;21;2,8;1,3;
2026/02/16;1200 UTC;0;1013,9;1014;1013,8;2090,6;30,6;22,6;30,6;28,5;24;22,1;75;62;63;344;3,6;,9;
2026/02/16;1300 UTC;0;1013,8;1014;1013,8;2810,5;31,8;23,1;31,8;30,1;23,4;21,8;65;57;60;78;4;1,3;
2026/02/16;1400 UTC;0;1013,2;1013,8;1013,2;3338,2;33,3;21,9;33,3;31,7;23,7;20,4;62;47;52;68;4;,9;
2026/02/16;1500 UTC;0;1012,8;1013,3;1012,8;3607,5;32,2;24,1;33,3;32,2;25;19,9;66;46;62;130;4,2;1,6;
2026/02/16;1600 UTC;0;1011,8;1012,8;1011,8;3673,6;32,4;23,5;33,1;32,1;24,9;22,8;64;56;60;132;4,5;1,8;
2026/02/16;1700 UTC;0;1011,1;1011,9;1011,1;3429,4;32,6;23,6;33,2;32;24,5;22,6;63;56;59;202;5,4;1,8;
2026/02/16;1800 UTC;0;1010,7;1011,2;1010,7;2943,1;32,2;22,2;32,7;31,9;23,6;22,2;60;56;56;228;6,1;2;
2026/02/16;1900 UTC;0;1010,6;1010,7;1010,5;2239,3;31,8;22,7;32,3;31,6;23,2;22,1;60;55;59;210;6,1;1,6;
2026/02/16;2000 UTC;0;1010,3;1010,6;1010,3;1417;31,1;22,5;31,8;31,1;22,8;21,7;61;56;60;240;5,3;1,9;
2026/02/16;2100 UTC;0;1010,6;1010,6;1010,3;487,8;29,1;23,1;31,2;29,1;23,1;22,2;70;60;70;279;4,9;1,2;
2026/02/16;2200 UTC;0;1011,1;1011,1;1010,6;19,3;27,3;22,7;29,1;26,8;23,7;22,7;83;70;76;262;3,1;1,5;
2026/02/16;2300 UTC;0;1011,8;1011,8;1011,1;;25,2;22,8;27,3;25,2;23,2;22,5;87;76;87;248;2,3;,5;
2026/02/17;0000 UTC;0;1012,6;1012,6;1011,8;;24,9;23,3;25,2;24,7;23,4;22,8;91;87;91;267;2,2;,2;
2026/02/17;0100 UTC;0;1012,7;1012,7;1012,5;;24,6;23,4;25;24,5;23,4;23,1;93;90;93;249;1,2;,2;
2026/02/17;0200 UTC;0;1012,8;1012,8;1012,7;;24,4;23,5;24,6;24,3;23,6;23,3;95;93;95;262;1;,1;
2026/02/17;0300 UTC;0;1012,3;1012,8;1012,3;;24;23,2;24,5;24;23,6;23,2;96;95;96;186;1,3;0;
2026/02/17;0400 UTC;0;1011,5;1012,3;1011,5;;23,9;23,3;24,3;23,9;23,6;23,2;96;96;96;277;1,3;,2;
2026/02/17;0500 UTC;0;1011,1;1011,5;1011;;23,9;23,3;24;23,8;23,4;23,2;97;96;97;258;1,3;,7;
2026/02/17;0600 UTC;0;1010,7;1011,1;1010,7;;23,6;23,1;23,9;23,4;23,3;22,9;97;97;97;242;1,3;,3;
2026/02/17;0700 UTC;0;1010,5;1010,7;1010,5;;23,2;22,8;23,6;23,2;23,1;22,8;98;97;98;229;1,2;,2;
2026/02/17;0800 UTC;0;1010,6;1010,6;1010,3;;26,3;25;26,4;23,1;25,8;22,7;98;92;92;320;4,2;1,3;
2026/02/17;0900 UTC;0;1011,1;1011,1;1010,6;6,5;24;23;26,3;24;24,7;22,9;95;91;94;240;4,1;0;
2026/02/17;1000 UTC;0;1011,5;1011,5;1011;219,8;24,9;24,3;24,9;23,6;24,3;22,8;96;94;96;265;1,8;0;
2026/02/17;1100 UTC;0;1011,6;1011,7;1011,4;1234,5;29,6;22,5;29,6;24,9;25,4;22,2;96;65;66;25;4,3;1,4;
2026/02/17;1200 UTC;0;1011,8;1011,9;1011,7;2101,4;31,1;21,6;31,2;29,6;23;21,3;67;57;57;21;5,2;1,9;
2026/02/17;1300 UTC;0;1011,4;1011,8;1011,4;2867,8;32,8;21,7;33;31,1;22,4;21;59;50;52;46;5,9;1,5;
2026/02/17;1400 UTC;0;1010,8;1011,4;1010,8;3246,8;33,7;20,7;33,9;32,6;21,9;19,8;53;44;47;2;5,5;1,8;
2026/02/17;1500 UTC;0;1010,1;1010,8;1010,1;3630,1;35,2;20,7;35,2;33,8;21,9;19,4;48;41;43;30;6,6;1,8;
2026/02/17;1600 UTC;0;1009,5;1010,1;1009,5;3207,9;33,3;23,7;35,2;33,2;25,2;19,3;63;39;57;160;6,6;2;
2026/02/17;1700 UTC;0;1008,6;1009,5;1008,6;3437,5;33,5;23,8;34,5;33;26,1;23,3;64;54;57;114;6,3;1,5;
2026/02/17;1800 UTC;0;1008;1008,6;1007,9;3063,8;33,3;23,6;34;33;24,8;23,4;61;55;57;16;5;1,5;
2026/02/17;1900 UTC;0;1007,5;1008;1007,4;2241,2;32,8;23,2;33,6;32,5;24,1;22,6;59;55;57;211;5,9;1,8;
2026/02/17;2000 UTC;0;1007,5;1007,6;1007,4;1069;31,6;22,9;32,9;31,4;23,2;22,6;61;56;60;177;6,2;2,5;
2026/02/17;2100 UTC;0;1007,4;1007,5;1007,3;593,2;31,2;21,9;31,9;30,5;23,4;21,8;66;57;58;193;6,4;1,5;
2026/02/17;2200 UTC;0;1007,8;1007,8;1007,4;42,1;28,9;23;31,3;28,9;23;21,6;71;57;71;281;4,4;,5;
2026/02/17;2300 UTC;0;1008,4;1008,4;1007,8;;26;22,4;28,9;26;23,5;22;81;71;81;241;2,5;,2;
2026/02/18;0000 UTC;0;1009,1;1009,1;1008,4;;24,7;22,4;26;24,7;22,8;22,3;87;81;87;242;1,6;,4;
2026/02/18;0100 UTC;0;1009,3;1009,3;1009,1;;24,1;22,3;24,8;24,1;22,5;22,2;90;87;90;203;1,8;0;
2026/02/18;0200 UTC;0;1009,2;1009,4;1009,2;;23,9;22,3;24,5;23,9;22,8;22,3;91;90;91;254;1;0;
2026/02/18;0300 UTC;0;1008,8;1009,2;1008,8;;23,4;21,8;24;23,4;22,4;21,8;92;90;91;249;1,4;,2;
2026/02/18;0400 UTC;0;1008,5;1008,8;1008,5;;22,5;21,3;23,4;22,5;21,8;21,2;93;91;92;242;1,2;,2;
2026/02/18;0500 UTC;0;1008;1008,5;1008;;22,5;21,5;22,7;22,3;21,6;21,2;95;92;94;255;1;,1;
2026/02/18;0600 UTC;0;1007,5;1008;1007,5;;22,5;21,6;22,8;22,4;21,8;21,5;95;94;94;237;1,1;,1;
2026/02/18;0700 UTC;0;1007,5;1007,5;1007,5;;22,3;21,7;22,6;22,2;21,8;21,5;96;94;96;249;,9;0;
2026/02/18;0800 UTC;0;1007,6;1007,7;1007,5;;22,4;21,8;22,6;22,3;22;21,7;97;96;97;257;,8;,1;
2026/02/18;0900 UTC;0;1007,8;1007,8;1007,4;6,5;22,2;21,7;22,5;22,2;21,9;21,6;97;97;97;73;,9;0;
2026/02/18;1000 UTC;0;1008,2;1008,4;1007,8;248,8;24;23,5;24;22,1;23,5;21,6;97;97;97;234;1,5;,1;
2026/02/18;1100 UTC;0;1008,6;1008,6;1008,2;1200,9;29,9;24,1;29,9;24;25,6;23,4;97;71;71;33;1,1;,1;
2026/02/18;1200 UTC;0;1008,8;1008,9;1008,5;2041,6;31,5;22,1;31,5;29,8;24,4;22,1;73;58;58;121;2,8;,6;
2026/02/18;1300 UTC;0;1008,4;1008,9;1008,4;2760;33,5;23,6;33,6;31,5;24,6;21,8;62;55;56;164;2,8;,7;
2026/02/18;1400 UTC;0;1008,3;1008,5;1008,2;3302,4;34,6;22,5;34,6;33,4;23,2;21;56;46;50;21;4,4;1,3;
2026/02/18;1500 UTC;0;1007,9;1008,3;1007,9;3586,6;33,1;24,3;34,9;32,9;24,5;21;60;46;60;100;6,5;2,6;
2026/02/18;1600 UTC;0;1007,3;1007,9;1007,3;3635,2;32,7;24,5;33,4;32,4;24,7;22,2;63;54;62;52;6,8;1,4;
2026/02/18;1700 UTC;0;1006,9;1007,3;1006,8;3411,3;31,8;22,7;32,8;31,8;24,7;22,3;63;56;58;100;7,3;2,1;
2026/02/18;1800 UTC;0;1006,5;1007;1006,5;2837,3;30,5;24,4;32,3;30,5;24,7;22,4;70;58;70;74;8,3;2,2;
2026/02/18;1900 UTC;0;1006,9;1007;1006,5;1228,4;30,3;24,6;30,9;29,9;25,6;24,2;75;69;72;237;6,5;2,2;
2026/02/18;2000 UTC;0;1006,8;1006,9;1006,5;994,2;29,2;25;31,2;29;25,6;24,7;80;70;78;97;6,5;1;
2026/02/18;2100 UTC;0;1007,8;1007,8;1006,8;177,8;26,9;22,5;29,3;26,9;25,2;22,4;81;75;77;321;4,8;2;
2026/02/18;2200 UTC;0;1008;1008,2;1007,8;4,6;27,1;21,8;27,1;26,7;22,5;21,7;77;72;73;298;5,5;1;
2026/02/18;2300 UTC;0;1007,4;1008;1007,3;;24,9;22,6;27,1;24,9;22,7;21,7;87;73;87;226;4,5;,5;
2026/02/19;0000 UTC;0;1007,7;1007,7;1007,3;;24,4;22,4;24,9;24,4;22,7;22,3;89;87;89;266;3,6;1,1;
2026/02/19;0100 UTC;0;1008,2;1008,2;1007,7;;23,9;22,1;24,6;23,9;22,6;22,1;90;89;90;112;3,2;,2;
2026/02/19;0200 UTC;0;1008,5;1008,5;1008,1;;23,4;22,3;23,9;23,4;22,6;22;93;90;93;22;2,4;0;
2026/02/19;0300 UTC;0;1008,2;1008,6;1008,2;;23;22,3;23,5;23;22,5;22,3;96;93;96;278;1,2;0;
2026/02/19;0400 UTC;0;1007,4;1008,2;1007,4;;22,8;22,2;23,1;22,8;22,4;22,2;97;96;97;40;1,3;0;
2026/02/19;0500 UTC;0;1006,6;1007,4;1006,6;;22,5;22;22,8;22,5;22,2;22;97;96;97;320;1;0;
2026/02/19;0600 UTC;0;1006,3;1006,6;1006,2;;22,2;21,7;22,5;22,1;22;21,7;97;97;97;219;,9;0;
2026/02/19;0700 UTC;0;1006,1;1006,4;1006,1;;21,9;21,5;22,2;21,9;21,8;21,5;98;97;98;247;,8;0;
2026/02/19;0800 UTC;0;1006,2;1006,2;1006;;21,8;21,5;21,9;21,7;21,6;21,4;98;98;98;218;,8;,1;
2026/02/19;0900 UTC;0;1006,5;1006,6;1006,2;9,7;22;21,7;22;21,7;21,7;21,4;98;98;98;288;,7;0;
2026/02/19;1000 UTC;0;1007,2;1007,2;1006,5;255,2;23,7;23,5;23,7;21,9;23,5;21,6;98;98;98;208;,4;0;
2026/02/19;1100 UTC;0;1007,9;1007,9;1007,2;922,3;26,8;24,6;27,7;23,7;26,6;23,4;98;84;88;112;1;0;
2026/02/19;1200 UTC;0;1008,4;1008,4;1007,9;1892,2;30,2;23;30,3;26,9;24,7;22,2;88;65;65;28;1,9;,4;
2026/02/19;1300 UTC;0;1008,3;1008,4;1008,2;2346,5;31;22,5;31,5;29,1;24;22,3;72;59;61;63;2,3;,3;
2026/02/19;1400 UTC;0;1008;1008,3;1008;3284,7;31,2;22,5;31,9;30,7;24,1;21,3;67;54;60;134;3,6;1;
2026/02/19;1500 UTC;0;1007,6;1008;1007,6;3690,3;31,7;23,7;33,1;31;24,4;21;66;53;63;278;5,6;1,1;
2026/02/19;1600 UTC;0;1006,8;1007,6;1006,8;3470,2;31,3;24,1;31,7;30,8;25;23,3;68;62;66;336;5,4;1,6;
2026/02/19;1700 UTC;0;1006,8;1006,9;1006,7;1667,7;30,2;24,5;31,5;29,7;24,6;23,1;73;64;72;279;6,1;1,4;
2026/02/19;1800 UTC;0;1006,4;1006,8;1006,3;2835,3;30,7;25;31;29,8;25;23,7;72;67;72;104;6,7;1,4;
2026/02/19;1900 UTC;0;1006,3;1006,5;1006,2;2169,7;30,1;23,7;30,9;29,8;24,8;23,2;72;66;69;255;6,6;2,2;
2026/02/19;2000 UTC;0;1006,6;1006,6;1006,2;1423,8;29,5;23,7;30,3;29,3;24,1;23,1;72;68;71;5;5,7;,8;
2026/02/19;2100 UTC;0;1006,8;1006,8;1006,6;421,2;28,4;23,7;29,5;28,4;24;23,6;77;71;75;235;5,3;1;
2026/02/19;2200 UTC;0;1007,5;1007,7;1006,8;24,8;27,7;23,9;28,4;27,6;24;23,6;80;75;80;226;3,1;1;
2026/02/19;2300 UTC;0;1008,4;1008,5;1007,5;;26,3;23,8;27,9;26,3;24,3;23,5;86;80;86;217;4,1;,1;
2026/02/20;0000 UTC;8;1009,8;1009,8;1008,4;;24,2;22,7;26,3;24,2;24,6;22,7;94;86;92;7;6;,7;
2026/02/20;0100 UTC;2,8;1009,8;1009,8;1009,4;;24;23,4;24,2;23,8;23,4;22,6;97;92;97;287;3,1;,3;
2026/02/20;0200 UTC;0;1009,8;1009,9;1009,6;;24;23,6;24,1;23,9;23,6;23,3;97;97;97;87;1,5;,1;
2026/02/20;0300 UTC;,4;1009,4;1010;1009,4;;23,9;23,5;24,1;23,8;23,7;23,5;98;97;98;278;1,2;,3;
2026/02/20;0400 UTC;,2;1009,3;1009,4;1009;;23,8;23,5;24;23,7;23,6;23,4;98;98;98;249;1,3;,3;
2026/02/20;0500 UTC;0;1008,5;1009,3;1008,5;;23,7;23,4;23,8;23,7;23,5;23,4;98;98;98;242;1,5;0;
2026/02/20;0600 UTC;0;1008,2;1008,7;1008,2;;23,7;23,4;23,7;23,6;23,5;23,3;98;98;98;260;1,7;,6;
2026/02/20;0700 UTC;0;1008;1008,2;1008;;23,7;23,4;23,8;23,6;23,5;23,3;98;98;98;266;1,7;,1;
2026/02/20;0800 UTC;0;1007,9;1008;1007,8;;23,4;23,1;23,7;23,4;23,4;23,1;98;98;98;250;1,2;,4;
2026/02/20;0900 UTC;0;1008,4;1008,4;1007,9;8,9;23,2;22,9;23,4;23,2;23,2;22,9;99;98;98;205;1,3;,1;
2026/02/20;1000 UTC;0;1008,4;1008,6;1008,4;247,6;24,5;24,2;24,5;23,2;24,3;22,9;99;98;99;35;1,4;,2;
2026/02/20;1100 UTC;0;1008,6;1008,6;1008,3;1181,8;27,8;24,8;27,9;24,4;26,5;24,2;99;84;84;104;1,2;,1;
2026/02/20;1200 UTC;0;1008,5;1008,7;1008,5;2046;29,5;23,7;29,5;27,7;24,9;22,9;84;69;71;87;1,8;,4;
2026/02/20;1300 UTC;0;1008,1;1008,5;1008,1;2490,9;30,5;23,9;30,5;28,7;25;22,4;76;67;68;269;2,1;,6;
2026/02/20;1400 UTC;0;1007,9;1008,1;1007,9;2717,2;29,9;24,2;31,6;28,9;25,1;22,7;75;63;72;194;6,2;2;
2026/02/20;1500 UTC;0;1007,2;1008;1007,2;3503,9;29,2;23,5;30,2;29,2;24,9;23,5;75;70;72;276;7;2,7;
2026/02/20;1600 UTC;0;1006,7;1007,2;1006,7;3582,7;30,1;24,5;30,6;28,9;25;23,2;75;68;72;247;6,7;2,5;
2026/02/20;1700 UTC;0;1005,9;1006,7;1005,9;2887,7;30,1;24,2;30,4;29,3;24,6;23;73;67;71;279;6,7;1,4;
2026/02/20;1800 UTC;0;1005,9;1006;1005,7;1394,3;28,4;24;30,1;28,4;24,6;23,6;78;70;77;176;5,2;1;
2026/02/20;1900 UTC;0;1006,1;1006,1;1005,6;708;28;23,9;28,5;27,9;24,5;23,7;81;77;78;110;4;1,1;
2026/02/20;2000 UTC;0;1006,1;1006,1;1005,8;437,2;27,8;23,9;28,2;27,8;24,3;23,7;80;78;80;274;4,6;,6;
2026/02/20;2100 UTC;0;1006,6;1006,6;1006;229,2;27,6;24;27,8;27,6;24,2;23,7;81;79;81;237;3,6;1,3;
2026/02/20;2200 UTC;0;1006,9;1006,9;1006,6;12,5;27,2;24,1;27,6;27,1;24,1;23,9;83;81;83;250;4,5;,4;
2026/02/20;2300 UTC;0;1007,5;1007,5;1006,8;;26;24,5;27,2;26;24,5;24,1;91;83;91;121;2,2;0;
2026/02/21;0000 UTC;,2;1008,6;1008,6;1007,5;;25,7;24,9;26;25,4;24,9;24,4;95;91;95;251;2,4;,7;
2026/02/21;0100 UTC;0;1009;1009,2;1008,6;;25,3;24,7;25,7;25,3;24,8;24,6;96;95;96;244;2,1;0;
2026/02/21;0200 UTC;0;1009,3;1009,4;1009;;25,7;24,8;26,1;25,2;25,5;24,6;97;95;95;7;2,3;,2;
2026/02/21;0300 UTC;0;1008,6;1009,3;1008,6;;25,3;24,4;26,1;25,3;25,1;24,4;95;93;95;246;2,3;0;
2026/02/21;0400 UTC;0;1007,8;1008,6;1007,8;;24,8;24,3;25,3;24,7;24,5;24,1;97;95;97;227;1,8;,5;
2026/02/21;0500 UTC;0;1007,7;1008,1;1007,7;;24,7;24;24,9;24,6;24,3;23,9;97;96;96;260;1,8;,5;
2026/02/21;0600 UTC;0;1007,3;1007,7;1007,3;;24,5;24;24,8;24,4;24,1;23,9;97;96;97;237;1,4;,3;
2026/02/21;0700 UTC;0;1007,4;1007,5;1007,3;;24,3;23,9;24,5;24,3;24,1;23,9;97;97;97;257;1,1;,2;
2026/02/21;0800 UTC;0;1007,4;1007,6;1007,3;;24,3;23,9;24,4;24,2;24;23,8;98;97;98;318;1,7;0;
2026/02/21;0900 UTC;0;1007,6;1007,7;1007,4;4,2;24,5;24,1;24,7;24,3;24,4;23,9;98;98;98;302;2,1;0;
2026/02/21;1000 UTC;0;1008,8;1008,8;1007,6;224,9;25,6;25,2;25,6;24,4;25,2;24;98;97;97;218;1,2;0;
2026/02/21;1100 UTC;0;1008,9;1008,9;1008,7;441;26,7;25,5;26,7;25,6;25,6;25,1;97;93;93;231;1;0;
2026/02/21;1200 UTC;0;1009,2;1009,2;1008,9;804,9;28,3;24,9;28,3;26,7;25,5;24,4;93;82;82;191;1,2;,1;
2026/02/21;1300 UTC;0;1009,6;1009,6;1009,2;1760,8;29,6;24,5;30,1;28,3;25,2;24;83;71;74;122;1,3;,2;
2026/02/21;1400 UTC;,2;1009,1;1009,6;1009,1;3158,5;30,8;24,6;31,9;29,6;25,3;21,2;77;56;69;209;4,9;1,2;
2026/02/21;1500 UTC;0;1008,9;1009,2;1008,9;2712,9;29,5;24,6;31,2;29,5;25,5;23,8;75;66;75;252;5,6;2;
2026/02/21;1600 UTC;0;1008,5;1009;1008,5;1909,3;29;23,8;29,6;28,2;25,4;23,7;79;72;74;245;7,1;3,1;
2026/02/21;1700 UTC;,4;1008,3;1008,6;1008,3;1076,4;27,3;24,6;29,2;26,9;24,6;23,4;86;74;85;239;6,6;1,4;
2026/02/21;1800 UTC;0;1007,7;1008,3;1007,6;1182,1;27,3;24,5;28,8;27,3;25,7;24,1;86;79;85;147;4,3;1,2;
2026/02/21;1900 UTC;0;1008,1;1008,2;1007,5;887,9;27,8;23,8;28,6;27;25;23,8;86;78;79;142;4,8;1,3;
2026/02/21;2000 UTC;0;1008,2;1008,2;1007,9;257,7;27,5;23,9;27,7;27,3;24,1;23,7;82;79;81;31;4,3;,8;
2026/02/21;2100 UTC;0;1009,6;1009,6;1008,1;94,3;27;23;27,5;27;24,2;23;83;79;79;73;11,1;1,9;
2026/02/21;2200 UTC;49,4;1009,4;1010,6;1009,4;5,5;21,3;21;26,9;21;21,5;19,9;98;77;98;234;13,2;1,1;
2026/02/21;2300 UTC;1,4;1010;1010,2;1009,2;;21,6;21,3;21,7;21,3;21,4;21;98;98;98;250;3,5;,3;
2026/02/22;0000 UTC;,4;1011;1011;1010;;21,8;21,5;21,9;21,6;21,6;21,3;98;98;98;317;1,6;0;
2026/02/22;0100 UTC;0;1011,3;1011,6;1011;;22,2;21,9;22,4;21,7;22,1;21,5;99;98;98;237;2,3;1,1;
2026/02/22;0200 UTC;0;1010,6;1011,3;1010,6;;22,4;22,1;22,7;22,1;22,4;21,8;99;98;98;111;2,6;,3;
2026/02/22;0300 UTC;0;1010,3;1010,9;1010,3;;22,4;22,1;22,5;22,3;22,2;22;99;98;99;33;1,3;,1;
2026/02/22;0400 UTC;0;1010,1;1010,4;1010,1;;22,3;22,1;22,5;22,2;22,2;22;99;99;99;273;2;0;
2026/02/22;0500 UTC;0;1009,9;1010,2;1009,9;;22,3;22,1;22,3;22,1;22,1;21,9;99;99;99;304;1,1;0;
2026/02/22;0600 UTC;0;1009,6;1010;1009,6;;22,4;22,2;22,5;22,2;22,3;22;99;99;99;230;1;0;
2026/02/22;0700 UTC;0;1009,2;1009,6;1009,2;;22,5;22,3;22,5;22,4;22,4;22,2;99;99;99;101;1,1;0;
2026/02/22;0800 UTC;0;1009,5;1009,5;1009,2;;22,5;22,3;22,5;22,4;22,3;22,2;99;99;99;248;1,9;,3;
2026/02/22;0900 UTC;0;1009,6;1009,6;1009,5;11,9;22,4;22,2;22,5;22,3;22,3;22,1;99;99;99;251;1,9;,4;
2026/02/22;1000 UTC;0;1010,2;1010,2;1009,6;308,6;23,8;23,6;23,8;22,4;23,6;22,2;99;99;99;181;1,7;0;
2026/02/22;1100 UTC;0;1010,6;1010,6;1010,2;1012,8;25,9;24,6;26,9;23,8;26,1;23,6;99;90;92;111;,8;0;
2026/02/22;1200 UTC;0;1010,9;1011;1010,5;1708,1;27,9;23,5;28,1;26;25,2;22,1;93;72;77;129;1,7;0;
2026/02/22;1300 UTC;0;1011;1011,1;1010,9;2328,5;28,2;22,4;29,1;27,7;23,7;22,2;79;69;71;90;4,4;1,8;
2026/02/22;1400 UTC;0;1010,6;1011;1010,6;2810,5;29,6;24,3;29,7;28,2;24,3;22,3;75;68;73;127;4,3;1;
2026/02/22;1500 UTC;,2;1010;1010,6;1010;3454,6;29,6;23,8;30,1;29,2;24,4;23,2;74;69;71;119;5;1,3;
2026/02/22;1600 UTC;0;1009,6;1010;1009,6;2578;29;24,3;30,3;28,9;24,9;23,3;76;69;76;138;4,4;1,3;
2026/02/22;1700 UTC;0;1009;1009,6;1009;1699,7;28,5;23,3;29,4;28,5;24,4;23;76;70;73;253;5,2;1,7;
2026/02/22;1800 UTC;0;1008,3;1009;1008,2;1357,5;29;24,2;29;28,1;24,3;23,3;78;73;75;258;5,1;2,2;
2026/02/22;1900 UTC;0;1008;1008,3;1008;1827,3;28,2;23,8;29,6;28,1;24,5;23,4;77;71;77;285;5,4;1,4;
2026/02/22;2000 UTC;0;1008,1;1008,2;1007,8;436,7;27,5;23,9;28,4;27,5;24,4;23,9;82;77;81;156;3,9;,7;
2026/02/22;2100 UTC;0;1008,3;1008,5;1008,1;129,9;27;24,4;27,5;26,8;24,4;23,8;86;81;86;327;3;,5;
2026/02/22;2200 UTC;0;1008,3;1008,6;1008,2;;26,2;24,7;27,1;26;24,7;24,3;92;86;92;233;2,3;,1;
2026/02/22;2300 UTC;0;1008,8;1008,8;1008,3;;25,6;24,3;26,4;25,6;24,9;24,3;93;91;93;218;2,5;,3;
2026/02/23;0000 UTC;0;1009,3;1009,3;1008,8;;25,3;24,6;25,7;25,3;24,8;24,3;96;93;96;88;1,2;,2;
2026/02/23;0100 UTC;0;1009,6;1009,6;1009,3;;25;24,4;25,6;25;24,9;24,4;97;96;97;228;1,5;0;
2026/02/23;0200 UTC;,2;1009,7;1009,7;1009,6;;24,7;24,2;25;24,6;24,5;24,2;97;97;97;255;1,3;,3;
2026/02/23;0300 UTC;0;1009,4;1009,7;1009,4;;24,5;24,1;24,7;24,4;24,2;24;98;97;98;277;1,3;,1;
2026/02/23;0400 UTC;0;1008,7;1009,4;1008,7;;24;23,6;24,5;24;24,1;23,6;98;97;98;229;1,1;0;
2026/02/23;0500 UTC;0;1008,2;1008,7;1008,2;;23,6;23,3;24;23,6;23,6;23,3;98;98;98;214;,7;0;
2026/02/23;0600 UTC;0;1007,9;1008,2;1007,9;;23,4;23,2;23,6;23,4;23,3;23,1;98;98;98;261;1;,3;
2026/02/23;0700 UTC;0;1007,9;1008;1007,8;;23,7;23,5;23,8;23,4;23,5;23,1;99;98;98;249;1,3;,2;
2026/02/23;0800 UTC;0;1007,8;1008;1007,8;;23,5;23,2;23,8;23,5;23,5;23,2;99;98;99;242;1,9;,3;
2026/02/23;0900 UTC;0;1008;1008;1007,7;5,7;23,4;23,2;23,5;23,3;23,3;23,1;99;99;99;296;1,2;,3;
2026/02/23;1000 UTC;0;1008,3;1008,4;1008;248,8;24,7;24,4;24,7;23,4;24,5;23,2;99;99;99;30;2,7;,1;
2026/02/23;1100 UTC;0;1008,5;1008,5;1008,2;627,1;27,1;26,5;27,1;24,7;26,6;24,4;99;97;97;23;,9;,1;
2026/02/23;1200 UTC;0;1008,7;1008,7;1008,4;2208,8;29;24;29,2;27,1;26,6;23,4;97;74;74;37;2,3;,7;
2026/02/23;1300 UTC;0;1008,8;1008,9;1008,7;1401,5;28,3;24,2;29,5;28,1;25,1;23,5;80;72;79;134;2,3;,6;
2026/02/23;1400 UTC;0;1008,4;1008,8;1008,4;2696,7;30,1;24,2;30,7;28,3;25,4;23,6;79;68;71;115;3,6;,9;
2026/02/23;1500 UTC;0;1008;1008,4;1008;3594,1;30,2;24,5;30,7;29,7;26;24;77;69;72;254;6;2,9;
2026/02/23;1600 UTC;0;1007,3;1008;1007,3;1419,6;28;24,1;30,2;28;24,6;23,4;80;70;79;240;6,7;1,8;
2026/02/23;1700 UTC;3,4;1007;1007,4;1007;262,9;25,8;24,2;28;25,8;24,6;23,8;91;79;91;259;5,7;,7;
2026/02/23;1800 UTC;3,2;1006,4;1007,1;1006,4;292,7;26,1;24,9;26,3;25,4;25,4;24,1;95;91;93;184;3,9;,6;
2026/02/23;1900 UTC;0;1006,7;1006,7;1006,4;306,2;26,2;25;26,5;26;25,1;24,6;94;91;93;245;4,1;,7;
2026/02/23;2000 UTC;0;1006,3;1006,7;1006,3;148,6;25,7;24,7;26,4;25,7;25,1;24,5;94;93;94;223;2,6;,8;
2026/02/23;2100 UTC;0;1006,5;1006,5;1006,2;115,8;25,5;24,6;26,1;25,5;24,9;24,5;95;93;95;264;2,9;,5;
2026/02/23;2200 UTC;0;1007;1007;1006,5;2,9;25;24,3;25,5;25;24,7;24,3;96;95;96;317;1,7;,1;
2026/02/23;2300 UTC;0;1007,9;1007,9;1007;;25,1;24,5;25,1;24,9;24,5;24,3;97;96;97;179;3,4;,9;
2026/02/24;0000 UTC;1,6;1008,4;1008,5;1007,9;;24,8;24,1;25,1;24,4;24,5;23,7;97;96;96;283;3,4;1,5;
2026/02/24;0100 UTC;1,4;1008;1008,4;1007,9;;24,3;23,8;25;24,3;24,3;23,6;97;95;97;258;3,3;,3;
2026/02/24;0200 UTC;0;1007,8;1008;1007,8;;24,2;23,8;24,3;24,2;23,8;23,7;97;97;97;252;2,3;,6;
2026/02/24;0300 UTC;0;1007,1;1007,8;1007,1;;24;23,6;24,3;23,9;23,9;23,5;98;97;98;320;1,9;,1;
2026/02/24;0400 UTC;,2;1006,8;1007,1;1006,8;;23,9;23,5;24,1;23,8;23,6;23,4;98;97;98;268;3;,8;
2026/02/24;0500 UTC;0;1006,7;1006,9;1006,7;;23,8;23,4;24;23,7;23,6;23,3;98;97;98;267;2,6;,1;
2026/02/24;0600 UTC;0;1005,9;1006,7;1005,9;;23,7;23,3;23,8;23,6;23,4;23,2;98;98;98;267;2;,9;
2026/02/24;0700 UTC;0;1005,5;1005,9;1005,5;;23,3;23;23,7;23,3;23,3;23;98;98;98;246;1,9;,3;
2026/02/24;0800 UTC;0;1005,9;1005,9;1005,4;;23,3;23;23,4;23,2;23;22,9;98;98;98;249;1,7;,3;
2026/02/24;0900 UTC;0;1005,9;1006;1005,8;2,5;23,3;23,1;23,3;23,2;23,1;22,9;98;98;98;316;1,1;,1;
2026/02/24;1000 UTC;0;1006,2;1006,3;1006;109,8;23,8;23,6;23,8;23,3;23,6;23;98;98;98;265;2,6;,4;
2026/02/24;1100 UTC;0;1006,5;1006,5;1006,2;329,4;25,1;24,8;25,2;23,8;24,8;23,6;98;98;98;241;1,6;0;
2026/02/24;1200 UTC;0;1006,6;1006,7;1006,5;903,4;26,8;24,4;27;25,1;26;24,4;98;87;87;140;1,2;,2;
2026/02/24;1300 UTC;0;1006,7;1006,8;1006,6;1598,9;28,4;23,9;28,4;26,8;24,8;23,5;87;77;77;208;1,6;,4;
2026/02/24;1400 UTC;0;1006,1;1006,7;1006,1;3138;29,8;24,3;30,3;28,4;25,2;22,9;78;69;73;195;3,1;,5;
2026/02/24;1500 UTC;0;1005,6;1006,1;1005,6;2421,2;30,1;24,5;30,7;29,3;25,3;23,3;76;68;72;263;3,9;1;
2026/02/24;1600 UTC;0;1005,3;1005,6;1005,3;809,4;28,6;24,6;30,1;28,3;24,9;23,6;80;71;79;110;3,9;,3;
2026/02/24;1700 UTC;0;1004,2;1005,3;1004,2;1736,8;29,8;24,2;29,8;28,5;24,8;23,3;79;71;72;187;2,9;,7;
2026/02/24;1800 UTC;0;1003,2;1004,2;1003,2;2474,6;29,6;23,5;30,6;29,4;24,9;23,1;74;67;70;238;5,3;1,6;
2026/02/24;1900 UTC;0;1002,9;1003,2;1002,9;2154,2;30,1;23,8;30,7;29,6;24,4;22,8;71;63;69;252;5,3;2;
2026/02/24;2000 UTC;0;1002,8;1002,9;1002,7;1077,7;29;24,3;30,3;28,9;25;23,7;79;69;76;241;5,9;1,5;
2026/02/24;2100 UTC;0;1003,3;1003,3;1002,8;248,4;27,4;24,7;29,1;27,4;24,7;24;85;74;85;294;3,8;,2;
2026/02/24;2200 UTC;0;1003,8;1003,8;1003,3;6,4;25,8;24,3;27,4;25,8;24,7;24,3;92;85;92;151;1,7;0;
2026/02/24;2300 UTC;0;1004,8;1004,8;1003,8;;25,2;24,3;25,8;25,1;24,4;24,1;95;92;95;251;1,4;,5;
2026/02/25;0000 UTC;0;1005;1005;1004,7;;25,6;24,2;25,6;24,9;24,3;23,8;95;92;92;300;2,6;,9;
2026/02/25;0100 UTC;0;1004,6;1005,1;1004,6;;24,5;23,5;25,6;24,5;24,1;23,3;94;91;94;254;2,6;,3;
2026/02/25;0200 UTC;0;1004,4;1004,6;1004,4;;24,2;23,5;24,5;24,2;23,6;23,4;95;94;95;252;1,7;,9;
2026/02/25;0300 UTC;0;1003,7;1004,4;1003,7;;24;23,4;24,3;24;23,5;23,4;97;95;97;240;1,7;,2;
2026/02/25;0400 UTC;0;1003,4;1003,8;1003,4;;23,9;23,4;24,1;23,9;23,6;23,4;97;97;97;239;1,1;0;
2026/02/25;0500 UTC;0;1002,9;1003,4;1002,9;;23,5;23,1;23,9;23,5;23,4;23,1;98;97;98;247;,9;,1;
2026/02/25;0600 UTC;0;1002,1;1002,9;1002,1;;23,1;22,8;23,4;23,1;23,1;22,8;98;98;98;252;1,4;0;
2026/02/25;0700 UTC;0;1002,5;1002,5;1002,1;;23;22,7;23,1;23;22,8;22,7;98;98;98;262;1,5;0;
2026/02/25;0800 UTC;0;1002,6;1002,6;1002,5;;22,8;22,5;23;22,8;22,7;22,5;98;98;98;281;,9;0;
2026/02/25;0900 UTC;0;1003,3;1003,3;1002,6;2,8;22,7;22,5;22,8;22,7;22,6;22,5;99;98;99;234;1,6;0;
2026/02/25;1000 UTC;0;1003,7;1003,7;1003,3;298,1;24,9;24,6;24,9;22,7;24,6;22,5;99;99;99;83;1,4;0;
2026/02/25;1100 UTC;0;1003,8;1003,9;1003,7;1158,8;28,5;23,9;28,5;24,9;26,4;23,7;99;76;76;72;1,7;,4;
2026/02/25;1200 UTC;0;1003,8;1003,9;1003,8;1986,5;29,6;24,1;29,6;28,1;24,6;23;79;70;72;194;2,4;,4;
2026/02/25;1300 UTC;0;1003,5;1003,9;1003,5;2939,6;30,3;23,9;30,6;29,5;24,5;23;73;64;69;21;3,2;,6;
2026/02/25;1400 UTC;0;1002,7;1003,5;1002,7;2528,5;31,2;24,9;31,2;30,1;24,9;23,1;71;64;69;233;3,1;,8;
2026/02/25;1500 UTC;0;1002,1;1002,7;1002,1;3273,9;31,2;25,4;31,6;30,3;25,7;23,8;73;64;71;102;5;1,1;
2026/02/25;1600 UTC;0;1001,2;1002,1;1001,2;3558,7;31,2;24,5;31,9;30,4;26;24,2;75;66;68;269;5;1,8;
2026/02/25;1700 UTC;0;1000,8;1001,2;1000,7;3373,8;30,8;24,3;31,6;30,5;25,4;23,6;71;66;68;316;5,5;1,8;
2026/02/25;1800 UTC;0;1000,1;1000,8;1000,1;2852,4;30,6;23,1;31,1;30,1;24,6;22,7;69;63;64;299;7,1;1,5;
2026/02/25;1900 UTC;0;999,5;1000,1;999,5;2210;29,7;23,5;30,8;29,7;24,2;22,7;69;64;69;255;6,4;2,3;
2026/02/25;2000 UTC;0;999,8;999,9;999,5;1314,1;28,7;24,1;29,9;28,6;24,2;23,3;77;68;77;242;8,1;1,9;
2026/02/25;2100 UTC;0;1000;1000;999,7;267,8;27,5;24,3;28,7;27,5;24,3;24;83;76;83;248;6;1,4;
2026/02/25;2200 UTC;0;1000,5;1000,5;999,9;18,9;26,7;22,9;27,5;26,5;24,2;22,9;83;79;79;242;4;,7;
2026/02/25;2300 UTC;0;1001,2;1001,2;1000,5;;26,7;24,4;26,7;25,3;24,4;22,6;88;79;88;255;5,2;2,1;
2026/02/26;0000 UTC;0;1001,7;1001,7;1001,2;;25,1;23,5;26,7;25;24,1;23,2;91;86;91;312;5,2;,1;
2026/02/26;0100 UTC;0;1001,2;1001,8;1001,2;;24,4;23;25,1;24,3;23,4;22,8;92;91;92;256;1,3;,3;
2026/02/26;0200 UTC;0;1000,6;1001,2;1000,6;;24,1;23,2;24,4;24;23,2;22,7;95;92;95;264;1,3;0;
2026/02/26;0300 UTC;0;1000,3;1000,8;1000,3;;24,2;23,5;24,2;23,9;23,5;23,1;96;95;96;295;1,2;0;
2026/02/26;0400 UTC;0;1000,1;1000,5;1000,1;;24,3;23,7;24,3;24,1;23,7;23,4;96;96;96;249;,7;0;
2026/02/26;0500 UTC;0;999,7;1000,1;999,6;;24,4;23,8;24,4;24,3;23,9;23,7;97;96;97;252;,7;0;
2026/02/26;0600 UTC;0;999,1;999,7;999,1;;24,2;23,7;24,4;24,1;23,8;23,6;97;97;97;259;1,9;,5;
2026/02/26;0700 UTC;0;999,2;999,4;999;;24,1;23,6;24,4;24;23,8;23,3;97;96;97;265;2,3;,3;
2026/02/26;0800 UTC;0;999,6;999,6;999,2;;24,1;23,5;24,2;24;23,7;23,4;97;96;97;227;1,5;,3;
2026/02/26;0900 UTC;0;999,3;999,6;999,3;,8;24;23,5;24,1;23,8;23,6;23,3;97;97;97;239;1,5;,2;
2026/02/26;1000 UTC;0;1000,4;1000,4;999,3;162,7;24,8;24,3;24,8;23,9;24,4;23,4;97;97;97;223;1,2;,2;
2026/02/26;1100 UTC;0;1001,1;1001,1;1000,4;436,9;26,6;25,5;26,6;24,8;25,6;24,4;97;93;93;271;1,4;,2;
2026/02/26;1200 UTC;0;1001,6;1001,6;1001,1;404,8;27,1;25,3;27,1;26,5;25,6;25,1;93;89;90;221;1,3;0;
2026/02/26;1300 UTC;0;1001,9;1001,9;1001,5;584,2;27,5;23,7;27,5;26,9;25,6;23,5;90;79;80;217;3;,7;
2026/02/26;1400 UTC;0;1001,9;1002;1001,9;1587,3;28,9;23,6;29,2;27,5;24,7;23;82;71;73;192;2,7;,8;
2026/02/26;1500 UTC;0;1001,5;1001,9;1001,5;1526,8;28,9;23,7;29,3;27,9;25;23,3;81;72;73;225;3,1;1,1;
2026/02/26;1600 UTC;0;1001,1;1001,5;1001,1;1864,4;29,7;23,9;29,9;28,9;24,6;23;77;69;71;124;2,9;,8;
2026/02/26;1700 UTC;0;1001;1001,1;1000,9;2218,5;29;23,4;30,6;28,9;24,9;22,2;73;64;72;197;4,9;1,5;
2026/02/26;1800 UTC;,4;1000,8;1001,1;1000,8;661,8;26,5;23,4;29;26,5;24,1;23,4;86;72;83;221;7,2;1,3;
2026/02/26;1900 UTC;0;1000,5;1000,9;1000,5;478,4;26,7;23,8;26,8;26,3;24;23,3;85;82;84;89;4,4;,2;
2026/02/26;2000 UTC;0;1000,5;1000,5;1000,2;273,1;26;23,9;26,8;25,9;23,9;23,4;88;83;88;135;3,5;,2;
2026/02/26;2100 UTC;0;1001,5;1001,5;1000,5;71,1;25,6;24,3;26;25,5;24,3;23,7;93;88;93;231;1,2;0;
2026/02/26;2200 UTC;2,4;1002,3;1002,3;1001,5;4,1;24,8;24,1;25,7;24,8;24,4;24;96;92;96;245;1,4;,3;
2026/02/26;2300 UTC;4,6;1002,9;1002,9;1002,3;;24,4;23,8;24,8;24,4;24;23,8;97;96;97;277;1,8;0;
2026/02/27;0000 UTC;10,2;1003,6;1003,7;1002,9;;23,9;23,5;24,4;23,8;23,8;23,4;98;97;98;242;1,3;,1;
2026/02/27;0100 UTC;6,2;1004;1004;1003,6;;23,9;23,5;24;23,8;23,7;23,4;98;98;98;283;1,4;,3;
2026/02/27;0200 UTC;7,4;1003,9;1004,1;1003,9;,4;23,9;23,6;24,1;23,9;23,7;23,6;98;98;98;303;1,7;0;
2026/02/27;0300 UTC;12,2;1003,8;1004;1003,8;;23,9;23,6;24;23,9;23,7;23,6;98;98;98;323;1;0;
2026/02/27;0400 UTC;11,4;1003,5;1003,8;1003,5;;23,7;23,5;24;23,7;23,7;23,5;99;98;99;298;1,9;,3;
2026/02/27;0500 UTC;5,8;1002,8;1003,5;1002,7;;23,6;23,4;23,7;23,5;23,5;23,3;99;99;99;185;2,7;,6;
2026/02/27;0600 UTC;1,2;1002,3;1002,8;1002,3;,9;24,2;23,6;24,9;23,6;24,4;23,4;99;97;97;234;5,5;1;
2026/02/27;0700 UTC;4,2;1002,5;1002,6;1002,3;1,3;24,5;23,7;25;24,2;24,3;23,5;97;94;95;206;4,3;1,5;
2026/02/27;0800 UTC;7,8;1002,7;1002,9;1002,4;1;24,5;23,3;25,1;24,1;23,8;22,7;95;91;93;179;7,7;2,3;
2026/02/27;0900 UTC;1,2;1003,4;1003,4;1002,6;5,3;25;23,1;25,3;24,1;23,7;22,6;93;90;90;226;7,8;1,6;
2026/02/27;1000 UTC;,4;1004,3;1004,4;1003,3;137,9;24,7;23,1;25,5;24,3;23,4;22,6;91;86;91;252;7,4;1,7;
2026/02/27;1100 UTC;0;1005,5;1005,6;1004,3;568,8;26,4;23,2;26,4;24,7;23,5;22,9;91;81;82;251;7,3;1,9;
2026/02/27;1200 UTC;0;1005,8;1005,9;1005,5;944,2;26,7;23;27;26,1;23,6;22,8;84;80;80;278;7,6;1,7;
2026/02/27;1300 UTC;0;1006,5;1006,6;1005,8;766,8;25,2;23;27,2;25,1;23,4;22,4;88;79;88;204;7,7;1,1;
2026/02/27;1400 UTC;3,8;1006,8;1006,8;1006,5;1377,5;26,8;23,8;27,2;24,2;24,2;22,5;92;80;83;206;4,8;1,6;
2026/02/27;1500 UTC;0;1006,8;1007;1006,6;2212,6;27,7;22,2;27,8;26,6;23,5;21,7;83;72;72;202;6,4;1,3;
2026/02/27;1600 UTC;0;1006,7;1006,8;1006,6;2168,2;27,4;22,3;28,1;27;23,2;21,7;76;69;73;209;8,1;1,4;
2026/02/27;1700 UTC;0;1006,3;1006,7;1006,2;1814,2;27,6;21,7;28,1;27,1;23,1;21,4;76;68;70;230;6,9;1,7;
2026/02/27;1800 UTC;0;1006;1006,4;1005,9;1586,9;27,5;22,2;28;27;22,7;21,5;77;68;73;209;6,1;1,8;
2026/02/27;1900 UTC;0;1006,1;1006,1;1005,9;757,6;26,2;21,9;27,6;25,9;22,9;21,8;83;72;77;206;6,7;,9;
2026/02/27;2000 UTC;2;1006,6;1006,7;1006;348;24;22,4;26,3;23,4;22,4;20,6;91;72;91;188;5,8;1,3;
2026/02/27;2100 UTC;0;1007,3;1007,4;1006,6;88,7;24,5;21,7;24,7;23,5;22,8;21,7;93;85;85;236;8,5;2,2;
2026/02/27;2200 UTC;,2;1007,9;1007,9;1007,3;2,3;23,1;21,7;24,5;23,1;21,7;21,4;91;84;91;159;5,8;,1;
2026/02/27;2300 UTC;3,8;1008,7;1008,7;1007,9;;22,6;21,3;23,7;22,5;22,5;21,1;95;90;92;234;6,2;1,4;
2026/02/28;0000 UTC;,6;1009,4;1009,4;1008,6;;21,8;21,2;22,9;21,7;21,6;20,7;96;92;96;236;4,9;1;
2026/02/28;0100 UTC;,2;1009,3;1009,5;1009,2;;23,7;21,1;23,7;21,9;22,1;21,1;96;86;86;212;4,7;1,6;
2026/02/28;0200 UTC;0;1009,3;1009,4;1009,1;;21,4;20,5;23,9;21,4;21,2;19,9;95;81;95;271;5,1;,3;
2026/02/28;0300 UTC;0;1008,7;1009,3;1008,7;;21,5;21;21,5;21,3;21;20,6;97;95;97;285;2,3;,4;
2026/02/28;0400 UTC;0;1008,2;1008,8;1008,1;;21,3;20,9;21,7;21,3;21,2;20,9;97;97;97;251;2,7;,5;
2026/02/28;0500 UTC;,2;1007,6;1008,2;1007,6;;21,4;21;21,5;21,3;21,1;20,8;98;97;98;257;1,6;,5;
2026/02/28;0600 UTC;0;1007,4;1007,6;1007,3;;21,4;21,1;21,5;21,3;21,2;21;98;98;98;248;1,5;,1;
2026/02/28;0700 UTC;0;1007,3;1007,4;1007,2;;21,4;21,1;21,5;21,3;21,2;21;98;98;98;167;1,5;0;
2026/02/28;0800 UTC;,2;1007,3;1007,3;1007,2;;21,6;21,3;21,6;21,3;21,4;21,1;99;98;98;294;1,3;,1;
2026/02/28;0900 UTC;,6;1007,6;1007,6;1007,3;,3;21,7;21,4;22,3;21,5;22;21,3;99;98;98;328;3;0;
2026/02/28;1000 UTC;,4;1007,9;1008;1007,6;119,9;22;21,6;22,1;21,6;21,8;21,3;98;97;98;238;3,5;,3;
2026/02/28;1100 UTC;0;1008,6;1008,6;1007,9;409,7;23,2;22,5;23,3;22;22,7;21,6;98;96;96;259;1,6;,3;
2026/02/28;1200 UTC;0;1008,9;1008,9;1008,5;760,6;24,7;21,5;24,8;23,1;22,9;21,4;96;82;82;251;2,3;,2;
2026/02/28;1300 UTC;0;1009,3;1009,3;1008,8;1015,7;25,1;21,1;25,3;24,5;22,1;20,3;86;74;79;218;3,4;,5;
2026/02/28;1400 UTC;0;1009,2;1009,5;1009,2;1095,7;26;19,3;26;23,9;22,1;19,3;85;67;67;228;4,4;,9;
2026/02/28;1500 UTC;0;1009;1009,3;1009;1592,1;27,3;19,8;27,3;25,6;21,1;19;76;64;64;181;7,7;,6;
2026/02/28;1600 UTC;0;1008,8;1009,1;1008,7;3412,7;27,7;17,7;28,4;27;19,7;16,7;64;51;54;213;7,7;2;
2026/02/28;1700 UTC;0;1008,2;1008,9;1008,2;3509,5;27,9;17;28,7;27,1;19;16,7;59;50;51;43;7,7;2,2;
2026/02/28;1800 UTC;0;1008,1;1008,4;1008;2474,9;27;17,3;28,3;27;18,7;16,8;59;50;55;75;6,8;1,4;
2026/02/28;1900 UTC;0;1008,1;1008,1;1008;1183,8;27,3;18,5;27,4;26,2;19,4;17,2;65;55;58;266;5,4;,7;
2026/02/28;2000 UTC;0;1008,4;1008,4;1008,1;1346;25,9;19,8;27,4;25,6;19,8;18,1;70;58;69;236;5,7;,6;
2026/02/28;2100 UTC;0;1008,7;1008,7;1008,3;297,5;23,8;20,3;26,1;23,8;20,5;19,1;82;68;81;189;3,2;,2;
2026/02/28;2200 UTC;0;1009,2;1009,2;1008,7;5,6;23,9;20,3;24,9;23,8;20,6;20,1;81;76;80;227;5,8;1,1;
2026/02/28;2300 UTC;0;1009,6;1009,7;1009,2;;22,8;20,6;24,6;22,8;20,8;19,8;88;76;88;265;3,5;,3;
2026/03/01;0000 UTC;2,8;1010,2;1010,3;1009,6;;21,9;21,2;23,1;21,8;21,2;20,6;95;87;95;268;3,4;,4;
2026/03/01;0100 UTC;,2;1010,5;1010,5;1010,2;;21,8;21,2;22;21,8;21,4;21,1;96;95;96;247;2,3;,8;
2026/03/01;0200 UTC;0;1010,3;1010,5;1010,3;;21,7;21,2;21,9;21,6;21,3;21;97;96;96;220;2,3;,7;
2026/03/01;0300 UTC;0;1009,9;1010,4;1009,9;;21,5;21;21,8;21,4;21,3;20,9;97;96;97;256;2,4;,5;
2026/03/01;0400 UTC;2,4;1009,5;1009,9;1009,5;;21,4;20,8;21,6;21,2;21,1;20,7;97;96;96;238;4,5;,5;
2026/03/01;0500 UTC;,4;1008,9;1009,5;1008,8;;21;20,5;21,4;20,9;20,8;20,4;97;96;97;289;2,9;,2;
2026/03/01;0600 UTC;0;1008,6;1008,9;1008,6;;20,7;20,3;21;20,7;20,6;20,3;98;97;98;267;2,1;,2;
2026/03/01;0700 UTC;0;1008,5;1008,7;1008,5;;20,5;20,2;20,7;20,5;20,3;20,2;98;98;98;257;1,3;,3;
2026/03/01;0800 UTC;0;1008,7;1008,8;1008,5;;20,8;20,5;20,8;20,5;20,6;20,2;99;98;99;290;1,3;,1;
2026/03/01;0900 UTC;0;1009,1;1009,1;1008,7;2,1;20,8;20,6;20,9;20,7;20,6;20,5;99;99;99;267;1,4;,4;
2026/03/01;1000 UTC;0;1009,6;1009,6;1009,1;224,9;21,4;21,2;21,4;20,8;21,2;20,6;99;99;99;277;1,2;,1;
2026/03/01;1100 UTC;0;1010;1010;1009,6;956,2;24,8;22,8;24,9;21,3;23,6;21,1;99;89;89;74;2,3;1;
2026/03/01;1200 UTC;0;1010,2;1010,4;1010;1983,8;26,6;19,8;26,6;24,4;22,8;19,8;89;66;66;174;5,2;1,4;
2026/03/01;1300 UTC;0;1010,4;1010,5;1010,2;1820,8;25,4;20;27,2;25,3;21,2;19,1;76;63;72;229;5,3;1,9;
2026/03/01;1400 UTC;,2;1010,2;1010,5;1010,1;2374,7;26,8;19,8;27,1;24,3;21,6;19,5;79;65;66;228;5,1;1,7;
2026/03/01;1500 UTC;1,8;1010,3;1010,5;1010,1;1070,5;23,5;20,8;26,7;22,7;21,6;19,6;90;66;85;231;7,8;1,3;
2026/03/01;1600 UTC;0;1009,9;1010,3;1009,9;1152,5;23,9;20;24,9;23,2;21,6;19,5;85;76;79;249;4,6;1,6;
2026/03/01;1700 UTC;1,8;1009,7;1009,9;1009,4;1151,8;22,3;20,3;25,1;22,2;21,7;19,6;89;72;89;200;6,8;1,9;
2026/03/01;1800 UTC;,2;1009,2;1009,7;1009,2;1510,1;24,3;20,1;24,4;22,3;22,2;19,8;91;77;77;236;6,8;1,3;
2026/03/01;1900 UTC;0;1009;1009,2;1008,9;1428;24,8;20,5;25,5;24,3;21,1;19,2;80;69;77;3;5;,5;
2026/03/01;2000 UTC;0;1009,2;1009,2;1009;1010,3;25,6;19;26,3;24,5;21;18,2;80;63;67;202;3,8;1,1;
2026/03/01;2100 UTC;0;1009,7;1009,7;1009,2;450,4;22,4;20,5;25,7;22,4;20,6;18;89;63;89;251;4,1;,4;
2026/03/01;2200 UTC;0;1010,1;1010,1;1009,6;9,7;20,9;19,6;22,4;20,9;20,5;19,6;93;89;92;252;2,2;,8;
2026/03/01;2300 UTC;0;1010,4;1010,4;1010,1;;20,5;19,7;20,9;20,4;19,9;19,5;95;92;95;255;2,2;,5;
2026/03/02;0000 UTC;,4;1011,1;1011,1;1010,4;;21;20;22,7;20,3;21,4;19,6;96;86;94;269;4,3;,3;
2026/03/02;0100 UTC;,2;1011;1011,3;1010,9;;20,6;20,1;21,1;20,6;20,5;19,9;97;94;97;240;1,9;,5;
2026/03/02;0200 UTC;0;1010,9;1011;1010,8;;19,9;19,5;20,6;19,9;20,1;19,5;98;97;98;251;1,6;,5;
2026/03/02;0300 UTC;0;1010,6;1010,9;1010,6;;19,3;19;19,9;19,3;19,5;19;98;98;98;259;1,6;0;
2026/03/02;0400 UTC;0;1009,8;1010,6;1009,8;;18,8;18,6;19,3;18,8;19;18,6;99;98;99;280;2,1;0;
2026/03/02;0500 UTC;0;1009,3;1009,8;1009,3;;18,3;18,1;18,8;18,3;18,6;18,1;99;99;99;288;,8;0;
2026/03/02;0600 UTC;0;1009,2;1009,3;1009,1;;18,2;18,1;18,4;18,1;18,2;18;99;99;99;260;,7;,1;
2026/03/02;0700 UTC;0;1009,2;1009,2;1009,1;;18,1;18;18,3;18;18,1;17,9;99;99;99;244;,7;0;
2026/03/02;0800 UTC;0;1009,4;1009,4;1009,1;;17,8;17,7;18,1;17,8;18;17,7;99;99;99;245;,8;0;
2026/03/02;0900 UTC;0;1009,7;1009,7;1009,4;2,9;17,7;17,6;17,9;17,5;17,8;17,4;99;99;99;255;,5;0;
2026/03/02;1000 UTC;,2;1010,2;1010,2;1009,7;244,9;19,4;19,3;19,4;17,7;19,3;17,6;100;99;100;198;,4;0;
2026/03/02;1100 UTC;0;1010,7;1010,7;1010,2;754,3;22,9;22,8;23;19,3;22,8;19,3;100;99;99;253;1,3;,3;
2026/03/02;1200 UTC;0;1010,9;1010,9;1010,7;2204,7;27;21,3;27;23;24,4;20,3;99;69;71;114;2,4;,6;
2026/03/02;1300 UTC;0;1011,1;1011,2;1010,9;2812,3;27,1;20,7;27,3;25,6;21,7;19;76;62;68;101;4,6;1,8;
2026/03/02;1400 UTC;0;1010,8;1011,1;1010,8;2353,6;27,1;19,8;28;25,8;20,6;18,9;71;60;65;259;5;1,2;
2026/03/02;1500 UTC;0;1010,6;1010,8;1010,5;2172,7;27,3;18,9;27,9;26,5;20,8;18,9;69;59;60;217;7,2;1,5;
2026/03/02;1600 UTC;,2;1010,2;1010,6;1010,2;1243;26;18,2;27,3;25,9;20;18,2;68;60;62;222;4,4;1,4;
2026/03/02;1700 UTC;0;1009,9;1010,3;1009,9;1408,7;26,3;19,4;27,1;26;19,9;18,2;68;60;66;20;4,7;1,4;
2026/03/02;1800 UTC;0;1009,7;1009,9;1009,7;1736,4;26,7;18,9;27,4;26,2;20,1;18,4;68;60;62;297;4,7;1,4;
2026/03/02;1900 UTC;0;1009,7;1009,9;1009,6;950,1;26,4;19,1;26,7;25,7;20,2;18,4;70;62;64;238;4,3;1,6;
2026/03/02;2000 UTC;0;1009,9;1009,9;1009,7;1128,5;25,6;20,3;27,1;25,6;20,3;18,9;73;63;72;220;4,7;,7;
2026/03/02;2100 UTC;0;1009,9;1010;1009,8;141,8;23,2;20,9;25,6;23,2;20,9;19,9;86;72;86;240;3,3;,4;
2026/03/02;2200 UTC;0;1010,3;1010,3;1009,9;4,8;21,5;20,5;23,2;21,5;20,8;20,5;94;86;94;245;1,3;,1;
2026/03/02;2300 UTC;0;1010,9;1010,9;1010,3;;21,6;20,7;21,8;21,4;20,9;20,5;95;94;95;263;1,7;,1;
2026/03/03;0000 UTC;0;1011,4;1011,4;1010,9;;22,9;22,1;22,9;21,3;22,1;20,5;96;95;96;234;5,2;1,2;
2026/03/03;0100 UTC;0;1011,5;1011,7;1011,4;;22,6;20,6;23,2;22,6;22,2;20,6;96;86;89;229;5,2;,8;
2026/03/03;0200 UTC;0;1011,2;1011,5;1011,2;;22,1;20,8;22,6;22,1;21;20,7;92;89;92;259;2,4;,2;
2026/03/03;0300 UTC;0;1011;1011,2;1011;;22,3;20,2;22,3;22,1;21;20,2;93;88;88;250;3,5;1,5;
2026/03/03;0400 UTC;0;1010,7;1011;1010,7;;21,8;19,7;22,3;21,7;20,2;19,6;88;86;88;246;3,5;,7;
2026/03/03;0500 UTC;0;1009,9;1010,7;1009,9;;20,5;19,4;21,8;20,5;19,7;19,3;93;88;93;248;2,6;,2;
2026/03/03;0600 UTC;0;1009,7;1009,9;1009,6;;20,5;19,9;20,6;20,3;19,9;19,4;96;93;96;236;1,9;,4;
2026/03/03;0700 UTC;0;1009,6;1009,7;1009,4;;20,6;20,2;20,6;20,2;20,2;19,7;98;96;98;257;1,7;,9;
2026/03/03;0800 UTC;0;1009,9;1009,9;1009,6;;20,1;19,7;20,7;20,1;20,3;19,7;98;97;97;247;2,2;,8;
2026/03/03;0900 UTC;0;1010,2;1010,2;1009,9;2,6;20,1;19,7;20,2;19,8;19,8;19,4;97;97;97;260;2,2;,3;
2026/03/03;1000 UTC;0;1010,9;1010,9;1010,2;131,2;21,5;21;21,5;20,1;21;19,7;97;97;97;256;2,1;,5;
2026/03/03;1100 UTC;0;1011,5;1011,5;1010,9;567,9;24,1;20,7;24,1;21,5;21,4;20,6;97;81;81;251;2,1;,4;
2026/03/03;1200 UTC;0;1011,9;1011,9;1011,5;1264,2;25,7;21,1;25,9;24,1;21,6;20,3;81;73;75;131;1,9;,5;
2026/03/03;1300 UTC;0;1011,9;1012;1011,8;2597,1;27,6;20,2;28,5;25,7;21,5;18,4;76;58;64;106;3,2;,6;
2026/03/03;1400 UTC;0;1011,6;1011,9;1011,6;2823,3;28,1;19,8;28,4;27,3;20;18,4;64;57;61;284;3,5;1,3;
2026/03/03;1500 UTC;0;1011,2;1011,6;1011,1;3235,5;28,8;20,1;29,2;27,7;20,5;18,3;63;56;60;145;4,5;1,4;
2026/03/03;1600 UTC;0;1010,8;1011,2;1010,8;2288,8;27,5;20,6;29,4;27,4;20,9;19,4;67;57;66;260;5,2;1,7;
2026/03/03;1700 UTC;0;1010,1;1010,8;1010,1;2336;27,6;20,4;28,5;26,8;21,3;19,7;68;62;65;209;5,5;2;
2026/03/03;1800 UTC;0;1009,9;1010,2;1009,8;2495,4;27,6;20,6;28,3;27,1;21;19,7;67;61;66;201;6,7;1,6;
2026/03/03;1900 UTC;0;1009,5;1010;1009,4;1993,7;27,8;20,7;28,2;27,2;21,1;19,6;67;62;66;265;5,4;,9;
2026/03/03;2000 UTC;0;1009,6;1009,6;1009,5;847,8;26,2;20,4;27,8;26,1;21,4;19,8;73;65;70;316;4,5;1,2;
2026/03/03;2100 UTC;0;1009,9;1010;1009,6;210,4;25,7;20,6;26,3;25,6;20,8;20,2;74;70;74;288;5,4;,8;
2026/03/03;2200 UTC;0;1010;1010,1;1009,9;5,8;24,9;21,1;25,7;24,6;21,1;20,5;80;73;79;224;4,1;,5;
2026/03/03;2300 UTC;0;1010,8;1010,8;1010;;24;21,3;25,1;23,9;21,5;20,9;85;79;85;196;2,6;,4;
2026/03/04;0000 UTC;0;1011,4;1011,4;1010,8;;23,7;20,9;24,5;23,7;21,4;20,9;85;82;84;213;2;,3;
2026/03/04;0100 UTC;0;1011,6;1011,6;1011,4;;22,8;21,1;23,8;22,8;21,5;20,9;90;84;90;255;1,6;,1;
2026/03/04;0200 UTC;0;1011,8;1011,9;1011,6;;22,1;20,9;22,9;22,1;21,3;20,8;93;90;93;252;2,3;,4;
2026/03/04;0300 UTC;0;1011,8;1012;1011,8;;22,1;21,1;22,2;21,9;21,2;20,9;94;93;94;281;1,9;0;
2026/03/04;0400 UTC;0;1011,5;1011,8;1011,5;;22;21,2;22,2;21,9;21,3;21,1;95;94;95;247;1,1;,2;
2026/03/04;0500 UTC;0;1010,9;1011,5;1010,9;;22;21,2;22,1;21,7;21,3;21;96;95;95;264;2;,8;
2026/03/04;0600 UTC;0;1010,4;1010,9;1010,3;;21,2;20,2;22,2;21,1;21,3;20,1;95;92;94;274;2;,2;
2026/03/04;0700 UTC;0;1010;1010,4;1009,9;;20,5;19,8;21,2;20,5;20,4;19,8;96;94;96;301;1,4;,2;
2026/03/04;0800 UTC;0;1010,1;1010,1;1010;;20;19,6;20,6;20;19,9;19,4;97;96;97;246;1,9;,5;
2026/03/04;0900 UTC;0;1010,6;1010,6;1010,1;1,7;20,1;19,7;20,2;19,8;19,8;19,4;98;97;98;254;1,8;0;
2026/03/04;1000 UTC;0;1011,2;1011,2;1010,6;176,7;21,6;21,1;21,8;20,1;21,4;19,8;98;97;97;245;1,1;,1;
2026/03/04;1100 UTC;0;1011,6;1011,6;1011,2;456,5;24;23;24;21,6;23;21,1;97;94;94;301;,9;0;
2026/03/04;1200 UTC;0;1011,9;1012;1011,6;927,3;26,4;20,9;26,4;24;23,2;20,8;94;72;72;298;1,5;,1;
2026/03/04;1300 UTC;0;1012;1012;1011,8;1734,9;27,2;19,7;27,6;26,4;21,7;19;72;61;63;41;2,5;,5;
2026/03/04;1400 UTC;0;1011,6;1012;1011,6;2746,3;28,4;18,8;29,1;27,1;21,3;18,6;70;56;56;225;3,1;1,1;
2026/03/04;1500 UTC;0;1011,2;1011,6;1011,2;1753,1;27,6;20,7;30;27,5;21,3;18,2;67;52;66;210;3,3;1,4;
2026/03/04;1600 UTC;0;1010,5;1011,2;1010,5;1240,8;28;20,6;28;27,2;20,8;19,8;67;63;64;234;4;1;
2026/03/04;1700 UTC;0;1009,9;1010,5;1009,9;3121,5;29,1;20,7;30;28;21,6;19,6;65;55;61;230;4,9;2;
2026/03/04;1800 UTC;0;1009,8;1010;1009,8;2815,2;29,3;21,7;29,5;28,6;21,9;19,6;66;58;64;305;6;1,5;
2026/03/04;1900 UTC;0;1009,9;1009,9;1009,7;1997,9;28,3;21,6;29,4;28,1;22,1;20,7;67;61;67;241;5;1,4;
2026/03/04;2000 UTC;0;1010,2;1010,2;1009,7;1083,8;26,8;21,2;28,3;26,8;21,6;20,9;72;65;71;247;7,1;2,7;
2026/03/04;2100 UTC;0;1010,6;1010,6;1010,1;239,5;25,6;21,3;26,8;25,5;21,6;21,1;77;71;77;217;7,1;1,7;
2026/03/04;2200 UTC;0;1010,7;1010,7;1010,6;1,3;25,3;21,2;25,9;25;21,3;21,1;80;75;78;235;4,7;1,3;
2026/03/04;2300 UTC;0;1011,2;1011,2;1010,7;;25,2;20,8;26,1;24,9;21,2;20,4;78;71;77;197;7,3;,3;
2026/03/05;0000 UTC;0;1012;1012;1011,2;;23,8;21,4;25,2;23,8;21,4;20,7;86;76;86;249;2,4;,2;
2026/03/05;0100 UTC;0;1012,3;1012,3;1012;;23,6;21,7;24,1;23,2;21,7;21,2;90;85;89;263;1,8;,6;
2026/03/05;0200 UTC;0;1012;1012,3;1012;;22,7;21,4;23,6;22,7;21,8;21,2;92;88;92;238;2,3;,2;
2026/03/05;0300 UTC;0;1011,9;1012;1011,9;;22,4;21,1;22,8;22,1;21,5;20,9;93;92;92;205;1,9;,6;
2026/03/05;0400 UTC;0;1011,7;1011,9;1011,7;;22,4;20,6;22,6;21,9;21;20,6;92;89;89;169;2,2;,3;
2026/03/05;0500 UTC;0;1011,4;1011,7;1011,4;;21,8;20,5;22,4;21,8;20,9;20,3;92;89;92;230;1,5;0;
2026/03/05;0600 UTC;0;1011,1;1011,4;1011,1;;21,6;20,5;22,1;21,6;20,8;20,5;93;92;93;268;1,6;,2;
2026/03/05;0700 UTC;0;1011,1;1011,1;1011,1;;21,7;20,7;21,9;21,6;20,9;20,4;94;93;94;265;2;,3;
2026/03/05;0800 UTC;0;1011,2;1011,3;1011;;21,8;21;21,9;21,7;21,1;20,8;95;94;95;262;1,6;,1;
2026/03/05;0900 UTC;0;1011,6;1011,6;1011,2;3,1;21,7;21;21,9;21,6;21,1;20,9;96;95;96;253;1,8;,5;
2026/03/05;1000 UTC;0;1012,2;1012,2;1011,6;185,3;22,5;21,9;22,5;21,4;21,9;20,7;97;96;97;209;1,3;0;
2026/03/05;1100 UTC;0;1012,3;1012,5;1012,2;1134,9;27,1;20,7;27,1;22,5;22,9;20,7;97;68;68;118;1,5;,3;
2026/03/05;1200 UTC;0;1012,5;1012,5;1012,3;1963,9;28,4;20,7;28,6;26,9;21,2;19,8;71;62;63;41;1,8;,5;
2026/03/05;1300 UTC;0;1012,6;1012,6;1012,3;2677,4;29;20,4;29,7;27,9;21,5;20;65;58;60;58;2,9;1;
2026/03/05;1400 UTC;0;1012,6;1012,7;1012,5;3256,9;29,9;20,5;30,4;28,8;21,6;19,8;63;55;57;177;4;1,4;
2026/03/05;1500 UTC;0;1012;1012,6;1012;3523,9;30,1;21,1;30,1;29,3;21,2;20;60;56;58;230;5,4;1,4;
2026/03/05;1600 UTC;0;1011,4;1012;1011,4;2997,5;29,5;21,1;30,1;28,9;21,2;20,1;63;57;61;237;6,1;2,3;
2026/03/05;1700 UTC;0;1010,7;1011,4;1010,7;2730,5;30,2;22,5;30,4;29,1;22,5;20,7;66;58;64;201;6,1;1,5;
2026/03/05;1800 UTC;0;1010,6;1010,7;1010,5;2654,8;29,4;22,4;30,4;29,4;23,1;21,3;67;61;66;260;6,1;2,4;
2026/03/05;1900 UTC;0;1010,3;1010,7;1010,3;1742,8;29;22,4;30;28,7;23,5;22,1;71;64;68;101;6,8;,5;
2026/03/05;2000 UTC;0;1010,4;1010,4;1010,2;977,4;28,2;22,1;29,2;28,1;22,9;21,8;71;67;70;247;5,9;2,2;
2026/03/05;2100 UTC;0;1010,8;1010,8;1010,4;248;27,1;21,9;28,2;27,1;22,2;21,7;74;69;73;248;7,8;2,3;
2026/03/05;2200 UTC;0;1010,9;1010,9;1010,7;;26,4;22,1;27,1;26,4;22,1;21,8;77;73;77;240;5,9;2,1;
2026/03/05;2300 UTC;0;1011,6;1011,6;1010,9;;25,2;22,7;26,4;24,8;22,7;22;87;77;86;249;4,7;,9;
2026/03/06;0000 UTC;0;1012,4;1012,4;1011,5;;24,1;22,6;25,4;24,1;22,7;22,2;91;85;91;277;1,9;,1;
2026/03/06;0100 UTC;0;1012,8;1012,8;1012,4;;23,8;22,4;24,8;23,8;23,3;22,3;93;90;92;252;2,2;0;
2026/03/06;0200 UTC;0;1012,7;1012,9;1012,7;;23,9;22,2;24,6;23,6;23;22,1;94;89;90;198;1,8;,1;
2026/03/06;0300 UTC;0;1012,6;1012,7;1012,6;;23,1;21,6;24,2;23,1;22,4;21,4;92;88;91;246;2,2;,3;
2026/03/06;0400 UTC;0;1012;1012,7;1012;;22,5;21,4;23,4;22,5;21,9;21,3;93;91;93;247;2;,4;
2026/03/06;0500 UTC;0;1011,8;1012;1011,8;;22,6;21,8;23;22,3;22,2;21,3;96;93;95;273;2,7;,5;
2026/03/06;0600 UTC;0;1011,3;1011,8;1011,3;;22,3;21,7;22,6;22,3;21,7;21,5;96;95;96;261;1,4;,4;
2026/03/06;0700 UTC;0;1010,8;1011,4;1010,8;;22,2;21,7;22,4;22,1;21,8;21,6;97;96;97;256;1,3;,3;
2026/03/06;0800 UTC;0;1011,3;1011,3;1010,8;;22;21,5;22,2;21,9;21,7;21,4;97;97;97;245;1,1;,4;
2026/03/06;0900 UTC;0;1011,8;1011,8;1011,3;2,1;21,7;21,3;22,2;21,7;21,8;21,3;98;97;98;237;1,4;0;
2026/03/06;1000 UTC;0;1012,2;1012,2;1011,8;235;23,6;23,3;23,6;21,7;23,3;21,3;98;98;98;45;,7;0;
2026/03/06;1100 UTC;0;1012,5;1012,5;1012,2;1193,4;27,4;22,5;27,5;23,6;25,2;22;98;74;75;339;1,4;,3;
2026/03/06;1200 UTC;0;1012,8;1012,8;1012,5;1466,1;27,9;22,8;28,4;27;23,2;22,1;75;69;74;194;1,9;,4;
2026/03/06;1300 UTC;0;1012,8;1012,8;1012,7;2396;29,6;22,8;29,6;27,8;23,8;22;76;66;67;272;4;1,4;
2026/03/06;1400 UTC;0;1012,4;1012,8;1012,3;3076,6;29,6;22,1;30,5;28,7;23,6;21,8;71;63;64;215;5,2;1;
2026/03/06;1500 UTC;0;1011,7;1012,4;1011,7;3520,2;30;22,8;30,4;29,1;23,7;21,4;68;60;65;354;5,6;1,4;
2026/03/06;1600 UTC;0;1011;1011,7;1011;2668,9;28,8;22,7;30,1;28,6;23,1;22,2;71;64;70;243;7,2;2,8;
2026/03/06;1700 UTC;0;1010,2;1011;1010,2;2677;29,7;23,3;30,3;28,4;23,7;22,2;71;65;68;239;7,2;2,3;
2026/03/06;1800 UTC;0;1009,8;1010,2;1009,8;1516,5;28,3;23,4;30,2;28,3;24;22,7;75;66;75;244;6,1;2,5;
2026/03/06;1900 UTC;0;1009,5;1009,8;1009,5;1353;28,6;23,3;29,4;28,1;24,3;23,1;77;71;73;254;7;2,2;
2026/03/06;2000 UTC;0;1009,3;1009,5;1009,2;1057,4;28,4;23,1;29,1;28,4;23,8;22,7;74;70;73;183;7,2;1,3;
2026/03/06;2100 UTC;0;1009,7;1009,7;1009,3;207,3;27,3;23;28,5;27,2;23,2;22,8;79;73;78;235;5,6;1,1;
2026/03/06;2200 UTC;0;1009,9;1009,9;1009,7;,7;26,7;22,7;27,4;26,6;23;22,7;80;76;79;256;6,2;1,6;
2026/03/06;2300 UTC;0;1010,5;1010,5;1009,9;;24,8;22,8;26,7;24,8;22,8;22,4;89;79;89;239;3,2;,1;
2026/03/07;0000 UTC;0;1011,1;1011,1;1010,6;;24,5;23;24,8;24,4;23,1;22,7;91;89;91;254;1,7;,9;
2026/03/07;0100 UTC;0;1010,8;1011,1;1010,7;;23,9;22,9;24,5;23,9;23;22,7;94;91;94;236;1,7;,3;
2026/03/07;0200 UTC;0;1011,3;1011,3;1010,8;;24;23;24,2;23,9;23,4;23;95;94;94;238;2,8;,2;
2026/03/07;0300 UTC;0;1011,1;1011,3;1011,1;;24;23,1;24,3;23,9;23,5;23;95;94;95;234;1,5;0;
2026/03/07;0400 UTC;0;1010,6;1011,1;1010,6;;23,8;23,1;24,2;23,8;23,3;23;96;95;96;196;1,4;,1;
2026/03/07;0500 UTC;0;1010,2;1010,6;1010,2;;24,1;23,4;24,2;23,8;23,5;23,1;96;96;96;263;1,9;,2;
2026/03/07;0600 UTC;0;1009,9;1010,4;1009,9;;23,9;23,2;24,1;23,9;23,4;23,2;96;96;96;270;1;,1;
2026/03/07;0700 UTC;0;1009,6;1009,9;1009,6;;23,8;23,2;24;23,7;23,4;23,1;96;96;96;252;1,6;,2;
2026/03/07;0800 UTC;0;1009,8;1009,8;1009,4;;23,3;22,8;23,8;23,3;23,2;22,8;97;96;97;242;1,3;0;
2026/03/07;0900 UTC;0;1009,8;1010;1009,8;,9;23,3;22,9;23,3;23,1;22,9;22,7;98;97;98;243;1,2;,1;
2026/03/07;1000 UTC;0;1010,4;1010,4;1009,8;189,5;24,7;24,3;24,7;23,3;24,3;22,9;98;97;98;247;,9;0;
2026/03/07;1100 UTC;0;1010,6;1010,6;1010,3;1033,8;27,7;23,7;27,9;24,7;26,3;23,3;98;77;79;53;3;,9;
2026/03/07;1200 UTC;0;1010,2;1010,6;1010,2;1927,5;29,1;23;29,5;27,7;24,3;23;80;70;70;13;3;,5;
2026/03/07;1300 UTC;0;1009,7;1010,3;1009,7;2665,3;30,7;22,9;31,3;29;23,9;22,7;70;62;63;224;2,6;,6;
2026/03/07;1400 UTC;0;1009;1009,7;1009;3106,9;31,5;23,8;32,5;30,6;24,5;22,6;65;59;63;180;5,6;1,5;
2026/03/07;1500 UTC;0;1007,9;1009;1007,9;3105,4;30,9;24,2;31,5;30,4;25,5;23,6;71;64;68;144;5,2;2,3;
2026/03/07;1600 UTC;0;1007,2;1007,9;1007,1;3029;31,5;24,2;31,9;30,4;25,5;23,9;71;65;65;260;5,8;1,8;
2026/03/07;1700 UTC;0;1006,6;1007,2;1006,5;2446,5;29,8;23,8;31,6;29,1;24,5;23,3;74;63;71;180;7,2;2;
2026/03/07;1800 UTC;1;1006,5;1006,6;1006,3;1653,4;28,2;23,3;30,6;28,2;24,5;23,2;75;67;75;210;9,3;1,8;
2026/03/07;1900 UTC;1,8;1006,2;1006,6;1005,8;805,4;28,4;24,2;28,6;27;24,5;23,5;85;74;78;212;6,5;1;
2026/03/07;2000 UTC;0;1007,1;1007,1;1005,6;339,1;28,5;24,7;29,3;26,2;25,5;22,4;89;67;80;331;6,2;2,1;
2026/03/07;2100 UTC;20,6;1006,8;1009,2;1006,7;29,1;22,9;22,2;28,6;22,7;24,6;21,4;96;73;96;39;12,5;,7;
2026/03/07;2200 UTC;0;1009;1009;1006,8;2,5;23;22,4;23,1;22,9;22,5;22,2;97;96;97;275;2,6;1,1;
2026/03/07;2300 UTC;,2;1009,2;1009,6;1008,9;,3;24,1;22,9;24,4;23;23,6;22,4;97;92;93;303;3,7;,5;
2026/03/08;0000 UTC;0;1009,1;1009,4;1008,9;;24;23;24,4;23,6;23,6;22,7;96;93;94;348;3,3;,6;
2026/03/08;0100 UTC;0;1009;1009,1;1008,6;;23,4;22,7;24,4;23,4;23,2;22,4;96;92;96;108;2,7;0;
2026/03/08;0200 UTC;0;1009;1009,1;1009;;23,6;23,1;23,6;23,3;23,1;22,7;97;96;97;77;1,8;,2;
2026/03/08;0300 UTC;0;1008,5;1009;1008,5;;23,3;22,8;23,6;23,2;23;22,7;97;97;97;247;1,8;,5;
2026/03/08;0400 UTC;0;1008,3;1008,5;1008,3;;23;22,6;23,3;23;22,8;22,6;98;97;98;260;1,7;,2;
2026/03/08;0500 UTC;0;1007,4;1008,3;1007,4;;22,7;22,4;23;22,7;22,7;22,4;98;98;98;228;1,1;0;
2026/03/08;0600 UTC;0;1006,4;1007,4;1006,4;;24,4;24,1;24,4;22,6;24,1;22,3;99;98;98;282;4,2;1,7;
2026/03/08;0700 UTC;0;1006;1006,4;1005,9;;23,5;22,9;24,8;23,5;24,3;22,7;98;94;96;142;4,6;,2;
2026/03/08;0800 UTC;0;1005,8;1006,2;1005,8;;23,4;22,4;24,6;23,4;23,7;22,4;97;93;94;197;3,6;,1;
2026/03/08;0900 UTC;0;1006;1006;1005,8;2,9;24,5;22,7;24,8;23,1;23,7;22,4;96;90;90;39;3,8;2,2;
2026/03/08;1000 UTC;0;1006,4;1006,4;1005,9;314;24,7;23,3;24,8;24,1;23,3;22,5;93;89;92;277;3,8;,3;
2026/03/08;1100 UTC;0;1007,6;1007,6;1006,3;594;26,2;24,7;26,2;24,7;24,7;23,4;92;90;92;174;1,9;,1;
2026/03/08;1200 UTC;0;1008,4;1008,4;1007,6;1745,6;28,2;23,9;28,9;26,2;25,5;23;92;73;78;160;4,5;,6;
2026/03/08;1300 UTC;0;1008,4;1008,7;1008,4;1944,9;30,1;24,7;30,1;27,7;25;23,3;83;71;73;48;2,2;,3;
2026/03/08;1400 UTC;0;1007,8;1008,4;1007,8;3076,3;31,3;22,6;32,3;29,9;24,9;21,5;73;54;60;91;3,4;1,1;
2026/03/08;1500 UTC;0;1007,5;1007,9;1007,5;2909,1;32,1;24,5;32,1;30,2;25,2;21,7;74;57;64;163;5;1,1;
2026/03/08;1600 UTC;0;1007,2;1007,5;1007,2;2967,6;33,4;24,4;33,4;32;24,8;22,5;65;55;59;231;3,5;1,1;
2026/03/08;1700 UTC;0;1006,9;1007,2;1006,8;3201,5;33;21,9;33,8;32,7;24,7;21,3;61;50;52;263;5,1;1,8;
2026/03/08;1800 UTC;0;1007,2;1007,3;1006,6;2867,3;30,7;23,4;33,8;30,6;23,6;21,1;66;50;65;129;7;2,5;
2026/03/08;1900 UTC;0;1007,4;1007,6;1007;1257,5;29,8;22,6;31;29;23,8;21,8;70;64;65;180;7;1,7;
2026/03/08;2000 UTC;0;1008;1008;1007;696,3;28,4;21,9;29,8;28,4;22,7;21,4;69;62;68;173;6,6;1,6;
2026/03/08;2100 UTC;0;1008,8;1008,8;1008;266,5;27,8;22,3;28,6;27,8;22,3;21,7;72;67;72;191;5,7;1,6;
2026/03/08;2200 UTC;0;1009,1;1009,1;1008,7;;26,1;23,2;27,9;26,1;23,2;22,3;84;72;84;174;4,3;0;
2026/03/08;2300 UTC;0;1009,6;1009,6;1009,1;;25,1;23,4;26,1;25,1;23,6;23,3;91;84;91;263;1,3;,1;
2026/03/09;0000 UTC;0;1010,6;1010,6;1009,6;;25,1;24;25,1;24,9;24;23,4;93;91;93;338;,9;,1;
2026/03/09;0100 UTC;0;1010,6;1010,8;1010,5;;24,8;23,8;25,2;24,8;24;23,7;94;93;94;269;1,3;,3;
2026/03/09;0200 UTC;0;1011,1;1011,2;1010,6;;24,7;23,7;24,9;24,5;23,8;23,5;95;94;94;257;1,5;,5;
2026/03/09;0300 UTC;0;1011,1;1011,1;1010,9;;24,5;23,5;25;24,5;24;23,5;95;93;94;170;2,5;,1;
2026/03/09;0400 UTC;,2;1010,4;1011,1;1010,4;;24,1;23,6;24,6;24,1;23,7;23,5;97;94;97;206;1,3;,3;
2026/03/09;0500 UTC;0;1010,3;1010,4;1010,3;;24,2;23,7;24,2;24;23,7;23,5;97;97;97;178;1,4;,2;
2026/03/09;0600 UTC;0;1010,2;1010,3;1010,1;;23,9;23,5;24,2;23,9;23,7;23,5;98;97;98;225;1,3;0;
2026/03/09;0700 UTC;0;1010,1;1010,2;1009,9;;24,1;23,7;24,2;23,9;23,8;23,5;98;98;98;179;1,7;0;
2026/03/09;0800 UTC;0;1010,2;1010,2;1009,9;;24,1;23,7;24,1;23,9;23,7;23,5;98;98;98;278;1,6;0;
2026/03/09;0900 UTC;0;1010,9;1010,9;1010,2;;24;23,5;24,6;24;24,2;23,5;98;97;97;22;2,8;0;
2026/03/09;1000 UTC;0;1012;1012;1010,9;109,3;24,4;24;24,4;23,8;24;23,3;97;97;97;211;1,2;,2;
2026/03/09;1100 UTC;0;1012,9;1012,9;1012;847,1;26,6;23,6;27,2;24,5;26,2;23,3;98;82;84;189;2,1;,2;
2026/03/09;1200 UTC;,4;1013,9;1013,9;1012,9;502,8;24,7;23,2;27;24,7;24,4;22,7;91;82;91;181;4,9;1;
2026/03/09;1300 UTC;,2;1014,4;1014,4;1013,9;824,7;25,3;23,7;25,3;24,8;23,7;23,2;92;90;91;130;4,2;,8;
2026/03/09;1400 UTC;1;1014,3;1014,5;1014,3;1049,9;25,1;23,4;25,8;24,8;23,9;22,9;91;88;90;244;3,7;1,1;
2026/03/09;1500 UTC;1,2;1013,7;1014,3;1013,7;1658;26,1;22,9;26,5;24,8;24;22,9;91;83;83;146;5;,2;
2026/03/09;1600 UTC;,4;1013,4;1013,8;1013,4;1982,4;26,2;22,2;26,7;25,4;23,9;22,2;88;79;79;215;5,5;1,5;
2026/03/09;1700 UTC;0;1013,3;1013,4;1013;1525,7;25,1;21,8;26,8;25,1;22,8;21,4;82;75;82;248;5,7;1,5;
2026/03/09;1800 UTC;1;1013;1013,3;1013;709,2;25,2;23,5;25,6;24,6;23,5;21,7;90;82;90;169;5,1;,2;
2026/03/09;1900 UTC;,2;1013;1013,2;1013;1109,7;26,3;22,8;26,6;25,2;24;22,4;90;79;81;85;3,2;,8;
2026/03/09;2000 UTC;0;1013;1013,1;1013;298,9;25,8;22,9;26,3;25,1;23,1;22,2;87;79;84;316;4;,3;
2026/03/09;2100 UTC;0;1013,4;1013,5;1013;156,9;24,8;23,1;26,1;24,7;23,2;22,2;90;79;90;214;3,9;,3;
2026/03/09;2200 UTC;0;1014,1;1014,1;1013,4;1;24,2;23;24,8;24;23,2;22,8;93;90;93;218;1,8;,5;
2026/03/09;2300 UTC;0;1014,5;1014,5;1014,1;;23,7;22,8;24,2;23,7;23;22,8;95;93;95;244;1,5;,2;
2026/03/10;0000 UTC;0;1014,8;1014,8;1014,4;;23,5;22,8;23,8;23,4;23;22,7;96;95;96;190;1,6;0;
2026/03/10;0100 UTC;0;1015,1;1015,1;1014,8;;23,4;22,8;23,7;23,3;23,1;22,7;97;96;96;272;1,5;,1;
2026/03/10;0200 UTC;1,2;1014,9;1015,3;1014,9;;23;22,5;23,5;22,8;22,9;22,3;97;96;97;272;2,4;,3;
2026/03/10;0300 UTC;0;1014,7;1015;1014,7;;23;22,5;23,1;22,8;22,5;22,3;97;97;97;268;1,7;,6;
2026/03/10;0400 UTC;0;1014,1;1014,7;1014;;22,9;22,6;23;22,8;22,6;22,4;98;97;98;259;2,2;,9;
2026/03/10;0500 UTC;0;1013,5;1014,1;1013,5;;22,8;22,4;23;22,8;22,6;22,4;98;98;98;237;2,2;,1;
2026/03/10;0600 UTC;,4;1012,9;1013,5;1012,9;;22,9;22,6;23;22,8;22,6;22,5;98;98;98;253;1,5;,3;
2026/03/10;0700 UTC;0;1013,1;1013,1;1012,9;;22,9;22,6;23,1;22,9;22,8;22,5;98;98;98;283;1,6;,2;
2026/03/10;0800 UTC;0;1013,3;1013,3;1013,1;;23;22,6;23;22,8;22,6;22,4;98;98;98;243;1,2;,1;
2026/03/10;0900 UTC;0;1013,8;1013,8;1013,3;;22,9;22,5;23;22,8;22,7;22,5;98;98;98;286;1,3;0;
2026/03/10;1000 UTC;0;1014,7;1014,7;1013,8;86,5;23,3;23;23,3;22,9;23;22,5;98;98;98;227;1;,2;
2026/03/10;1100 UTC;0;1015,3;1015,3;1014,7;344,1;24,5;23,4;24,5;23,3;23,9;23;98;94;94;292;1,7;,5;
2026/03/10;1200 UTC;0;1015,6;1015,6;1015,3;812,3;25,5;22,6;25,5;24,4;23,5;22,2;94;84;84;317;2;,4;
2026/03/10;1300 UTC;0;1015,5;1015,7;1015,5;1356,3;26;22,2;26,3;25,4;22,9;22,2;84;80;80;341;2,9;,8;
2026/03/10;1400 UTC;0;1015,6;1015,6;1015,5;713,2;25,7;22,4;26,4;25,7;23,1;22,2;83;79;82;9;2,9;,4;
2026/03/10;1500 UTC;0;1015,1;1015,6;1015,1;474,1;25,3;23,2;25,7;24,7;23,2;22,4;89;82;88;269;3,9;,2;
2026/03/10;1600 UTC;0;1014,7;1015,1;1014,7;529,7;23,8;22,2;25,3;23,6;23,2;21,8;91;87;91;241;5,8;1,9;
2026/03/10;1700 UTC;0;1014,1;1014,7;1014,1;584,5;24,1;21,9;24,3;23,8;22,5;21,8;91;87;88;248;4,2;1,4;
2026/03/10;1800 UTC;0;1013,6;1014,1;1013,6;496,9;24,2;21,5;24,2;23,9;22;21,3;88;85;85;214;4,9;1,5;
2026/03/10;1900 UTC;0;1013,4;1013,7;1013,4;328,4;24,3;21,6;24,3;24;21,8;21,4;87;84;85;250;4,7;1,2;
2026/03/10;2000 UTC;0;1013,4;1013,5;1013,4;222,1;24,2;21,5;24,4;24;22;21,4;87;84;85;253;3,2;,8;
2026/03/10;2100 UTC;0;1013,4;1013,5;1013,4;23,9;23,2;22;24,2;23,1;22;21,5;93;85;93;254;2,2;,2;
2026/03/10;2200 UTC;,4;1013,7;1013,7;1013,4;;22,8;22,2;23,2;22,7;22,2;21,8;96;93;96;241;1,5;,4;
2026/03/10;2300 UTC;,2;1013,9;1013,9;1013,7;;22,7;22,2;22,8;22,6;22,2;22;97;96;97;234;1,5;,2;
2026/03/11;0000 UTC;,4;1014,3;1014,3;1013,9;;22,6;22,2;22,8;22,6;22,3;22,1;97;97;97;257;1,6;,1;
2026/03/11;0100 UTC;0;1014;1014,3;1014;;22,5;22;22,9;22,5;22,4;22;97;97;97;245;2,1;,5;
2026/03/11;0200 UTC;0;1013,7;1014;1013,7;;22,6;22,1;22,7;22,4;22,3;21,9;97;97;97;294;1,8;,5;
2026/03/11;0300 UTC;0;1013,4;1013,8;1013,4;;22,4;22;22,6;22,3;22,1;21,8;97;97;97;252;1,9;,6;
2026/03/11;0400 UTC;0;1012,7;1013,4;1012,7;;22,3;21,8;22,4;22,2;22;21,7;97;97;97;251;2;,7;
2026/03/11;0500 UTC;,6;1012,3;1012,8;1012,3;;22,3;21,9;22,4;22,1;21,9;21,6;97;97;97;283;2,4;,3;
2026/03/11;0600 UTC;,8;1011,8;1012,3;1011,8;;22;21,6;22,3;22;21,8;21,6;98;97;98;256;1,6;,3;
2026/03/11;0700 UTC;1;1011,7;1011,8;1011,6;;22,1;21,7;22,2;22;21,9;21,6;98;98;98;253;3,1;,5;
2026/03/11;0800 UTC;1,2;1011,9;1011,9;1011,7;;22;21,7;22,1;21,9;21,8;21,6;98;98;98;256;1,9;,8;
2026/03/11;0900 UTC;,2;1012,3;1012,3;1012;;22;21,6;22;21,9;21,7;21,6;98;98;98;287;2,2;,6;
2026/03/11;1000 UTC;,6;1012,9;1012,9;1012,3;38,8;22,1;21,8;22,1;21,9;21,8;21,6;98;98;98;262;2;,6;
2026/03/11;1100 UTC;0;1013,6;1013,6;1012,9;149,7;22,6;22,2;22,6;22,1;22,2;21,8;98;98;98;266;2,3;,5;
2026/03/11;1200 UTC;,4;1013,9;1013,9;1013,6;395,5;23,2;22,7;23,3;22,5;22,8;22,2;98;97;97;191;2,2;,2;
2026/03/11;1300 UTC;,8;1014,1;1014,1;1013,9;394;23,3;22,4;23,4;23;22,9;22,3;97;95;95;227;1,9;,7;
2026/03/11;1400 UTC;1,4;1013,9;1014,1;1013,9;525,2;22,8;21,7;23,3;22,7;22,3;21,6;95;93;94;235;3,1;,7;
2026/03/11;1500 UTC;,2;1013,4;1013,9;1013,4;449,1;22,8;21,7;22,9;22,5;21,8;21,1;94;91;93;206;2,3;,5;
2026/03/11;1600 UTC;,4;1012,6;1013,4;1012,6;628,6;23,2;21,9;23,3;22,8;22,2;21,6;94;92;92;34;1,9;0;
2026/03/11;1700 UTC;,6;1012;1012,6;1012;335,1;22,6;21,7;23,4;22,4;22,1;21;94;90;94;12;1,2;0;
2026/03/11;1800 UTC;,6;1011,5;1011,9;1011,5;173,1;22,8;22,1;23;22,6;22,4;21,7;96;94;96;45;1,3;,2;
2026/03/11;1900 UTC;1,8;1011,3;1011,5;1011,3;196,5;22,6;21,9;22,9;22,5;22,2;21,8;96;95;96;121;2,2;0;
2026/03/11;2000 UTC;2,8;1011,2;1011,4;1011,2;127,8;22,4;21,9;22,6;22,3;22;21,7;97;96;97;29;2,1;0;
2026/03/11;2100 UTC;,4;1011,5;1011,5;1011,2;55,9;22,3;21,8;22,5;22,3;22;21,8;97;97;97;233;,8;0;
2026/03/11;2200 UTC;,8;1011,7;1011,7;1011,5;,4;22,2;21,9;22,3;22,2;21,9;21,7;98;97;98;235;,3;0;
2026/03/11;2300 UTC;0;1012,4;1012,4;1011,7;;22,2;21,9;22,3;22,1;22;21,8;98;98;98;242;,9;,1;
2026/03/12;0000 UTC;0;1012,8;1012,8;1012,4;;22,4;22;22,4;22,1;22;21,8;98;98;98;300;1,8;,1;
2026/03/12;0100 UTC;0;1013;1013;1012,8;;22,2;21,8;22,4;22,1;22,1;21,7;98;98;98;269;1,7;,2;
2026/03/12;0200 UTC;0;1012,8;1013;1012,8;;21,9;21,6;22,2;21,9;21,9;21,6;98;98;98;235;1,5;,2;
2026/03/12;0300 UTC;,2;1011,8;1012,8;1011,8;;21,8;21,5;22;21,8;21,6;21,5;98;98;98;251;2,3;,4;
2026/03/12;0400 UTC;0;1011;1011,8;1011;;21,7;21,4;21,9;21,6;21,6;21,3;98;98;98;250;1,9;,5;
2026/03/12;0500 UTC;0;1010,3;1011;1010,3;;21,6;21,2;22,1;21,6;21,8;21,2;98;98;98;238;2,7;,3;
2026/03/12;0600 UTC;0;1010,3;1010,4;1010,2;;21,7;21,4;21,8;21,6;21,4;21,2;98;98;98;249;1,3;,2;
2026/03/12;0700 UTC;0;1010,3;1010,6;1010,3;;21,8;21,5;21,9;21,7;21,6;21,4;98;98;98;260;1,3;,1;
2026/03/12;0800 UTC;0;1010,4;1010,4;1010,2;;21,9;21,7;21,9;21,7;21,7;21,5;98;98;98;242;1,5;,3;
2026/03/12;0900 UTC;0;1010,6;1010,7;1010,4;;21,9;21,7;22;21,8;21,7;21,6;99;98;99;267;1,4;,3;
2026/03/12;1000 UTC;0;1011,1;1011,1;1010,6;87,9;22,3;22,1;22,4;21,8;22,1;21,6;99;98;99;229;1,3;,2;
2026/03/12;1100 UTC;,4;1011,5;1011,5;1011,1;218,6;23,1;22,8;23,1;22,3;22,8;22;99;98;98;124;1,2;0;
2026/03/12;1200 UTC;,6;1011,6;1011,6;1011,5;474,5;23,7;23,3;23,7;22,9;23,3;22,6;98;97;97;230;1;,2;
2026/03/12;1300 UTC;,4;1011,5;1011,7;1011,5;724,4;24,4;23,2;24,5;23,7;23,6;23,1;98;92;93;137;1;0;
2026/03/12;1400 UTC;,4;1010,8;1011,5;1010,8;673,7;24,6;23,1;24,7;24,4;23,3;22,6;93;89;91;284;1,1;0;
2026/03/12;1500 UTC;,2;1009,7;1010,8;1009,7;670,9;24,6;22,8;24,9;24,5;23,5;22,8;92;90;90;345;2;,6;
2026/03/12;1600 UTC;,2;1008,8;1009,7;1008,8;917,9;25,3;23,3;25,3;24,5;23,4;22,7;91;88;89;270;2,4;,4;
2026/03/12;1700 UTC;0;1007,7;1008,8;1007,7;1467,4;26;22,7;26,4;25,1;23,4;22,4;89;81;82;203;2,9;,2;
2026/03/12;1800 UTC;0;1006,9;1007,8;1006,8;635,5;25,5;23,5;26;25,1;24,1;23;90;82;88;249;2,5;,4;
2026/03/12;1900 UTC;,4;1006,3;1006,9;1006,3;403;24,8;23;25,8;24,8;23,7;23;90;86;90;278;2,8;,4;
2026/03/12;2000 UTC;,2;1006,3;1006,4;1006;235,6;24,7;23,5;25;24,6;23,7;23;93;90;93;250;2,4;,6;
2026/03/12;2100 UTC;0;1006,3;1006,3;1006,1;118,8;24,2;23,3;25,2;24,2;23,9;23,2;94;92;94;224;2;,2;
2026/03/12;2200 UTC;0;1006,4;1006,4;1006,2;;24;23,4;24,2;23,9;23,5;23,2;97;95;97;262;1,5;,5;
2026/03/12;2300 UTC;0;1007;1007;1006,4;;24;23,6;24;23,8;23,6;23,3;98;97;98;330;1,5;,1;
2026/03/13;0000 UTC;,2;1007,7;1007,7;1007;,2;24,4;23,9;25;24;24,6;23,6;98;97;97;300;2,4;,1;
2026/03/13;0100 UTC;,6;1007,9;1008;1007,7;;25;24,5;25;24,2;24,5;23,7;97;97;97;316;4,4;1;
2026/03/13;0200 UTC;1,2;1007,3;1007,9;1007,2;;25,2;23,2;25,3;24;24,6;23,1;97;88;88;299;6,1;2,6;
2026/03/13;0300 UTC;,2;1006,4;1007,5;1006,4;;24,4;22,7;25,4;24,3;23,1;22,6;91;86;91;298;9,2;1,7;
2026/03/13;0400 UTC;0;1005,6;1006,4;1005,5;;25,5;22,1;25,9;24,2;22,9;21,8;91;79;82;301;7,6;1,8;
2026/03/13;0500 UTC;0;1004,6;1005,6;1004,6;;25,9;21,9;26,4;25;22,2;21,8;83;77;78;313;6,6;2,2;
2026/03/13;0600 UTC;0;1004;1004,6;1004;;25;22;27,1;24,4;22;21,2;84;71;84;298;7;,8;
2026/03/13;0700 UTC;0;1003,6;1004,1;1003,5;;24,1;21,8;25,3;23,8;23,2;21,8;91;83;87;247;3,5;,9;
2026/03/13;0800 UTC;0;1004,2;1004,2;1003,6;;24,2;21,6;27,4;23,8;22,7;21,1;90;69;85;282;6,1;1,1;
2026/03/13;0900 UTC;0;1004,3;1004,5;1004,2;;23,5;22,4;25,1;23,4;22,5;21,6;94;85;94;246;3;,4;
2026/03/13;1000 UTC;0;1005;1005;1004,3;96,9;24;23;24,3;23,5;23,1;22,3;94;92;94;271;2,9;,1;
2026/03/13;1100 UTC;0;1005,2;1005,3;1005;816,4;29,1;23,2;29,1;24;24,2;22,7;94;70;71;259;3,6;1,2;
2026/03/13;1200 UTC;0;1006;1006;1005,2;753,3;26,3;24,3;29,2;26,3;24,6;21,4;89;63;89;176;3,5;,3;
2026/03/13;1300 UTC;0;1006,5;1006,5;1006;936,7;28;23;28,3;26,2;25,1;22,1;90;70;75;229;3,5;1;
2026/03/13;1400 UTC;0;1007,2;1007,2;1006,5;2114,8;26,9;22,5;29;26,9;24;22,1;79;68;77;219;7,2;2,1;
2026/03/13;1500 UTC;0;1007,1;1007,3;1007,1;1061,9;26,2;23;26,9;26,1;23;22,3;82;77;82;161;8,9;1;
2026/03/13;1600 UTC;0;1006,7;1007,2;1006,7;1194,2;26,1;22,6;26,3;25,1;23,7;22,6;89;81;81;227;7,6;2,5;
2026/03/13;1700 UTC;,4;1006,2;1006,7;1006,2;1561,4;26,2;21,7;26,4;25,5;22,8;21,7;83;76;76;232;10,5;2,7;
2026/03/13;1800 UTC;0;1006;1006,2;1005,8;917,6;25,9;21,8;26,3;25,8;21,8;21,4;78;76;78;228;9,7;2,6;
2026/03/13;1900 UTC;0;1006,1;1006,1;1006;373,7;25,6;21,9;26;25,6;22;21,6;80;77;80;237;7,9;2,4;
2026/03/13;2000 UTC;1,6;1006,8;1006,9;1006;90,3;23,8;22,6;25,5;23,8;22,6;21,9;93;80;93;339;6,4;,4;
2026/03/13;2100 UTC;2;1007;1007;1006,6;56,7;23,5;22,3;24,1;23,5;23;22,3;95;93;93;294;4,5;,2;
2026/03/13;2200 UTC;,2;1007,9;1007,9;1007;;23,1;22,5;23,5;23;22,6;22,3;97;93;97;357;1,7;,1;
2026/03/13;2300 UTC;1,2;1008,5;1008,5;1007,9;;22,7;22,3;23,1;22,7;22,5;22,3;98;97;98;160;1,6;0;
2026/03/14;0000 UTC;,2;1009;1009;1008,5;;22,6;22,3;22,8;22,6;22,4;22,3;98;98;98;230;1,5;,2;
2026/03/14;0100 UTC;0;1008,6;1009;1008,6;;22,3;22;22,6;22,3;22,3;22;98;98;98;282;1,2;0;
2026/03/14;0200 UTC;0;1008,1;1008,6;1008,1;;22,1;21,8;22,3;22,1;22;21,8;98;98;98;147;,8;0;
2026/03/14;0300 UTC;0;1007,7;1008,1;1007,7;;21,8;21,6;22,1;21,8;21,8;21,5;99;98;99;251;,9;,1;
2026/03/14;0400 UTC;0;1007,2;1007,7;1007,1;;21,4;21,2;21,8;21,4;21,6;21,2;99;99;99;284;,7;0;
2026/03/14;0500 UTC;,2;1006,7;1007,2;1006,7;;21,3;21,1;21,4;21,3;21,2;21,1;99;99;99;241;1,4;0;
2026/03/14;0600 UTC;0;1006,6;1006,7;1006,6;;21;20,9;21,3;21;21,1;20,9;99;99;99;300;1,1;0;
2026/03/14;0700 UTC;0;1006,7;1006,7;1006,5;;20,9;20,7;21,1;20,8;21;20,7;99;99;99;294;,6;0;
2026/03/14;0800 UTC;0;1007,1;1007,1;1006,7;;20,6;20,4;20,9;20,6;20,7;20,4;99;99;99;323;1,3;0;
2026/03/14;0900 UTC;0;1007,5;1007,5;1007;,5;20,5;20,3;20,6;20,4;20,4;20,3;99;99;99;251;,8;0;
2026/03/14;1000 UTC;0;1008,1;1008,1;1007,5;226,7;21,8;21,7;21,8;20,5;21,7;20,4;99;99;99;79;,3;0;
2026/03/14;1100 UTC;0;1008,8;1008,8;1008,1;889,4;24,8;24,5;24,8;21,8;24,5;21,8;99;98;98;141;,8;0;
2026/03/14;1200 UTC;0;1009;1009;1008,7;1336,8;26,3;22,1;26,5;24,7;25,2;22;98;77;78;103;2,9;,9;
2026/03/14;1300 UTC;0;1009,1;1009,1;1009;2081,3;27,2;22,7;27,5;25,8;23;21,3;81;72;77;165;3,8;1;
2026/03/14;1400 UTC;0;1009;1009,2;1008,9;2258,3;26,8;21,8;27,8;26,6;23,1;21,1;78;70;74;226;4,5;1,3;
2026/03/14;1500 UTC;0;1008,7;1009;1008,7;2138,2;27,8;21,7;28;26,6;22,6;21,6;76;70;70;279;4,8;1,4;
2026/03/14;1600 UTC;,2;1008,4;1008,7;1008,3;2606,7;27,8;21,6;28,7;27;22,8;21,3;74;67;69;207;5,5;2;
2026/03/14;1700 UTC;0;1007,8;1008,4;1007,8;2875,9;28,5;21,9;28,9;27,1;22,5;20,8;73;64;68;242;5,4;1,4;
2026/03/14;1800 UTC;0;1007,7;1007,8;1007,7;2615,2;28,1;21,2;28,6;27,3;22,4;20,7;71;64;66;221;6,1;1,5;
2026/03/14;1900 UTC;0;1007,4;1007,8;1007,4;1859,4;27,5;21,1;28,2;26,9;22,4;20,7;71;66;68;328;5,4;1,1;
2026/03/14;2000 UTC;0;1007,4;1007,7;1007,4;1014,7;26,9;20,3;28,2;26,8;21,7;20,3;71;65;67;199;3,6;1;
2026/03/14;2100 UTC;0;1007,7;1007,7;1007,4;200,6;23,7;21,4;27;23,7;21,4;20,2;87;67;87;253;2,8;,1;
2026/03/14;2200 UTC;0;1008,3;1008,3;1007,7;;21,9;20,9;23,7;21,9;21,4;20,9;94;87;94;216;1,2;,1;
2026/03/14;2300 UTC;0;1009,3;1009,3;1008,3;;21,2;20,5;21,9;21,2;21;20,5;96;94;96;250;1,4;,5;
2026/03/15;0000 UTC;0;1009,7;1009,7;1009,3;;20,7;20,1;21,2;20,6;20,5;20;97;96;97;253;1,8;,4;
2026/03/15;0100 UTC;0;1010;1010,1;1009,7;;20,3;19,8;20,7;20,2;20,1;19,7;97;96;97;237;2,1;,6;
2026/03/15;0200 UTC;0;1009,9;1010;1009,8;;19,9;19,5;20,3;19,9;19,8;19,5;97;97;97;231;2,1;0;
2026/03/15;0300 UTC;0;1009,3;1009,9;1009,3;;19,7;19,4;19,9;19,6;19,5;19,3;98;97;98;261;1,4;,1;
2026/03/15;0400 UTC;0;1008,8;1009,3;1008,8;;19,3;19,1;19,7;19,3;19,3;19;98;98;98;266;1,4;0;
2026/03/15;0500 UTC;0;1008,2;1008,8;1008,1;;19,3;19;19,5;19,2;19,2;18,9;99;98;99;253;1;,2;
2026/03/15;0600 UTC;0;1008;1008,2;1008;;18,9;18,7;19,3;18,9;19;18,7;99;98;99;273;1;0;
2026/03/15;0700 UTC;0;1007,9;1008;1007,8;;18,8;18,7;18,9;18,7;18,7;18,5;99;99;99;262;,9;,3;
2026/03/15;0800 UTC;0;1008,4;1008,4;1007,9;;18,7;18,5;19,1;18,7;18,9;18,5;99;99;99;255;1,1;0;
2026/03/15;0900 UTC;0;1008,8;1008,8;1008,4;,9;18,6;18,5;18,8;18,5;18,7;18,4;99;99;99;254;,9;,2;
2026/03/15;1000 UTC;0;1009,2;1009,2;1008,8;143,3;20,3;20,1;20,3;18,6;20,1;18,4;99;99;99;240;1;,1;
2026/03/15;1100 UTC;0;1009,5;1009,5;1009,2;1107,5;24,4;21,9;24,4;20,3;23,2;20,2;99;86;86;11;3,6;1,6;
2026/03/15;1200 UTC;0;1009,7;1009,9;1009,5;1981,6;25,8;21,3;26;24,4;22;21,2;86;76;76;4;3,7;1,8;
2026/03/15;1300 UTC;0;1009,5;1009,7;1009,4;2702,7;27,7;20,6;28,1;25,8;22,2;20,6;77;65;65;333;4,8;2;
2026/03/15;1400 UTC;0;1009,2;1009,6;1009,2;3224,8;29,2;21;29,4;27,7;22;20,3;67;59;62;45;4,3;1,5;
2026/03/15;1500 UTC;0;1008,5;1009,2;1008,5;3490,5;30,8;21,1;30,8;29,2;21,4;19,6;62;53;56;49;4,1;1,3;
2026/03/15;1600 UTC;0;1007,8;1008,5;1007,8;3485,2;31;23,6;31,3;30,2;24;20;67;53;65;159;4,6;1,7;
2026/03/15;1700 UTC;0;1007,8;1007,9;1007,7;3229,5;29,3;22;31,1;29,3;24,1;21,6;67;60;65;244;5,9;2;
2026/03/15;1800 UTC;0;1007,3;1007,8;1007,2;2722,6;29;22,3;29,9;28,9;23,2;21,8;68;63;67;182;6;2;
2026/03/15;1900 UTC;0;1007;1007,3;1007;2021,4;28,1;22,1;29;27,9;22,7;21,7;70;67;70;187;8,6;2,5;
2026/03/15;2000 UTC;0;1007,3;1007,3;1007;1169,3;28,6;21,4;28,8;27,9;22,6;21,4;71;65;65;200;7,5;1,7;
2026/03/15;2100 UTC;0;1007,8;1007,8;1007,3;195,8;24,9;22,7;28,8;24,9;22,9;21,4;88;64;88;206;5;0;
2026/03/15;2200 UTC;0;1008,4;1008,4;1007,8;;23,3;21,9;24,9;23,3;23;21,9;92;88;92;242;1,1;,2;
2026/03/15;2300 UTC;0;1009,3;1009,3;1008,4;;22,2;21,3;23,3;22,2;21,9;21,3;95;92;95;259;1,1;0;
2026/03/16;0000 UTC;0;1010;1010;1009,3;;22;21,3;22,4;22;21,7;21,3;96;95;96;213;1,6;0;
2026/03/16;0100 UTC;0;1010,5;1010,5;1010;;21,8;21,2;22;21,8;21,5;21,2;97;96;97;243;1;,1;
2026/03/16;0200 UTC;0;1010,6;1010,7;1010,4;;21,5;21,1;21,8;21,5;21,3;21,1;98;97;98;266;1;0;
2026/03/16;0300 UTC;0;1010,5;1010,7;1010,5;;21,3;20,9;21,5;21,2;21,1;20,9;98;97;98;253;,6;0;
2026/03/16;0400 UTC;0;1009,8;1010,5;1009,8;;21,2;20,9;21,3;21,2;21;20,9;98;98;98;251;,9;0;
2026/03/16;0500 UTC;0;1009,4;1009,8;1009,4;;21,3;21;21,6;21,2;21,3;20,9;98;98;98;250;2;,2;
2026/03/16;0600 UTC;0;1009,1;1009,5;1009,1;;21,5;21,2;21,6;21,3;21,3;21;98;98;98;247;1,6;,3;
2026/03/16;0700 UTC;0;1009,1;1009,1;1009;;21;20,8;21,5;21;21,3;20,8;98;98;98;274;1,5;0;
2026/03/16;0800 UTC;0;1009,3;1009,3;1009;;21;20,7;21,6;20,9;21,4;20,7;99;98;99;236;2,7;,3;
2026/03/16;0900 UTC;0;1009,9;1009,9;1009,3;;20,3;20,1;21;20,3;20,7;20,1;99;99;99;265;1,1;0;
2026/03/16;1000 UTC;0;1010,3;1010,3;1009,9;123,8;21,2;21;21,2;20,2;21;20;99;99;99;255;1,1;0;
2026/03/16;1100 UTC;0;1010,8;1010,8;1010,3;1086,2;26,8;24,4;26,8;21,2;25,3;21,1;99;87;87;40;2,1;,6;
2026/03/16;1200 UTC;0;1011,2;1011,2;1010,8;1950,9;28;22,9;28,2;26,5;24;22,4;87;73;74;43;2,2;,6;
2026/03/16;1300 UTC;0;1011,1;1011,2;1011,1;2666,6;29,7;22,2;29,8;28;23,4;22;74;64;64;106;2,1;,7;
2026/03/16;1400 UTC;0;1010,8;1011,1;1010,7;3169,8;30,9;23,4;31,7;29,6;23,4;20;68;52;65;137;5,2;1,2;
2026/03/16;1500 UTC;0;1010,1;1010,8;1010,1;3420,9;30,4;23,9;31;29,6;24,6;22,6;71;63;68;145;5,2;1,4;
2026/03/16;1600 UTC;0;1009,5;1010,1;1009,5;3438,2;30,2;22,8;31;29,9;24,9;22,6;71;64;65;119;4,9;1,7;
2026/03/16;1700 UTC;0;1009,2;1009,5;1009,1;3088,2;29,6;22,7;30,8;29,5;24;22,3;68;64;67;259;7,3;2,3;
2026/03/16;1800 UTC;0;1009;1009,2;1008,8;2648,2;28,9;22,1;29,8;28,8;23,6;21,7;70;64;67;248;7,3;3,4;
2026/03/16;1900 UTC;0;1008,9;1009;1008,8;1947,2;28,4;22,7;29;28,4;22,9;22,2;72;67;71;241;8,5;3,1;
2026/03/16;2000 UTC;0;1008,7;1009;1008,7;1137,1;27,7;21;28,4;27,7;22,9;20,9;72;66;67;242;7,2;2,7;
2026/03/16;2100 UTC;0;1009;1009;1008,7;180;25,8;20,1;27,7;25,1;21;19,6;73;64;71;293;5,8;1;
2026/03/16;2200 UTC;0;1009,5;1009,5;1009;;26;22;26,3;23,7;22,4;19,3;82;66;79;251;5,7;1,7;
2026/03/16;2300 UTC;0;1010,4;1010,4;1009,5;;23,2;21,2;26;23,2;22,2;21,1;88;79;88;223;5,7;,3;
2026/03/17;0000 UTC;0;1011,4;1011,4;1010,4;;22,1;20,9;23,2;22;21,2;20,8;93;88;93;242;1,2;,5;
2026/03/17;0100 UTC;0;1011,8;1011,8;1011,4;;21,5;20,6;22,1;21,4;21;20,5;95;93;95;258;1,2;0;
2026/03/17;0200 UTC;0;1011,8;1011,9;1011,8;;21,4;20,8;21,6;21,3;21;20,5;96;95;96;263;1,5;,1;
2026/03/17;0300 UTC;0;1012,1;1012,1;1011,7;;21,4;20,9;21,4;21,3;20,9;20,8;97;96;97;277;1,3;,3;
2026/03/17;0400 UTC;0;1011,4;1012,1;1011,4;;21,1;20,6;21,6;21,1;21,1;20,6;97;97;97;244;1,3;0;
2026/03/17;0500 UTC;0;1010,8;1011,4;1010,8;;20,8;20,3;21,1;20,8;20,7;20,3;97;97;97;237;1,2;,3;
2026/03/17;0600 UTC;0;1010,2;1010,8;1010,2;;20,5;20,1;20,8;20,5;20,3;20,1;98;97;98;257;1,4;,1;
2026/03/17;0700 UTC;0;1010,1;1010,2;1009,9;;20,1;19,8;20,5;20,1;20,1;19,8;98;98;98;258;1;0;
2026/03/17;0800 UTC;0;1010,4;1010,4;1010,1;;20;19,7;20,2;20;19,9;19,7;98;98;98;242;,9;,1;
2026/03/17;0900 UTC;0;1010,8;1010,8;1010,4;;19,7;19,5;20;19,7;19,7;19,4;99;98;98;254;,9;0;
2026/03/17;1000 UTC;0;1011,6;1011,6;1010,8;123,2;21;20,8;21;19,7;20,8;19,4;99;98;99;274;,9;0;
2026/03/17;1100 UTC;0;1011,9;1011,9;1011,6;1056,9;26,7;23,9;26,7;21;24;20,8;99;84;84;67;1,6;,2;
2026/03/17;1200 UTC;0;1012;1012,2;1011,9;1930,7;27,5;22,8;27,5;26,3;23,9;21,7;85;73;76;124;2,4;,6;
2026/03/17;1300 UTC;0;1012;1012,1;1012;2649;28,3;22,6;29;27,3;23,5;21,8;77;68;71;139;3,9;1,3;
2026/03/17;1400 UTC;0;1011,7;1012,1;1011,7;3192,4;28,6;21,8;29,1;27,8;23,5;21,7;75;67;67;44;5,4;,9;
2026/03/17;1500 UTC;0;1010,9;1011,7;1010,9;3480,6;28,6;21,9;29,2;28,3;23,5;21,7;72;66;67;271;5,7;1,7;
2026/03/17;1600 UTC;0;1010,2;1010,9;1010,2;3410;28,4;21,8;29,1;27,9;22,8;21,5;72;66;67;307;7,1;1,7;
2026/03/17;1700 UTC;0;1009,8;1010,2;1009,8;3123,5;28;21,6;28,6;27,9;22,3;21;70;66;68;240;8,2;3,1;
2026/03/17;1800 UTC;0;1009;1009,9;1008,9;2609,1;27,8;22,3;28,4;27,6;22,4;21,4;73;67;72;240;8,5;3,7;
2026/03/17;1900 UTC;0;1008,5;1009;1008,4;1922,1;27,9;22,1;28,2;27,5;22,6;21,8;73;69;71;210;7,9;1,6;
2026/03/17;2000 UTC;0;1008,5;1008,6;1008,5;1062,6;27,1;21,2;28;27,1;22,5;21,2;73;70;70;180;5,4;1,3;
2026/03/17;2100 UTC;0;1008,8;1008,8;1008,4;183,9;25,4;21,6;27,2;24,7;21,9;21,4;84;70;79;237;4,6;1,2;
2026/03/17;2200 UTC;0;1009,4;1009,4;1008,8;;22,9;20,5;26;22,9;21,8;20,4;87;77;86;245;6,6;,2;
2026/03/17;2300 UTC;0;1010,6;1010,6;1009,4;;22,5;21;23,1;22,2;21;20,3;91;86;91;247;2,3;,2;
2026/03/18;0000 UTC;0;1011,5;1011,5;1010,6;;22;20,9;23,1;21,8;21,7;20,5;93;90;93;265;2;,7;
2026/03/18;0100 UTC;0;1011,9;1011,9;1011,4;;22,3;20,6;23,6;21,8;22;20,6;94;88;90;250;3,4;,7;
2026/03/18;0200 UTC;0;1011,8;1012;1011,7;;21,2;20,5;22,3;21,2;20,7;20,4;95;90;95;265;1,7;,1;
2026/03/18;0300 UTC;0;1011,2;1011,8;1011,2;;20,9;20,4;21,2;20,9;20,5;20,4;97;95;97;240;,8;0;
2026/03/18;0400 UTC;0;1010,6;1011,2;1010,6;;20,6;20,2;20,9;20,6;20,4;20,2;97;97;97;274;,8;0;
2026/03/18;0500 UTC;0;1009,8;1010,6;1009,8;;20,7;20,3;20,7;20,5;20,3;20,1;98;97;98;226;,8;0;
2026/03/18;0600 UTC;0;1009,2;1009,8;1009,2;;21,2;20,9;21,3;20,7;21;20,4;98;98;98;241;,9;0;
2026/03/18;0700 UTC;0;1009,2;1009,2;1009,1;;20,9;20,6;21,2;20,8;20,9;20,5;98;98;98;266;,8;,2;
2026/03/18;0800 UTC;0;1009,8;1009,8;1009,2;;20,7;20,5;20,9;20,6;20,6;20,3;99;98;99;258;,8;0;
2026/03/18;0900 UTC;0;1010,3;1010,3;1009,8;1,5;21,5;21,3;21,5;20,7;21,3;20,5;99;99;99;253;,5;0;
2026/03/18;1000 UTC;0;1010,8;1010,8;1010,3;91,1;22,6;22,3;22,6;21,5;22,3;21,3;99;98;99;236;,6;0;
2026/03/18;1100 UTC;0;1010,9;1011,1;1010,8;711,7;25,8;23,4;26,2;22,5;24,8;22,3;99;87;87;110;1;,1;
2026/03/18;1200 UTC;0;1010,7;1010,9;1010,7;1784,7;27,2;22,2;27,8;25,8;23,7;22,2;88;73;74;46;1,6;,4;
2026/03/18;1300 UTC;0;1010,4;1010,7;1010,4;2421,4;28;22,6;29,3;27,2;23,3;21,9;75;67;73;175;2,6;1,2;
2026/03/18;1400 UTC;0;1009,9;1010,5;1009,8;3185,9;28,6;22,6;29,1;27,9;23,5;22,2;75;69;70;111;4;1,4;
2026/03/18;1500 UTC;0;1009,1;1009,9;1009,1;3464,7;27,8;22,2;28,9;27,8;23,4;22;75;68;72;219;5,5;1,9;
2026/03/18;1600 UTC;0;1008,3;1009,1;1008,3;3404,1;28,2;22,3;29,2;27,6;23,7;21,7;74;68;71;260;5,1;1,9;
2026/03/18;1700 UTC;0;1007,6;1008,3;1007,5;3133,7;28,8;22,5;28,8;27,8;22,8;21,4;71;68;69;267;6;1,7;
2026/03/18;1800 UTC;0;1007;1007,6;1007;2615,2;28,1;21,9;28,8;27,7;22,3;21,5;71;67;69;246;7,3;3,1;
2026/03/18;1900 UTC;0;1006,5;1007;1006,5;1881,1;27,2;22;28,2;27,2;22,4;21,6;73;69;73;247;7,3;2,8;
2026/03/18;2000 UTC;0;1006,8;1006,8;1006,5;980,1;26;22,2;27,3;26;22,4;21,8;80;73;79;246;6,9;2,2;
2026/03/18;2100 UTC;0;1007,3;1007,3;1006,8;192,7;25,5;21,8;26,1;25,5;22,3;21,8;81;79;80;247;5,7;1,9;
2026/03/18;2200 UTC;0;1007,7;1007,7;1007,2;;24,7;22;25,5;24,6;22;21,7;85;80;85;255;4;1,4;
2026/03/18;2300 UTC;0;1009;1009;1007,7;;25,1;21,9;25,2;24,5;22;21,8;85;82;82;238;4,4;1,7;
2026/03/19;0000 UTC;0;1009,2;1009,3;1009;;24,5;22;25,2;24,5;22;21,8;86;82;86;246;4,4;1,1;
2026/03/19;0100 UTC;0;1009,2;1009,5;1009,2;;23,5;21,6;24,7;23,5;22,1;21,6;89;85;89;259;2,3;,5;
2026/03/19;0200 UTC;0;1009,2;1009,3;1009,2;;23;21,9;23,5;22,9;22;21,5;94;89;94;267;1,2;0;
2026/03/19;0300 UTC;0;1008,8;1009,2;1008,8;;22,4;21,7;23;22,4;22;21,7;96;94;96;228;,5;0;
2026/03/19;0400 UTC;0;1008,2;1008,8;1008,1;;22,5;21,9;22,6;22,4;22;21,7;96;96;96;249;1;0;
2026/03/19;0500 UTC;0;1007,8;1008,2;1007,8;;22,6;22,1;22,6;22,4;22,1;21,8;97;96;97;233;1;0;
2026/03/19;0600 UTC;0;1007,1;1007,8;1007,1;;22,8;22,2;22,9;22,6;22,3;22,1;97;96;96;240;,9;0;
2026/03/19;0700 UTC;0;1006,9;1007,1;1006,7;;23;22,4;23;22,8;22,5;22,3;97;96;96;316;,7;0;
2026/03/19;0800 UTC;0;1007;1007;1006,9;;23,1;22,5;23,2;22,9;22,6;22,3;97;96;96;237;,5;0;
2026/03/19;0900 UTC;0;1007,1;1007,2;1007;1,9;23,2;22,6;23,2;23;22,6;22,3;97;96;96;251;1,3;0;
2026/03/19;1000 UTC;0;1007,3;1007,3;1007,1;106,9;23,9;23,2;23,9;23,2;23,3;22,6;96;96;96;306;1,2;,1;
2026/03/19;1100 UTC;0;1007,8;1007,8;1007,3;456,9;25,7;23,2;25,7;23,9;23,6;22,5;96;84;86;246;2,4;,1;
2026/03/19;1200 UTC;0;1007,8;1008;1007,8;878;26,9;22,9;26,9;25,7;23,4;22,5;87;78;79;360;3,4;,1;
2026/03/19;1300 UTC;0;1007,3;1007,8;1007,3;1811,7;28,6;23,3;28,7;26,9;24,2;22,5;81;71;73;143;2,6;,8;
2026/03/19;1400 UTC;0;1007,2;1007,3;1007,2;1443,7;27,2;22,9;28,6;26,7;24;22,5;81;72;77;201;4,2;,6;
2026/03/19;1500 UTC;0;1006,6;1007,2;1006,6;1483,3;27,2;22,8;27,4;26,7;23,4;22,5;80;75;77;291;3,7;,5;
2026/03/19;1600 UTC;0;1006,1;1006,6;1006,1;1499,7;27;22,4;27,6;27;23,3;22,3;78;74;76;212;4,4;1,8;
2026/03/19;1700 UTC;0;1005,5;1006,1;1005,5;1364,2;26,7;22,5;27,2;26,6;22,9;22,3;79;76;78;224;6,1;2,3;
2026/03/19;1800 UTC;0;1005;1005,6;1004,9;1504,6;26,8;21,9;27,7;26,5;23;21,9;79;73;75;240;5,7;1,9;
2026/03/19;1900 UTC;0;1005,3;1005,3;1005;437,9;25,6;22,4;26,8;25,6;22,4;21,6;82;74;82;240;6,7;2,7;
2026/03/19;2000 UTC;0;1005,6;1005,8;1005,3;232,5;25,5;22,5;25,6;25,4;22,7;22,3;84;82;84;244;6;2;
2026/03/19;2100 UTC;0;1005,8;1005,8;1005,5;50;25,3;22,2;25,6;25,3;22,6;22,2;84;82;83;250;5,3;,8;
2026/03/19;2200 UTC;0;1006,9;1006,9;1005,8;;25,3;22,9;25,4;24,8;22,9;22,2;87;83;87;250;4,1;1,7;
2026/03/19;2300 UTC;0;1007,9;1007,9;1006,9;;24,9;23,1;25,3;24,9;23,1;22,9;90;87;90;224;4;,7;
2026/03/20;0000 UTC;1,4;1008,2;1008,2;1007,9;;24,3;23,4;24,9;24,3;23,4;23,1;95;90;95;304;3,9;,3;
2026/03/20;0100 UTC;,8;1008,3;1008,4;1008,1;;24,1;23,6;24,4;24,1;23,7;23,4;97;95;97;2;2,4;0;
2026/03/20;0200 UTC;2;1008,2;1008,5;1008,2;;22,8;21,8;24,2;22,7;23,7;21,8;97;94;94;240;4,5;,1;
2026/03/20;0300 UTC;0;1007,8;1008,2;1007,6;;22,4;20,9;23,4;22,4;22;20,8;95;86;91;272;5,1;,7;
2026/03/20;0400 UTC;0;1007,2;1007,8;1007,2;;21,8;21,3;22,4;21,8;21,4;20,9;97;91;97;254;2,6;,2;
2026/03/20;0500 UTC;0;1006,7;1007,2;1006,6;;21,7;21,2;21,8;21,6;21,3;21,1;97;97;97;306;1,9;,1;
2026/03/20;0600 UTC;0;1006,2;1006,7;1006,1;;21,9;21,3;23;21,7;22,5;21,2;98;93;96;187;3,1;,1;
2026/03/20;0700 UTC;,2;1005,9;1006,2;1005,8;;21,8;21,5;22;21,8;21,6;21,3;98;96;98;236;1,3;0;
2026/03/20;0800 UTC;0;1006,2;1006,3;1005,9;;21,8;21,5;21,9;21,8;21,6;21,5;98;98;98;227;,8;0;
2026/03/20;0900 UTC;0;1007;1007;1006,2;,3;21,8;21,6;21,9;21,8;21,6;21,5;99;98;99;294;,8;,1;
2026/03/20;1000 UTC;0;1007,6;1007,6;1007;119,7;22,4;22,2;22,5;21,8;22,2;21,6;99;98;99;259;1,3;,5;
2026/03/20;1100 UTC;0;1008,2;1008,2;1007,6;577,8;24,4;23,4;24,4;22,4;23,7;22,2;99;94;94;165;1,3;,1;
2026/03/20;1200 UTC;0;1008,4;1008,4;1008,2;1440,2;26;22,3;26,4;24,4;23,7;22,1;94;79;80;72;2,6;,4;
2026/03/20;1300 UTC;0;1008,5;1008,5;1008,4;1265,4;25,4;22,1;26,8;25,4;23,4;22,1;84;78;82;162;3,5;1,1;
2026/03/20;1400 UTC;,2;1008,4;1008,5;1008,4;1516,2;26,7;22,5;26,9;25,4;23,1;22,2;83;77;77;293;3,1;,8;
2026/03/20;1500 UTC;0;1008;1008,4;1008;1775,3;26,6;22,5;27,1;26,3;23,2;21,9;81;76;78;92;4,2;,5;
2026/03/20;1600 UTC;0;1007,3;1008;1007,3;1675,3;26,9;22,9;27,3;26,3;23,5;22,5;82;78;79;327;5,2;1,3;
2026/03/20;1700 UTC;0;1006,8;1007,3;1006,8;930,4;25,9;22,8;27;25,5;23,1;22,2;85;79;83;220;5;1,3;
2026/03/20;1800 UTC;0;1006,7;1006,8;1006,6;855,6;26,3;23,1;26,5;25,9;23,1;22,4;83;79;82;224;4,5;1,2;
2026/03/20;1900 UTC;0;1006,8;1006,8;1006,7;1321,5;26;22,4;27,4;26;23,6;22,2;82;77;81;249;4,3;1,4;
2026/03/20;2000 UTC;0;1007;1007;1006,7;444;25,4;22,5;26;25,4;22,7;22,3;84;81;84;231;4,2;1;
2026/03/20;2100 UTC;0;1007,5;1007,5;1007;34,3;23,7;22,3;25,4;23,7;22,5;22;92;83;92;227;3,8;,2;
2026/03/20;2200 UTC;0;1008,2;1008,2;1007,5;;23,5;22,7;23,8;23,5;22,8;22,3;95;92;95;56;1,6;0;
2026/03/20;2300 UTC;0;1008,7;1008,7;1008,2;;23,4;22,8;23,7;23,4;22,9;22,7;96;95;96;251;1,1;0;
2026/03/21;0000 UTC;0;1009,2;1009,2;1008,7;;23,2;22,7;23,5;23,2;23;22,7;97;96;97;214;1,3;,2;
2026/03/21;0100 UTC;0;1009,7;1009,7;1009,2;;22,6;22,2;23,2;22,6;22,7;22,2;97;97;97;282;1,3;0;
2026/03/21;0200 UTC;0;1009,8;1009,8;1009,6;;22,2;21,8;22,7;22,2;22,3;21,8;98;97;98;247;1,2;0;
2026/03/21;0300 UTC;0;1009,5;1009,8;1009,5;;21,6;21,4;22,2;21,6;21,8;21,4;98;98;98;268;1;0;
2026/03/21;0400 UTC;0;1009,3;1009,6;1009,3;;21,4;21,2;21,7;21,4;21,4;21,1;99;98;99;267;1;,1;
2026/03/21;0500 UTC;0;1008,9;1009,3;1008,9;;21,2;21;21,4;21,1;21,2;20,9;99;99;99;225;1,2;,2;
2026/03/21;0600 UTC;0;1008,4;1009;1008,4;;20,9;20,7;21,2;20,9;21;20,7;99;99;99;234;1,1;0;
2026/03/21;0700 UTC;0;1008,1;1008,4;1008,1;;20,6;20,5;20,9;20,6;20,7;20,5;99;99;99;261;1;0;
2026/03/21;0800 UTC;0;1008,3;1008,3;1008,1;;20,4;20,2;20,6;20,3;20,5;20,2;99;99;99;260;,6;0;
2026/03/21;0900 UTC;0;1008,9;1008,9;1008,3;;20,3;20,1;20,4;20,1;20,3;20;99;99;99;253;,8;,1;
2026/03/21;1000 UTC;0;1009,2;1009,2;1008,9;99,7;21,2;21,1;21,2;20,2;21,1;20,1;99;99;99;300;,8;0;
2026/03/21;1100 UTC;0;1009,7;1009,7;1009,2;1012,7;25,8;23,7;25,8;21,2;24,6;21,1;99;86;88;58;,9;,1;
2026/03/21;1200 UTC;0;1010;1010;1009,7;1982,2;27,7;21,8;27,8;25,8;23,9;21,7;88;70;70;48;2,3;,8;
2026/03/21;1300 UTC;0;1009,9;1010,1;1009,9;2501,7;29,1;21,5;29,2;27,2;23,1;20,3;73;61;63;235;2,1;,4;
2026/03/21;1400 UTC;,2;1010,1;1010,2;1009,9;2534,2;28,7;22,8;29,7;27;23,2;20,6;77;60;71;231;3,9;1,4;
2026/03/21;1500 UTC;0;1010;1010,1;1009,9;3389,6;28,4;21,9;28,9;27,9;23,4;21;73;65;68;296;6,1;2;
2026/03/21;1600 UTC;0;1009,7;1010;1009,7;2757,2;28,2;20,4;29,1;27,9;22,6;20,4;70;61;63;270;6,1;1,8;
2026/03/21;1700 UTC;0;1009,6;1009,7;1009,4;2234,6;27,2;21,3;28,6;27,1;21,8;20,5;72;62;70;244;7,7;2,6;
2026/03/21;1800 UTC;0;1009,2;1009,6;1009,2;2032,8;27,3;21,6;27,9;27,1;22,5;21,3;74;68;71;257;7,8;3,6;
2026/03/21;1900 UTC;0;1009,3;1009,4;1009,2;1702,8;27,3;22,6;27,7;27;22,6;21,5;77;71;75;184;8,1;1,2;
2026/03/21;2000 UTC;0;1009,3;1009,4;1009,2;752,5;26,3;22,1;27,4;26,3;22,5;21,7;80;74;78;208;5,6;,9;
2026/03/21;2100 UTC;0;1009,7;1009,7;1009,3;123,8;24,9;21,8;26,3;24,9;22,1;21,7;83;77;83;232;4,9;1,4;
2026/03/21;2200 UTC;0;1010,4;1010,4;1009,7;;25,6;21,4;25,7;24,9;22;21,4;83;77;77;246;5,3;2,2;
2026/03/21;2300 UTC;0;1010,9;1010,9;1010,4;;23,2;21,4;25,6;23,2;21,4;21,2;90;77;90;255;4,5;0;
2026/03/22;0000 UTC;0;1011,5;1011,5;1010,9;;22,2;20,9;23,2;22,2;21,5;20,9;93;90;93;242;1,6;,6;
2026/03/22;0100 UTC;0;1011,7;1011,7;1011,5;;21,8;20,8;22,2;21,7;21;20,7;95;93;94;254;1,6;,4;
2026/03/22;0200 UTC;0;1011,4;1011,8;1011,4;;21,4;20,8;21,8;21,4;21;20,7;96;94;96;264;2,1;,1;
2026/03/22;0300 UTC;0;1011,1;1011,4;1011,1;;21,2;20,7;21,4;21,2;20,9;20,7;97;96;97;268;1,6;,7;
2026/03/22;0400 UTC;0;1010,6;1011,1;1010,6;;21;20,5;21,3;21;20,8;20,5;97;97;97;259;1,9;,1;
2026/03/22;0500 UTC;0;1009,9;1010,6;1009,9;;20,8;20,4;21,1;20,7;20,6;20,3;97;97;97;254;1,4;,1;
2026/03/22;0600 UTC;0;1009,7;1009,9;1009,7;;20,5;20,2;20,9;20,5;20,4;20,1;98;97;98;262;1;0;
2026/03/22;0700 UTC;0;1010;1010;1009,6;;20,3;20;20,5;20,3;20,2;20;98;98;98;256;,9;,2;
2026/03/22;0800 UTC;0;1010;1010;1009,9;;20,2;20;20,4;20,2;20,1;20;99;98;99;244;1,1;0;
2026/03/22;0900 UTC;0;1010,2;1010,2;1010;;20;19,7;20,2;20;20;19,7;99;98;99;282;,5;0;
2026/03/22;1000 UTC;0;1010,3;1010,3;1010;102;21,1;20,9;21,1;19,9;20,9;19,7;99;99;99;259;,7;0;
2026/03/22;1100 UTC;0;1010,9;1010,9;1010,3;1015,4;26,2;23,5;26,2;21,1;24,3;20,9;99;85;85;82;1,5;,3;
2026/03/22;1200 UTC;0;1011;1011,1;1010,9;1878,3;27,6;22;28;26,2;23,5;21,9;85;71;72;48;2;,8;
2026/03/22;1300 UTC;0;1011;1011;1010,9;1710,7;28,4;22,7;28,5;26,7;23,4;20,9;81;66;71;145;2,6;1;
2026/03/22;1400 UTC;0;1010,6;1011;1010,6;3174,5;29,2;22,7;29,8;28,2;23,8;21,8;73;66;68;129;4;1,3;
2026/03/22;1500 UTC;0;1009,9;1010,6;1009,9;3397;29,5;23;29,9;29;23,4;21,8;70;63;68;318;4,9;1;
2026/03/22;1600 UTC;0;1009,3;1009,9;1009,3;3367,9;29;21,6;29,7;28,6;22,8;21;68;63;64;230;6,4;2,4;
2026/03/22;1700 UTC;0;1008,6;1009,3;1008,6;3051,9;28,9;20,7;29,3;28,6;21,7;20,5;65;60;61;245;7,4;2,3;
2026/03/22;1800 UTC;0;1008,6;1008,7;1008,4;2502,9;28,2;20,9;29,4;28,2;21,8;20,7;65;61;65;247;7,3;2,8;
2026/03/22;1900 UTC;0;1008,8;1008,8;1008,5;1253,5;27,7;21,5;28,2;27,1;21,9;20,6;70;65;69;228;6,3;1,8;
2026/03/22;2000 UTC;0;1009,2;1009,2;1008,6;741,7;26,2;21,6;27,7;26,2;21,7;21,3;76;68;76;234;7,2;2,5;
2026/03/22;2100 UTC;0;1009,5;1009,5;1009,2;157,7;25,4;21,5;26,2;25,3;21,6;21,4;79;76;79;230;7,2;1,7;
2026/03/22;2200 UTC;0;1010,2;1010,2;1009,5;;25;21,7;25,4;25;21,8;21,4;82;79;82;242;5,4;1,7;
2026/03/22;2300 UTC;0;1010,8;1010,8;1010,2;;24,4;21,5;25,1;24,4;21,8;21,5;84;81;84;250;4,4;1,1;
2026/03/23;0000 UTC;0;1011,3;1011,3;1010,8;;22,5;21;24,4;22,4;21,5;21;92;84;91;272;2,7;,6;
2026/03/23;0100 UTC;0;1011,6;1011,6;1011,3;;21,7;20,7;22,5;21,6;21;20,6;94;91;94;263;1,9;0;
2026/03/23;0200 UTC;0;1011,6;1011,8;1011,6;;21,6;20,6;21,9;21,5;20,9;20,5;95;93;94;250;2,1;1,1;
2026/03/23;0300 UTC;0;1011,6;1011,7;1011,6;;21,4;20,9;21,7;21,3;20,9;20,4;96;94;96;245;2,1;,4;
2026/03/23;0400 UTC;0;1011,5;1011,7;1011,5;;20,9;20,4;21,6;20,9;21;20,4;97;96;97;171;1,8;0;
2026/03/23;0500 UTC;0;1011;1011,5;1011;;20,7;20,4;21;20,7;20,5;20,3;98;97;98;245;1,4;,8;
2026/03/23;0600 UTC;0;1010,5;1011;1010,5;;21,2;20,8;21,2;20,7;20,9;20,4;98;98;98;243;2,1;,8;
2026/03/23;0700 UTC;0;1010,5;1010,6;1010,4;;20,6;20,2;21,2;20,6;20,9;20,2;98;98;98;245;2,1;,1;
2026/03/23;0800 UTC;0;1010,8;1010,8;1010,5;;20,2;20;20,6;20,1;20,3;19,8;98;98;98;250;1,1;0;
2026/03/23;0900 UTC;0;1011,3;1011,3;1010,8;;20;19,8;20,2;19,9;19,9;19,7;99;98;99;293;,9;0;
2026/03/23;1000 UTC;0;1011,7;1011,7;1011,3;96;20,9;20,8;20,9;19,9;20,8;19,7;99;99;99;81;2;,5;
2026/03/23;1100 UTC;0;1011,9;1011,9;1011,6;1016,6;26;22,2;26,5;20,9;23,3;21;99;78;79;120;2;,1;
2026/03/23;1200 UTC;0;1011,8;1011,9;1011,8;1544,3;26,3;21,8;27,6;26;23,1;21;80;68;76;255;1,8;,5;
2026/03/23;1300 UTC;0;1011,3;1011,8;1011,3;1884,7;27,3;21,8;28,6;26,3;22,5;20;78;62;72;100;3,8;,6;
2026/03/23;1400 UTC;0;1010,8;1011,3;1010,8;2505,8;28,1;21,7;29,1;27,3;23,6;20,6;74;62;68;171;3,9;1;
2026/03/23;1500 UTC;0;1010,1;1010,8;1010,1;1692,9;27,5;21,7;28,8;27,2;23,1;21,1;73;67;70;266;4,8;2,1;
2026/03/23;1600 UTC;0;1008,9;1010,1;1008,9;3187,9;29,1;21,4;29,9;27,5;23;21,2;72;61;63;205;5,2;1,9;
2026/03/23;1700 UTC;0;1008,2;1008,9;1008,2;3227,6;30,2;21,5;30,2;28,8;23,2;20,8;68;60;60;247;5,4;1,6;
2026/03/23;1800 UTC;0;1008,3;1008,4;1008,1;2643,2;28,5;20,4;30,3;28,3;22,5;20,3;66;57;62;235;7,3;2,3;
2026/03/23;1900 UTC;0;1008,5;1008,5;1008,2;1479,5;27,3;20,3;29,3;27,2;21,5;19,1;67;57;66;282;6,8;,5;
2026/03/23;2000 UTC;0;1008,7;1008,7;1008,4;446,3;26,5;19,8;27,3;26,1;20,9;19,4;71;65;66;26;5,9;1,5;
2026/03/23;2100 UTC;0;1008,7;1008,8;1008,6;148,5;24,6;20,3;26,6;24,5;20,3;19,6;77;66;77;296;5,9;1,1;
2026/03/23;2200 UTC;0;1009;1009;1008,7;;22,9;20,4;24,8;22,7;20,5;20;86;75;86;261;3,5;,6;
2026/03/23;2300 UTC;0;1009,2;1009,2;1009;;21,3;19,8;22,9;21,3;20,4;19,8;91;86;91;276;1,9;,1;
2026/03/24;0000 UTC;0;1010;1010;1009,2;;20,7;19,6;21,4;20,7;20;19,6;93;91;93;253;1,4;,1;
2026/03/24;0100 UTC;0;1010,1;1010,4;1009,9;;20,3;19,5;20,7;20,3;19,8;19,5;96;93;95;255;1,7;,1;
2026/03/24;0200 UTC;0;1010;1010,2;1009,9;;20,1;19,6;20,4;20,1;19,7;19,5;97;95;97;222;1,2;0;
2026/03/24;0300 UTC;0;1010,2;1010,3;1010;;19,9;19,5;20,1;19,9;19,6;19,4;97;97;97;236;1,4;,1;
2026/03/24;0400 UTC;0;1010,1;1010,4;1010,1;;19,7;19,4;19,9;19,7;19,5;19,3;98;97;98;256;1,1;,5;
2026/03/24;0500 UTC;0;1009,7;1010,2;1009,6;;19,5;19,1;19,7;19,5;19,3;19,1;98;98;98;283;1,1;,1;
2026/03/24;0600 UTC;0;1009,5;1009,8;1009,5;;19,3;19;19,5;19,2;19,1;19;98;98;98;297;1,2;,2;
2026/03/24;0700 UTC;0;1009,1;1009,5;1009,1;;19,4;19,2;19,7;19,3;19,5;19;99;98;99;258;2;0;
2026/03/24;0800 UTC;0;1009,4;1009,5;1009,1;;19,1;18,9;19,4;19,1;19,1;18,8;99;98;99;264;,9;0;
2026/03/24;0900 UTC;0;1009,6;1009,7;1009,3;;19;18,8;19,2;19;19;18,8;99;99;99;296;1,4;,2;
2026/03/24;1000 UTC;0;1009,9;1010;1009,6;90,2;20;19,9;20;19;19,9;18,8;99;99;99;276;1,2;0;
2026/03/24;1100 UTC;0;1010,6;1010,6;1009,9;990,3;25,5;22,2;25,5;20;22,9;19,9;99;81;82;47;2;1,1;
2026/03/24;1200 UTC;0;1010,6;1010,8;1010,6;1873,2;28;20,6;28;25,4;22,4;20,1;83;62;64;32;2,6;,8;
2026/03/24;1300 UTC;0;1010,2;1010,6;1010,2;2573,3;29,6;19,6;29,8;28;20,8;18,6;64;52;55;30;2,8;,5;
2026/03/24;1400 UTC;0;1009,6;1010,2;1009,6;3079,9;30,1;21,8;30,1;28,3;22,4;18,9;69;53;61;126;4,4;,9;
2026/03/24;1500 UTC;0;1008,9;1009,6;1008,9;3311,3;31,6;19;31,6;29,3;22,4;17,9;64;45;47;354;4,6;1,1;
2026/03/24;1600 UTC;0;1008,2;1008,9;1008,2;3337,5;31,1;20,4;31,8;29,5;22,4;18;63;44;53;128;6,7;1,3;
2026/03/24;1700 UTC;0;1007,3;1008,2;1007,3;2904,9;30;20,4;31,8;29,5;22,5;20,4;62;53;56;115;7,3;1,5;
2026/03/24;1800 UTC;0;1006,6;1007,3;1006,6;2529,2;29,1;20,9;30,5;29;22;20,3;63;56;62;176;7,3;3,1;
2026/03/24;1900 UTC;0;1006,8;1006,9;1006,6;1812,2;28,4;21;29,4;28,3;21,4;20,3;66;60;64;159;7,4;2,4;
2026/03/24;2000 UTC;0;1006,9;1006,9;1006,6;966;28,4;21,7;29;28,3;22,7;20,5;70;62;67;238;6,7;,5;
2026/03/24;2100 UTC;0;1007,3;1007,3;1006,9;134,9;24,8;21,9;28,4;24,8;22,2;21,3;84;67;84;255;2,1;,6;
2026/03/24;2200 UTC;0;1007,9;1007,9;1007,3;;23,1;21,5;24,8;23,1;21,9;21,5;91;84;91;236;1,6;0;
2026/03/24;2300 UTC;0;1008,7;1008,7;1007,9;;22,7;21,4;23,1;22,6;21,6;21,4;93;91;92;253;1,3;,1;
2026/03/25;0000 UTC;0;1009,3;1009,3;1008,7;;22,1;21,3;22,7;22,1;21,4;21,2;95;92;95;243;1,2;0;
2026/03/25;0100 UTC;0;1009,6;1009,6;1009,3;;22;21,5;22,2;22;21,5;21,3;97;95;97;305;1,6;0;
2026/03/25;0200 UTC;0;1010;1010;1009,5;;22,5;21,9;22,5;22;21,9;21,5;97;97;97;252;1,5;,2;
2026/03/25;0300 UTC;0;1010,4;1010,5;1010;;22,2;21,7;22,5;22,1;21,9;21,6;97;96;97;236;1;,2;
2026/03/25;0400 UTC;0;1010,3;1010,4;1010,3;;21,8;21,3;22,2;21,8;21,7;21,3;98;97;97;226;1,2;,3;
2026/03/25;0500 UTC;0;1010,2;1010,4;1010,1;;21,4;21,1;21,8;21,4;21,4;21,1;98;97;98;228;1,2;,1;
2026/03/25;0600 UTC;0;1010,4;1010,4;1010,2;;21,2;20,9;21,5;21,2;21,2;20,9;98;98;98;273;1,1;0;
2026/03/25;0700 UTC;0;1010,1;1010,4;1010,1;;21,1;20,8;21,2;21;20,9;20,7;98;98;98;237;1;,2;
2026/03/25;0800 UTC;0;1010,8;1010,8;1010;;20,9;20,7;21,2;20,8;20,9;20,5;99;98;99;251;1,4;,5;
2026/03/25;0900 UTC;0;1011,4;1011,4;1010,8;;20,9;20,6;21,1;20,9;20,9;20,6;99;99;99;269;1,6;,1;
2026/03/25;1000 UTC;0;1011,8;1011,8;1011,3;87,9;22,3;21,9;23;20,8;22,8;20,6;99;97;98;287;3,2;,3;
2026/03/25;1100 UTC;0;1012,2;1012,2;1011,8;976,8;27,4;24,5;27,5;22,3;24,5;21,9;98;82;84;15;3;0;
2026/03/25;1200 UTC;0;1012,6;1012,6;1012,2;1868,3;30,1;19,9;30,4;27,3;24,7;19,9;84;55;55;85;3,1;1,3;
2026/03/25;1300 UTC;0;1012,7;1012,9;1012,6;2543,9;31,9;21;31,9;30;21,5;19,9;60;51;53;45;5,2;1;
2026/03/25;1400 UTC;0;1012,2;1012,8;1012,2;3028,3;32,8;20,2;32,8;31,8;21,8;19,4;55;46;48;30;3,9;,9;
2026/03/25;1500 UTC;0;1011,8;1012,2;1011,8;3283,2;31,3;21,9;33,3;31,1;23,4;18,4;59;41;57;137;6,3;2,4;
2026/03/25;1600 UTC;0;1011,5;1011,8;1011,5;3270,5;31,5;20,8;31,6;30,8;22,6;20;60;51;53;339;7,5;1,6;
2026/03/25;1700 UTC;0;1010,8;1011,6;1010,8;3052;31,7;20,4;32,1;30,9;21,8;20;57;50;51;286;6,6;2;
2026/03/25;1800 UTC;0;1010,7;1010,8;1010,6;2198,2;31,3;21,1;32,2;30,6;21,3;20,1;57;50;55;241;7,2;2,3;
2026/03/25;1900 UTC;0;1010,7;1010,8;1010,6;665,9;30,1;20,6;31,3;28,9;20,9;20,1;61;54;57;228;5,5;1,4;
2026/03/25;2000 UTC;0;1010,6;1010,8;1010,5;1006,9;29,2;20,5;30,3;29,2;20,8;20,3;59;56;59;271;5,5;1,8;
2026/03/25;2100 UTC;0;1011;1011;1010,6;194,3;26;21,9;29,4;26;22,1;20,3;78;58;78;290;3,4;0;
2026/03/25;2200 UTC;0;1011,4;1011,5;1010,9;;24,1;22,2;26;24,1;22,3;22;89;79;89;130;1,5;0;
2026/03/25;2300 UTC;0;1012,5;1012,5;1011,4;;23,3;22;24,1;23,3;22,2;21,9;92;89;92;249;1,1;0;
2026/03/26;0000 UTC;0;1013,1;1013,1;1012,5;;22,8;21,8;23,4;22,8;22,1;21,8;94;92;94;242;,9;,1;
2026/03/26;0100 UTC;0;1013,4;1013,5;1013;;22,6;21,9;22,8;22,5;22;21,8;96;94;96;271;1;0;
2026/03/26;0200 UTC;0;1013,4;1013,6;1013,3;;22,7;22,1;22,7;22,5;22,1;21,9;96;96;96;253;1;,3;
2026/03/26;0300 UTC;0;1013,2;1013,4;1013,2;;22,3;21,8;22,7;22,3;22,1;21,8;97;96;97;223;1,3;0;
2026/03/26;0400 UTC;0;1013;1013,2;1013;;22,2;21,8;22,3;22,2;21,9;21,8;98;97;98;227;,9;,2;
2026/03/26;0500 UTC;0;1012,7;1013;1012,7;;22,1;21,7;22,3;22,1;21,9;21,7;98;97;98;218;,9;0;
2026/03/26;0600 UTC;0;1011,8;1012,7;1011,8;;22;21,7;22,2;22;21,8;21,6;98;98;98;252;,9;,2;
2026/03/26;0700 UTC;0;1011,9;1011,9;1011,7;;21,8;21,5;22;21,7;21,7;21,4;98;98;98;268;,9;0;
2026/03/26;0800 UTC;0;1012,5;1012,5;1011,9;;21,6;21,3;21,8;21,6;21,5;21,3;98;98;98;272;0;0;
2026/03/26;0900 UTC;0;1012,8;1012,8;1012,4;;21,6;21,3;21,7;21,5;21,5;21,3;99;98;99;276;,6;0;
2026/03/26;1000 UTC;0;1013,6;1013,6;1012,8;88,4;22,4;22,2;22,4;21,5;22,2;21,3;99;99;99;292;,6;0;
2026/03/26;1100 UTC;0;1014,4;1014,4;1013,6;1006,7;27,7;24,1;27,7;22,4;25,7;22,2;99;81;81;31;,8;,1;
2026/03/26;1200 UTC;0;1014,8;1014,8;1014,4;1719,7;28;23,4;28,3;27,7;24,2;22,9;81;75;76;103;2,9;1,3;
2026/03/26;1300 UTC;0;1014,8;1014,8;1014,8;2253;29,3;23,8;29,6;28;24,6;23,2;78;71;72;120;3,8;,9;
2026/03/26;1400 UTC;0;1014,4;1014,8;1014,4;3009;30,3;23,7;30,7;29,4;24,2;22,7;72;65;68;154;3,8;1,8;
2026/03/26;1500 UTC;0;1013,8;1014,4;1013,8;3270,7;31,2;23,2;31,3;30;24,4;22,4;68;61;63;140;4,8;1,3;
2026/03/26;1600 UTC;0;1013,3;1013,8;1013,3;3178,8;29,8;23,6;31,2;29,3;24,1;22,5;69;61;69;65;7;1,9;
2026/03/26;1700 UTC;0;1012,7;1013,3;1012,6;2977,5;30,4;22,2;30,6;29,2;23,5;21,7;69;60;62;281;5,6;1,9;
2026/03/26;1800 UTC;0;1012,4;1012,7;1012,3;2394,4;29,6;21,9;30,7;29,6;23,3;21,9;66;61;63;242;5,6;2,3;
2026/03/26;1900 UTC;0;1012,2;1012,5;1012,2;1617,7;29,7;21,5;30,1;29,3;22,3;21,2;65;61;62;245;6,8;2,6;
2026/03/26;2000 UTC;0;1012;1012,3;1012;854,1;29,2;21,1;29,9;29,1;21,8;20,8;63;60;62;243;6,7;1,7;
2026/03/26;2100 UTC;0;1012,3;1012,3;1012;131;26,1;21,9;29,2;26,1;21,9;20,9;78;61;78;235;4,4;1,1;
2026/03/26;2200 UTC;0;1012,9;1012,9;1012,3;;24,5;22,2;26;24,5;22,3;21,9;87;78;87;231;2,9;0;
2026/03/26;2300 UTC;0;1013,6;1013,6;1012,8;;23,8;22;24,5;23,8;22,4;22;90;87;90;250;1,8;,4;
2026/03/27;0000 UTC;0;1014,2;1014,2;1013,6;;23,2;22,1;23,8;23,2;22,2;22;93;90;93;277;1,7;,1;
2026/03/27;0100 UTC;0;1014,4;1014,4;1014,2;;23,2;22,3;23,2;23;22,4;21,9;95;93;95;249;,9;,1;
2026/03/27;0200 UTC;0;1014,4;1014,5;1014,4;;22,9;22,3;23,2;22,9;22,3;22,2;96;95;96;258;,8;0;
2026/03/27;0300 UTC;0;1014,3;1014,5;1014,2;;22,7;22,2;23;22,6;22,4;22,1;97;96;97;252;,6;0;
2026/03/27;0400 UTC;0;1014;1014,3;1014;;22,3;21,9;22,7;22,3;22,2;21,9;98;97;98;241;,7;0;
2026/03/27;0500 UTC;0;1013,8;1014;1013,8;;22,1;21,8;22,3;22,1;21,9;21,7;98;98;98;238;,8;0;
2026/03/27;0600 UTC;0;1013,5;1013,8;1013,5;;21,8;21,5;22,2;21,8;21,8;21,5;98;98;98;254;,5;0;
2026/03/27;0700 UTC;0;1013,8;1013,8;1013,5;;21,7;21,4;21,8;21,6;21,5;21,3;98;98;98;250;,6;,1;
2026/03/27;0800 UTC;0;1013,9;1013,9;1013,8;;21,5;21,3;21,7;21,5;21,4;21,2;99;98;99;258;1,2;0;
2026/03/27;0900 UTC;0;1014,6;1014,6;1013,9;;21,4;21,2;21,5;21,3;21,3;21;99;99;99;233;,7;,1;
2026/03/27;1000 UTC;0;1015,2;1015,2;1014,6;100,4;22,4;22,2;22,4;21,3;22,2;21,1;99;99;99;190;1,1;0;
2026/03/27;1100 UTC;0;1016,2;1016,2;1015,2;982;26,8;23,3;26,8;22,4;24,8;22,2;99;81;81;5;3,3;,7;
2026/03/27;1200 UTC;0;1016,6;1016,6;1016,2;1787,7;28,5;23,5;28,7;26,8;23,9;22,6;81;71;74;45;2,6;,6;
2026/03/27;1300 UTC;0;1016,6;1016,7;1016,6;2346,8;29,7;22,2;29,9;28,4;23,8;21,7;75;63;64;54;1,9;,5;
2026/03/27;1400 UTC;0;1016,5;1016,8;1016,5;2599,4;28,9;23,2;29,7;27,9;23,8;22,2;76;64;72;131;6,1;1,2;
2026/03/27;1500 UTC;0;1016;1016,5;1016;3288,4;28,1;22,2;29,2;28,1;23,7;21,9;74;68;70;310;8,2;1,7;
2026/03/27;1600 UTC;0;1014,9;1016;1014,9;3272,8;29,1;22,5;29,6;27,9;23,4;21,7;72;65;68;332;6,4;1,2;
2026/03/27;1700 UTC;0;1014,4;1014,9;1014,4;2959,3;29;21,8;29,7;28,7;22,8;21,2;68;62;65;250;6,6;3,1;
2026/03/27;1800 UTC;0;1014,1;1014,5;1014,1;2360;30;21,1;30,1;28,8;22,2;20,6;67;58;59;226;6,1;1,6;
2026/03/27;1900 UTC;0;1014,2;1014,2;1014;1727;29,9;21,5;30,3;29,8;21,9;20,5;62;57;61;234;5,3;1,6;
2026/03/27;2000 UTC;0;1014,3;1014,3;1014,1;859,5;28,4;21,6;29,9;28,3;21,8;21,3;67;61;67;244;4,7;1,5;
2026/03/27;2100 UTC;0;1014,6;1014,6;1014,3;130,4;26,3;21,8;28,4;26,3;22;21,4;76;67;76;273;5,2;,8;
2026/03/27;2200 UTC;0;1015,3;1015,4;1014,6;;25,1;21,6;27,1;25,1;22,1;21,3;81;72;81;271;5,4;,5;
2026/03/27;2300 UTC;0;1016,2;1016,2;1015,4;;23,6;21,9;25,1;23,5;22;21,7;90;81;90;266;1,7;,2;
2026/03/28;0000 UTC;0;1016,6;1016,6;1016,2;;23,3;21,8;24,8;23,2;22,3;21,6;92;85;92;238;4,7;,5;
2026/03/28;0100 UTC;0;1016,9;1016,9;1016,6;;22,7;21,2;23,7;22,7;22;21,2;92;90;92;236;2,1;,3;
2026/03/28;0200 UTC;0;1016,8;1016,9;1016,8;;22,2;21,2;23;22,1;21,5;21;94;91;94;243;2,1;,4;
2026/03/28;0300 UTC;0;1016,7;1016,8;1016,7;;21,9;20,9;22,4;21,9;21,4;20,9;94;93;94;256;1,9;,3;
2026/03/28;0400 UTC;0;1016,1;1016,7;1016,1;;21,6;21;22;21,5;21;20,8;96;94;96;250;1,6;,3;
2026/03/28;0500 UTC;0;1015,8;1016,2;1015,8;;21,5;20,8;22,1;21,4;21,3;20,6;96;94;95;229;1,7;,5;
2026/03/28;0600 UTC;0;1015,6;1015,8;1015,6;;21,1;20,5;21,6;21;20,8;20,4;97;95;97;226;1,6;,2;
2026/03/28;0700 UTC;0;1015,5;1015,6;1015,4;;20,9;20,4;21,3;20,9;20,8;20,4;97;96;97;249;1,9;,9;
2026/03/28;0800 UTC;0;1016;1016;1015,5;;21;20,6;21,2;20,8;20,7;20,3;98;97;98;279;1,6;,2;
2026/03/28;0900 UTC;0;1016,4;1016,4;1016;;20,8;20,5;21;20,7;20,6;20,4;98;97;98;253;1,8;,3;
2026/03/28;1000 UTC;0;1017;1017;1016,4;87,4;21,7;21,4;21,7;20,8;21,4;20,5;98;98;98;18;1,4;0;
2026/03/28;1100 UTC;0;1017,9;1017,9;1017;1004,1;26,5;22,4;26,6;21,7;24;21,4;98;78;78;23;1,8;,3;
2026/03/28;1200 UTC;0;1018;1018;1017,9;1872,9;28,1;20,9;28,3;26,4;23,3;20,4;79;63;65;289;2,1;,4;
2026/03/28;1300 UTC;0;1017,8;1018;1017,8;2356,8;29,8;21,1;29,8;27,8;21,6;19,8;67;58;60;13;3,3;,8;
2026/03/28;1400 UTC;0;1017,7;1017,9;1017,6;2909;29,4;21,5;30,2;29,2;22,6;19,6;66;54;63;96;5,6;1;
2026/03/28;1500 UTC;0;1016,9;1017,7;1016,9;2111,8;28,4;22,2;29,4;27,2;22,5;21;72;63;69;160;5,6;1,6;
2026/03/28;1600 UTC;0;1016;1016,9;1015,9;3277,6;29,8;22,3;29,9;28,4;23,4;21,3;70;63;64;226;5,4;1;
2026/03/28;1700 UTC;0;1015,2;1015,9;1015,2;3037,7;29,1;22,5;29,9;29;22,8;21,6;68;63;67;211;6,8;2,5;
2026/03/28;1800 UTC;0;1014,8;1015,2;1014,8;2491;28,6;22,1;29,2;28,4;22,9;21,9;70;67;68;210;6,5;2,2;
2026/03/28;1900 UTC;0;1014,8;1014,9;1014,6;1783;28,5;22,1;29,1;28,5;22,6;21,7;69;66;68;244;6,5;2,6;
2026/03/28;2000 UTC;0;1015,3;1015,3;1014,8;1036,3;27,7;21,9;28,7;27,7;22,6;21,8;71;67;71;204;5,4;1,6;
2026/03/28;2100 UTC;0;1015,5;1015,5;1015,3;139,7;26,3;20,9;27,8;26,2;22;20,9;75;71;72;235;4,6;1;
2026/03/28;2200 UTC;0;1016,2;1016,2;1015,5;;24,7;21;26,8;24,7;21,1;20,7;80;69;80;261;3,8;,4;
2026/03/28;2300 UTC;0;1017,1;1017,1;1016,2;;23,1;21,3;24,7;22,9;21,3;21;90;80;90;281;1,7;,8;
2026/03/29;0000 UTC;0;1017,5;1017,5;1017,1;;22,1;21;23,1;22,1;21,3;20,9;93;90;93;224;1,7;,2;
2026/03/29;0100 UTC;0;1017,6;1017,7;1017,5;;22,1;20,8;22,4;22;21,1;20,8;93;92;92;254;1,8;,3;
2026/03/29;0200 UTC;0;1017,7;1017,8;1017,6;;21,8;21;22,1;21,8;21,1;20,7;95;92;95;211;1,7;,2;
2026/03/29;0300 UTC;0;1017,4;1017,7;1017,4;;21,8;21;22;21,6;21,2;20,8;96;95;96;260;1,7;,5;
2026/03/29;0400 UTC;0;1016,3;1017,5;1016,3;;21,3;20,7;21,8;21,3;21,1;20,6;97;95;97;246;1,9;,5;
2026/03/29;0500 UTC;0;1016;1016,4;1015,9;;21;20,6;21,4;20,9;20,8;20,4;98;97;98;261;1,5;,3;
2026/03/29;0600 UTC;0;1015,5;1016;1015,5;;20,8;20,4;21,1;20,8;20,7;20,4;98;97;98;296;1,5;,1;
2026/03/29;0700 UTC;0;1015,6;1015,6;1015,4;;20,8;20,5;21;20,7;20,7;20,3;98;98;98;256;1,6;,4;
2026/03/29;0800 UTC;0;1015,5;1015,7;1015,4;;20,6;20,2;21,1;20,6;20,7;20,2;98;98;98;176;2,3;0;
2026/03/29;0900 UTC;0;1015,9;1015,9;1015,5;;20,1;19,8;20,6;20,1;20,3;19,8;98;98;98;265;1,5;,1;
2026/03/29;1000 UTC;0;1016,1;1016,1;1015,9;79,8;20,7;20,4;20,7;20;20,4;19,7;98;98;98;50;,8;0;
2026/03/29;1100 UTC;0;1016,7;1016,7;1016,1;1015,4;26;21,7;26;20,7;23,6;20,4;99;77;77;319;2,4;,4;
2026/03/29;1200 UTC;0;1017,1;1017,2;1016,7;1864,8;27,3;20,3;27,9;26;22,2;20,3;77;66;66;262;3,4;,5;
2026/03/29;1300 UTC;0;1016,6;1017,1;1016,6;2387,4;28,3;20;29,1;27,3;21,9;19,8;69;59;61;197;2,3;,9;
2026/03/29;1400 UTC;0;1016,1;1016,6;1016,1;3009,3;28,2;21,2;29,1;28;22,4;19,5;70;59;66;104;4,4;1,9;
2026/03/29;1500 UTC;0;1015,2;1016,1;1015,2;3306,9;29,1;20,6;29,5;28;22,1;20,2;68;58;60;219;4,5;1,1;
2026/03/29;1600 UTC;0;1014,6;1015,2;1014,6;3295,8;29,1;20,3;29,7;28,6;21,9;20;65;57;59;182;5,2;1,5;
2026/03/29;1700 UTC;0;1014;1014,6;1014;3040,2;28,4;20,4;29,1;28;21,5;19,9;66;59;62;264;5,3;1,6;
2026/03/29;1800 UTC;0;1013,1;1014;1013,1;2531,5;28,7;21;28,9;28,2;21,5;20,3;66;60;63;312;4,7;1,3;
2026/03/29;1900 UTC;0;1013,2;1013,2;1012,9;1812,6;27,4;20,5;28,8;27,4;21,3;20;67;60;66;210;7;2,4;
2026/03/29;2000 UTC;0;1013,8;1013,9;1013,1;941,5;25,6;20,9;27,3;25,6;21;20,6;75;66;75;241;7,8;2,7;
2026/03/29;2100 UTC;0;1013,7;1013,8;1013,5;118,6;24,8;21,4;25,6;24,8;21,5;20,9;82;75;82;261;7,8;2,4;
2026/03/29;2200 UTC;0;1014,4;1014,4;1013,7;;24,7;21,7;24,8;24,6;21,7;21,5;84;82;84;262;5;2,2;
2026/03/29;2300 UTC;0;1015;1015;1014,4;;24,2;21,7;24,8;24,2;22;21,7;86;84;86;214;4,6;,8;
2026/03/30;0000 UTC;0;1015,4;1015,4;1015;;23,2;21,8;24,9;23,1;21,9;21,4;92;83;92;260;4,8;,2;
2026/03/30;0100 UTC;0;1015,4;1015,6;1015,4;;22,2;21,2;23,2;22,2;21,8;21,2;94;92;94;253;1,6;0;
2026/03/30;0200 UTC;0;1015,6;1015,6;1015,4;;21,6;21;22,2;21,6;21,3;21;96;94;96;230;,8;0;
2026/03/30;0300 UTC;0;1015,2;1015,6;1015,2;;21,2;20,7;21,6;21,2;21,1;20,7;97;96;97;314;1,1;0;
2026/03/30;0400 UTC;0;1014,4;1015,2;1014,4;;21,2;20,7;21,3;21,2;20,9;20,7;98;97;97;244;,6;0;
2026/03/30;0500 UTC;0;1014;1014,4;1014;;21,5;21,1;21,5;21,1;21,2;20,7;98;97;98;293;1;,1;
2026/03/30;0600 UTC;0;1013,3;1014;1013,3;;21,6;21,2;21,6;21,3;21,3;20,9;98;98;98;262;,9;0;
2026/03/30;0700 UTC;0;1012,7;1013,3;1012,7;;21,1;20,8;21,7;21,1;21,3;20,8;98;98;98;250;,5;0;
2026/03/30;0800 UTC;0;1012,6;1012,8;1012,5;;20,7;20,5;21,1;20,7;20,8;20,4;99;98;98;242;,7;,1;
2026/03/30;0900 UTC;0;1013;1013;1012,5;;20,8;20,6;20,9;20,7;20,7;20,5;99;98;99;252;1;0;
2026/03/30;1000 UTC;0;1012,9;1013;1012,8;108,6;21,6;21,4;21,6;20,8;21,4;20,6;99;99;99;273;1;0;
2026/03/30;1100 UTC;0;1013;1013;1012,8;867,6;26,4;23,1;26,4;21,6;24,1;21,4;99;82;82;26;2,2;,6;
2026/03/30;1200 UTC;0;1013,2;1013,2;1013;1863,3;27,7;22,3;28,2;26,3;23,4;22,1;83;71;73;142;2,5;,8;
2026/03/30;1300 UTC;0;1013,1;1013,3;1013,1;2069,1;27,4;22,5;28,2;27;23,7;22,4;80;73;75;144;3,9;1,3;
2026/03/30;1400 UTC;0;1012,6;1013,2;1012,6;2879,3;27,6;21,9;28,4;27,4;23,5;21,8;77;70;71;126;5;1,4;
2026/03/30;1500 UTC;0;1012,1;1012,6;1012;2789,8;28,9;21,9;29;27,5;23,5;21,3;75;66;66;146;4,9;1,5;
2026/03/30;1600 UTC;0;1011,4;1012,1;1011,4;2390,3;28,1;21,4;28,9;27,9;22,4;21;69;64;67;266;5,6;2;
2026/03/30;1700 UTC;0;1010,7;1011,4;1010,6;2871,5;28,3;21,6;28,3;27,5;22,1;20,7;71;65;67;266;5,5;1,6;
2026/03/30;1800 UTC;0;1010,6;1010,7;1010,5;2537,8;27,5;19,6;28,6;27,1;21,3;19,6;67;61;62;250;7,3;3,2;
2026/03/30;1900 UTC;0;1010,5;1010,7;1010,5;1268,5;26,4;19,6;27,4;26,2;20,2;19;69;62;66;250;7,4;2,4;
2026/03/30;2000 UTC;0;1010,4;1010,6;1010,4;697,2;25,8;19,5;26,5;25,8;20;19,2;69;65;68;242;6,4;1,9;
2026/03/30;2100 UTC;0;1011,2;1011,2;1010,4;124,6;24,8;20,6;25,8;24,8;20,7;19,6;78;68;77;228;5,4;1,1;
2026/03/30;2200 UTC;0;1011,5;1011,6;1011,2;;23,4;21;25,1;23,4;21,1;20,6;86;77;86;233;3,2;,8;
2026/03/30;2300 UTC;0;1011,9;1011,9;1011,5;;23,4;21,3;23,9;23,3;21,3;20,8;88;84;88;289;3,1;0;
2026/03/31;0000 UTC;0;1012;1012;1011,9;;22,8;21,3;23,6;22,8;21,5;21,2;91;88;91;224;1,8;0;
2026/03/31;0100 UTC;0;1011,6;1012;1011,6;;22,2;21,1;22,8;22,2;21,3;21;93;91;93;253;1,3;,1;
2026/03/31;0200 UTC;0;1011,4;1011,6;1011,4;;21,8;21,1;22,2;21,7;21,1;20,9;96;93;96;222;1;,1;
2026/03/31;0300 UTC;0;1011,1;1011,5;1011;;21,5;21;21,8;21,4;21,1;20,8;97;96;97;248;,8;0;
2026/03/31;0400 UTC;0;1010,3;1011,1;1010,3;;21,3;20,8;21,5;21,2;21;20,8;97;97;97;285;1;0;
2026/03/31;0500 UTC;0;1009,4;1010,3;1009,4;;21,6;20,9;21,7;21,3;21,1;20,7;97;96;96;242;1,9;,1;
2026/03/31;0600 UTC;0;1009;1009,4;1009;;21,8;21,2;21,8;21,5;21,2;20,8;97;96;96;265;1,4;0;
2026/03/31;0700 UTC;0;1008,8;1009;1008,7;;22;21,4;22;21,8;21,4;21,2;97;96;97;257;,6;,1;
2026/03/31;0800 UTC;0;1008,9;1008,9;1008,7;;22;21,5;22,2;22;21,7;21,4;97;97;97;206;,7;0;
2026/03/31;0900 UTC;0;1009,3;1009,3;1008,9;;21,6;21,2;22;21,6;21,5;21,2;98;97;98;213;,6;0;
2026/03/31;1000 UTC;0;1009,8;1009,8;1009,3;142,4;22,5;22,2;22,5;21,5;22,2;21,2;98;98;98;230;,9;0;
2026/03/31;1100 UTC;0;1010,3;1010,3;1009,8;793,7;25,6;23;25,7;22,5;23,6;22,2;98;83;85;113;1,3;,2;
2026/03/31;1200 UTC;0;1010,6;1010,6;1010,2;1586,3;25,3;22,3;26,2;25,3;23,1;22,1;86;80;83;254;4,9;1,9;
2026/03/31;1300 UTC;0;1010,7;1010,7;1010,5;1694,6;25,3;22,4;26,5;25,3;23;22,2;85;80;84;66;5,2;1;
2026/03/31;1400 UTC;0;1011;1011;1010,6;573,5;24;21,5;25,3;24;22,5;21,5;86;84;86;296;4,5;1,5;
2026/03/31;1500 UTC;0;1010,8;1011;1010,8;344,9;23,2;21,1;24,1;23;21,7;21,1;90;86;88;270;6,3;2,2;
2026/03/31;1600 UTC;0;1009,8;1010,8;1009,8;740,2;23,5;21,2;23,6;23,1;21,2;20,9;88;86;87;249;5,8;1,7;
2026/03/31;1700 UTC;0;1009,5;1009,8;1009,4;472,5;22,9;21;23,9;22,9;21,4;20,8;89;85;89;268;5,4;1;
2026/03/31;1800 UTC;1,8;1009,9;1009,9;1009,4;85,5;22,2;21,3;22,9;22,1;21,4;20,9;95;89;95;235;4,3;1,2;
2026/03/31;1900 UTC;4;1010;1010,1;1009,7;19,8;21,9;21,4;22,2;21,8;21,5;21,2;97;94;97;117;2,6;,2;
2026/03/31;2000 UTC;2,8;1009,4;1010,1;1009,4;63,4;22;21,6;22,1;21,8;21,7;21,4;98;97;98;245;1,2;0;
2026/03/31;2100 UTC;,2;1009,9;1010;1009,4;51,2;22,2;21,9;22,3;22;22;21,6;98;98;98;297;2,1;,2;
2026/03/31;2200 UTC;0;1010,7;1010,7;1009,9;;22,6;22;22,9;22,2;22,3;21,9;98;96;96;259;2,6;,7;
2026/03/31;2300 UTC;0;1011;1011;1010,7;;22,2;21,8;22,7;22,2;22,1;21,8;98;96;98;279;2,7;,5;
